{"600.0": {"exp-2": 0.12077636718750001, "exp-1": 0.16240425109863282, "exp0": 0.22734375, "exp+1": 0.32340116500854493, "exp+2": 0.4448428153991699, "obs": 0.20921690503899845}, "80.0": {"exp-2": 0.0016045093536376954, "exp-1": 0.0021725531667470934, "exp0": 0.00308837890625, "exp+1": 0.004479455202817917, "exp+2": 0.006292620301246644, "obs": 0.003286490423768559}, "70.0": {"exp-2": 0.0017757415771484375, "exp-1": 0.0024044066667556763, "exp0": 0.00341796875, "exp+1": 0.0049506880342960365, "exp+2": 0.006933290511369705, "obs": 0.0035264396452253047}, "90.0": {"exp-2": 0.0015918254852294923, "exp-1": 0.002143877744674683, "exp0": 0.00306396484375, "exp+1": 0.004437937960028649, "exp+2": 0.0062342587858438495, "obs": 0.0032325446409235945}, "150.0": {"exp-2": 0.0018201351165771486, "exp-1": 0.0024645168334245684, "exp0": 0.0035034179687500003, "exp+1": 0.005081437528133392, "exp+2": 0.007132827490568161, "obs": 0.0036402771506878952}, "300.0": {"exp-2": 0.004562187194824219, "exp-1": 0.006152249872684479, "exp0": 0.0087158203125, "exp+1": 0.012502658367156983, "exp+2": 0.017342805862426758, "obs": 0.006807499538709665}, "400.0": {"exp-2": 0.01040191650390625, "exp-1": 0.013915431499481202, "exp0": 0.019580078125, "exp+1": 0.027931109070777893, "exp+2": 0.038549774885177614, "obs": 0.013436711550879214}, "190.0": {"exp-2": 0.0021816253662109374, "exp-1": 0.002953985333442688, "exp0": 0.00419921875, "exp+1": 0.006090642884373665, "exp+2": 0.008562495559453964, "obs": 0.004461292634473492}, "450.0": {"exp-2": 0.0176910400390625, "exp-1": 0.023666644096374513, "exp0": 0.03330078125, "exp+1": 0.047371044754981995, "exp+2": 0.0652121663093567, "obs": 0.022341919261912074}, "100.0": {"exp-2": 0.001598167419433594, "exp-1": 0.002152419090270996, "exp0": 0.0030761718750000003, "exp+1": 0.004455618932843209, "exp+2": 0.006259096413850785, "obs": 0.003277095566165093}, "170.0": {"exp-2": 0.002004051208496094, "exp-1": 0.0026990652084350588, "exp0": 0.003857421875, "exp+1": 0.005587204918265343, "exp+2": 0.00784870833158493, "obs": 0.003962910766404068}, "250.0": {"exp-2": 0.0032075881958007813, "exp-1": 0.004325531423091888, "exp0": 0.0061279296875, "exp+1": 0.008851449936628342, "exp+2": 0.012357550114393235, "obs": 0.005617362337106251}, "85.0": {"exp-2": 0.001610851287841797, "exp-1": 0.002181140333414078, "exp0": 0.0031005859375000003, "exp+1": 0.004490981251001358, "exp+2": 0.006303950399160385, "obs": 0.003295747659248045}, "350.0": {"exp-2": 0.006759166717529297, "exp-1": 0.00907832756638527, "exp0": 0.0128173828125, "exp+1": 0.018335171043872833, "exp+2": 0.025329598784446718, "obs": 0.009378916586730825}, "650.0": {"exp-2": 0.2357421875, "exp-1": 0.3153701782226563, "exp0": 0.44375000000000003, "exp+1": 0.629474687576294, "exp+2": 0.8635841369628907, "obs": 0.2972498911473669}, "95.0": {"exp-2": 0.0015918254852294923, "exp-1": 0.002143877744674683, "exp0": 0.00306396484375, "exp+1": 0.004437937960028649, "exp+2": 0.0062342587858438495, "obs": 0.003261301708402147}, "75.0": {"exp-2": 0.0016932964324951174, "exp-1": 0.0022927735000848773, "exp0": 0.0032592773437500003, "exp+1": 0.004727330431342125, "exp+2": 0.006635766476392746, "obs": 0.0034380439430555573}, "130.0": {"exp-2": 0.0017123222351074219, "exp-1": 0.0023185350000858307, "exp0": 0.0032958984375, "exp+1": 0.004780446365475655, "exp+2": 0.0067052066326141364, "obs": 0.003455670329745646}, "120.0": {"exp-2": 0.0016996383666992188, "exp-1": 0.0023013606667518617, "exp0": 0.003271484375, "exp+1": 0.004745035618543625, "exp+2": 0.006650456786155701, "obs": 0.0034517610828726677}, "110.0": {"exp-2": 0.0016045093536376954, "exp-1": 0.0021725531667470934, "exp0": 0.00308837890625, "exp+1": 0.004479455202817917, "exp+2": 0.006292620301246644, "obs": 0.0032855780643021785}, "550.0": {"exp-2": 0.059765625, "exp-1": 0.0799530029296875, "exp0": 0.1125, "exp+1": 0.16003355979919434, "exp+2": 0.22012841701507568, "obs": 0.10215858767026825}, "60.0": {"exp-2": 0.0019247770309448243, "exp-1": 0.0026062050834298137, "exp0": 0.003704833984375, "exp+1": 0.005358808115124703, "exp+2": 0.007493191957473755, "obs": 0.0037970276055389537}, "500.0": {"exp-2": 0.031231689453125003, "exp-1": 0.04178099632263184, "exp0": 0.0587890625, "exp+1": 0.083628648519516, "exp+2": 0.11503238677978517, "obs": 0.04505544522416183}}