{"600.0": {"exp-2": 0.003915023803710937, "exp-1": 0.0053229123353958135, "exp+2": 0.01568700820207596, "exp+1": 0.011058129370212555, "exp0": 0.0075927734375, "obs": 0.003972898051960223}, "80.0": {"exp-2": 0.005599594116210938, "exp-1": 0.007766103744506836, "exp+2": 0.024040667712688448, "exp+1": 0.016818836331367493, "exp0": 0.011376953125, "obs": 0.008959759944445856}, "70.0": {"exp-2": 0.005827903747558594, "exp-1": 0.008129723370075226, "exp+2": 0.024984730780124666, "exp+1": 0.017504581809043886, "exp0": 0.0118408203125, "obs": 0.009557011709340788}, "90.0": {"exp-2": 0.005611610412597657, "exp-1": 0.007782769203186036, "exp+2": 0.024105748534202578, "exp+1": 0.01687765121459961, "exp0": 0.0114013671875, "obs": 0.009295275093053458}, "150.0": {"exp-2": 0.0059295654296875, "exp-1": 0.007954025268554687, "exp+2": 0.023169203102588656, "exp+1": 0.016430571675300598, "exp0": 0.011328125000000001, "obs": 0.00786203914647114}, "1600.0": {"exp-2": 0.00654296875, "exp-1": 0.00877685546875, "exp+2": 0.025713402032852176, "exp+1": 0.018180111050605775, "exp0": 0.012499999999999999, "obs": 0.0084138739400928}, "300.0": {"exp-2": 0.0051116943359375, "exp-1": 0.0068569183349609375, "exp+2": 0.019973450899124147, "exp+1": 0.014164285361766817, "exp0": 0.009765625, "obs": 0.0068394989845532205}, "900.0": {"exp-2": 0.0024673461914062503, "exp-1": 0.0033365249633789066, "exp+2": 0.009983485192060472, "exp+1": 0.007007258385419846, "exp0": 0.00478515625, "obs": 0.003751143001897469}, "350.0": {"exp-2": 0.005809211730957032, "exp-1": 0.007865844666957856, "exp+2": 0.022966794669628143, "exp+1": 0.01626267731189728, "exp0": 0.011181640625000001, "obs": 0.006100963162827613}, "190.0": {"exp-2": 0.005593585968017578, "exp-1": 0.007573881000280381, "exp+2": 0.02200729697942734, "exp+1": 0.015594667196273804, "exp0": 0.0107666015625, "obs": 0.007587085079225187}, "450.0": {"exp-2": 0.005022811889648438, "exp-1": 0.006801036000251771, "exp+2": 0.019860762357711795, "exp+1": 0.014041911065578462, "exp0": 0.00966796875, "obs": 0.005147753997091594}, "1400.0": {"exp-2": 0.0017749786376953125, "exp-1": 0.0024002552032470707, "exp+2": 0.0071819968521595005, "exp+1": 0.005040935799479485, "exp0": 0.0034423828125000003, "obs": 0.002153996748709588}, "100.0": {"exp-2": 0.005555152893066406, "exp-1": 0.007783810794353485, "exp+2": 0.02407146841287613, "exp+1": 0.016841509938240053, "exp0": 0.011376953125, "obs": 0.008757774681060662}, "170.0": {"exp-2": 0.005737876892089844, "exp-1": 0.007696890830993653, "exp+2": 0.022389474511146548, "exp+1": 0.015877562761306762, "exp0": 0.010961914062500001, "obs": 0.007741321933971672}, "250.0": {"exp-2": 0.005328941345214844, "exp-1": 0.007148337364196778, "exp+2": 0.020793789625167848, "exp+1": 0.014745977520942689, "exp0": 0.0101806640625, "obs": 0.007149397287814986}, "1100.0": {"exp-2": 0.0016239166259765627, "exp-1": 0.0021959781646728516, "exp+2": 0.006607381999492646, "exp+1": 0.004624473676085472, "exp0": 0.0031494140625, "obs": 0.0023442189510020925}, "1300.0": {"exp-2": 0.0014004707336425781, "exp-1": 0.0018938183784484863, "exp+2": 0.005678276345133782, "exp+1": 0.003982747346162796, "exp0": 0.002716064453125, "obs": 0.0016849359497839965}, "400.0": {"exp-2": 0.005352592468261719, "exp-1": 0.0072475686669349676, "exp+2": 0.02113278955221176, "exp+1": 0.014963854849338532, "exp0": 0.010302734375, "obs": 0.0055722732461573}, "650.0": {"exp-2": 0.0036529541015625, "exp-1": 0.004919815063476563, "exp+2": 0.014596094191074372, "exp+1": 0.01028236597776413, "exp0": 0.00703125, "obs": 0.0037315792447107803}, "800.0": {"exp-2": 0.003021240234375, "exp-1": 0.004085540771484375, "exp+2": 0.012165316939353944, "exp+1": 0.00855696052312851, "exp0": 0.005859375, "obs": 0.004448948700516881}, "1200.0": {"exp-2": 0.0013689994812011719, "exp-1": 0.0018512606620788574, "exp+2": 0.005571085959672928, "exp+1": 0.003893247246742249, "exp0": 0.002655029296875, "obs": 0.0019615067076704184}, "1000.0": {"exp-2": 0.002033042907714844, "exp-1": 0.0027492284774780274, "exp+2": 0.008227507770061494, "exp+1": 0.005765979737043381, "exp0": 0.0039428710937500005, "obs": 0.002950116082400282}, "120.0": {"exp-2": 0.005333328247070313, "exp-1": 0.007506713271141052, "exp+2": 0.023132415115833284, "exp+1": 0.016277456283569337, "exp0": 0.0110107421875, "obs": 0.007742157221960178}, "60.0": {"exp-2": 0.0058135986328125, "exp-1": 0.008028030395507812, "exp+2": 0.024727156758308413, "exp+1": 0.01732412278652191, "exp0": 0.01171875, "obs": 0.009344756590729567}, "550.0": {"exp-2": 0.0041793823242187505, "exp-1": 0.005682337284088135, "exp+2": 0.01681617796421051, "exp+1": 0.011837128549814224, "exp0": 0.00810546875, "obs": 0.004321763660852432}, "700.0": {"exp-2": 0.0033863067626953127, "exp-1": 0.00460406243801117, "exp+2": 0.013607005774974824, "exp+1": 0.009577837586402894, "exp0": 0.0065673828125000005, "obs": 0.0034579200974598893}, "500.0": {"exp-2": 0.004604244232177735, "exp-1": 0.006201016902923584, "exp+2": 0.018271589279174806, "exp+1": 0.01288941502571106, "exp0": 0.008862304687500001, "obs": 0.0047055383404862}}