{"600.0": {"exp-2": 0.0026255607604980472, "exp-1": 0.003555087000131607, "exp0": 0.005053710937500001, "exp+1": 0.007319945842027664, "exp+2": 0.010274942964315414, "obs": 0.0038455705348340013}, "80.0": {"exp-2": 0.004013442993164063, "exp-1": 0.005598613619804383, "exp0": 0.008154296875, "exp+1": 0.011957191675901414, "exp+2": 0.016846981644630433, "obs": 0.006290092233851888}, "70.0": {"exp-2": 0.004045295715332031, "exp-1": 0.005618272721767426, "exp0": 0.008154296875, "exp+1": 0.011940940469503404, "exp+2": 0.01682436615228653, "obs": 0.0063120671804145385}, "90.0": {"exp-2": 0.00394134521484375, "exp-1": 0.005498039722442627, "exp0": 0.008007812500000001, "exp+1": 0.011726432293653489, "exp+2": 0.016522131860256195, "obs": 0.006199783065374706}, "150.0": {"exp-2": 0.004025459289550781, "exp-1": 0.005399823188781738, "exp0": 0.0076904296875, "exp+1": 0.011093065887689591, "exp+2": 0.015486641228199005, "obs": 0.006010743356833899}, "1400.0": {"exp-2": 0.012344741821289064, "exp-1": 0.01664726436138153, "exp0": 0.023583984375000002, "exp+1": 0.03392472863197327, "exp+2": 0.04735814929008484, "obs": 0.01884920440505844}, "300.0": {"exp-2": 0.0036804199218750003, "exp-1": 0.0049631595611572266, "exp0": 0.00703125, "exp+1": 0.010170258581638336, "exp+2": 0.014253860712051392, "obs": 0.005709865265730591}, "900.0": {"exp-2": 0.0015918254852294923, "exp-1": 0.002143877744674683, "exp0": 0.00306396484375, "exp+1": 0.004450151324272156, "exp+2": 0.006275245547294617, "obs": 0.0023089842315768953}, "400.0": {"exp-2": 0.0033864974975585938, "exp-1": 0.004542708396911621, "exp0": 0.0064697265625, "exp+1": 0.009345155954360963, "exp+2": 0.013087160885334015, "obs": 0.004974497597749334}, "190.0": {"exp-2": 0.004025459289550781, "exp-1": 0.0054284557700157166, "exp0": 0.0076904296875, "exp+1": 0.011093065887689591, "exp+2": 0.015510649979114534, "obs": 0.006056462654672793}, "450.0": {"exp-2": 0.0031692504882812503, "exp-1": 0.004273831844329834, "exp0": 0.0060546875, "exp+1": 0.008757723122835159, "exp+2": 0.01225530281662941, "obs": 0.004689577506179106}, "250.0": {"exp-2": 0.0038848876953125003, "exp-1": 0.005238890647888184, "exp0": 0.0074218750000000005, "exp+1": 0.010720480978488923, "exp+2": 0.015001624822616577, "obs": 0.005890320452538814}, "170.0": {"exp-2": 0.004114913940429688, "exp-1": 0.00554908812046051, "exp0": 0.007861328125, "exp+1": 0.011339578777551651, "exp+2": 0.01584306061267853, "obs": 0.006406990346035885}, "100.0": {"exp-2": 0.0038692474365234378, "exp-1": 0.005397465825080872, "exp0": 0.007861328125, "exp+1": 0.011527591943740846, "exp+2": 0.01625378876924515, "obs": 0.00601107420699095}, "1100.0": {"exp-2": 0.0015854835510253906, "exp-1": 0.0021467916667461395, "exp0": 0.0030517578125, "exp+1": 0.004438503831624985, "exp+2": 0.006263501942157745, "obs": 0.002312188372110131}, "1300.0": {"exp-2": 0.003843212127685547, "exp-1": 0.0052038230001926426, "exp0": 0.0073974609375, "exp+1": 0.010714703053236008, "exp+2": 0.015063141286373139, "obs": 0.005699328659488708}, "350.0": {"exp-2": 0.003597354888916016, "exp-1": 0.004851143807172775, "exp0": 0.0068725585937500005, "exp+1": 0.009927024692296983, "exp+2": 0.013891308009624482, "obs": 0.005372490159392379}, "650.0": {"exp-2": 0.0024606704711914065, "exp-1": 0.0033318206667900087, "exp0": 0.0047363281250000005, "exp+1": 0.0068507991731166845, "exp+2": 0.009608933329582216, "obs": 0.003626762243197307}, "800.0": {"exp-2": 0.0019469738006591799, "exp-1": 0.0026362601667642596, "exp0": 0.0037475585937500003, "exp+1": 0.00543554462492466, "exp+2": 0.007629888504743576, "obs": 0.002896332482368871}, "60.0": {"exp-2": 0.004150390625, "exp-1": 0.005706787109375, "exp0": 0.00830078125, "exp+1": 0.012171991914510728, "exp+2": 0.017149622738361358, "obs": 0.006430654001120702}, "1000.0": {"exp-2": 0.0014015674591064454, "exp-1": 0.0018977638334035875, "exp0": 0.00269775390625, "exp+1": 0.003923637419939042, "exp+2": 0.005528576672077179, "obs": 0.0020388357293268044}, "120.0": {"exp-2": 0.0037546157836914062, "exp-1": 0.005214564502239227, "exp0": 0.007568359375, "exp+1": 0.011097992211580277, "exp+2": 0.015648058056831362, "obs": 0.005798572911830718}, "1200.0": {"exp-2": 0.002162599563598633, "exp-1": 0.0029125988483428957, "exp0": 0.00416259765625, "exp+1": 0.006054119020700455, "exp+2": 0.008543416857719421, "obs": 0.003266849138616744}, "550.0": {"exp-2": 0.002828502655029297, "exp-1": 0.0038298763334751133, "exp0": 0.0054443359375, "exp+1": 0.007874888181686402, "exp+2": 0.011028366535902024, "obs": 0.00425545517850986}, "700.0": {"exp-2": 0.002289438247680664, "exp-1": 0.003099967166781426, "exp0": 0.00440673828125, "exp+1": 0.006374068558216095, "exp+2": 0.008947131782770157, "obs": 0.003393501086913356}, "500.0": {"exp-2": 0.003137302398681641, "exp-1": 0.0042084336280822756, "exp0": 0.00599365234375, "exp+1": 0.008657494187355041, "exp+2": 0.012114799767732621, "obs": 0.0047021704470008256}}