{"600.0": {"exp-2": 0.0019311904907226562, "exp-1": 0.002593807876110077, "exp0": 0.003662109375, "exp+1": 0.005231321975588799, "exp+2": 0.007214904576539994, "obs": 0.002316074676620606}, "80.0": {"exp-2": 0.0029439926147460938, "exp-1": 0.004130497574806213, "exp0": 0.0059814453125, "exp+1": 0.008675625175237655, "exp+2": 0.012029356509447099, "obs": 0.0040066889772592}, "70.0": {"exp-2": 0.0030341148376464844, "exp-1": 0.004256941378116608, "exp0": 0.00616455078125, "exp+1": 0.008941205590963364, "exp+2": 0.012397601455450059, "obs": 0.004189039588104418}, "90.0": {"exp-2": 0.0028765201568603516, "exp-1": 0.003995029255747795, "exp0": 0.00579833984375, "exp+1": 0.008410044759511948, "exp+2": 0.011652104556560516, "obs": 0.0037432295490091787}, "150.0": {"exp-2": 0.0028581619262695312, "exp-1": 0.003838835656642914, "exp0": 0.005419921875000001, "exp+1": 0.00770995020866394, "exp+2": 0.010605144500732423, "obs": 0.0036239310357205562}, "300.0": {"exp-2": 0.0025620460510253906, "exp-1": 0.0034411184489727023, "exp0": 0.0048583984375000005, "exp+1": 0.006930537521839142, "exp+2": 0.009534706175327302, "obs": 0.0032958400410308814}, "900.0": {"exp-2": 0.0020020008087158203, "exp-1": 0.00268891416490078, "exp0": 0.00379638671875, "exp+1": 0.005423136800527573, "exp+2": 0.007497383654117585, "obs": 0.0022907251829463898}, "400.0": {"exp-2": 0.002362489700317383, "exp-1": 0.003189634531736374, "exp0": 0.00447998046875, "exp+1": 0.006399650126695633, "exp+2": 0.008819178491830826, "obs": 0.0029353731550286945}, "190.0": {"exp-2": 0.002762603759765625, "exp-1": 0.003695744276046753, "exp0": 0.0052001953125, "exp+1": 0.007407748699188233, "exp+2": 0.010190358012914659, "obs": 0.003560315282407469}, "450.0": {"exp-2": 0.002298116683959961, "exp-1": 0.0030866313725709917, "exp0": 0.00435791015625, "exp+1": 0.006216587498784065, "exp+2": 0.00855935737490654, "obs": 0.002854808734981127}, "250.0": {"exp-2": 0.0026521682739257812, "exp-1": 0.003562162816524506, "exp0": 0.005029296875, "exp+1": 0.007164301723241806, "exp+2": 0.009855463355779649, "obs": 0.003434577345243552}, "170.0": {"exp-2": 0.0028066635131835938, "exp-1": 0.003769667446613312, "exp0": 0.005322265625, "exp+1": 0.007581639289855957, "exp+2": 0.010429567843675614, "obs": 0.0036799858950384784}, "100.0": {"exp-2": 0.0028564453125000003, "exp-1": 0.003949928283691406, "exp0": 0.0057128906250000005, "exp+1": 0.008263335376977921, "exp+2": 0.011456727981567383, "obs": 0.003981686917592236}, "1100.0": {"exp-2": 0.005021095275878906, "exp-1": 0.0067439004778862, "exp0": 0.009521484375, "exp+1": 0.013582460582256317, "exp+2": 0.018716128170490266, "obs": 0.005586174939529437}, "350.0": {"exp-2": 0.0024847984313964844, "exp-1": 0.003337366133928299, "exp0": 0.0047119140625, "exp+1": 0.006712185591459275, "exp+2": 0.009233517199754715, "obs": 0.003162124454001577}, "650.0": {"exp-2": 0.0018442869186401367, "exp-1": 0.002477086521685124, "exp0": 0.0034973144531250003, "exp+1": 0.004995912313461304, "exp+2": 0.006901247054338456, "obs": 0.0022140859974164}, "800.0": {"exp-2": 0.0016608238220214844, "exp-1": 0.0022306747734546664, "exp0": 0.0031494140625, "exp+1": 0.00451149046421051, "exp+2": 0.006237887591123582, "obs": 0.0019087633652924833}, "60.0": {"exp-2": 0.003082418441772461, "exp-1": 0.004280989244580269, "exp0": 0.006213378906250001, "exp+1": 0.009012026339769363, "exp+2": 0.01248615011572838, "obs": 0.004288482714066931}, "1000.0": {"exp-2": 0.002819538116455078, "exp-1": 0.0037869594991207125, "exp0": 0.0053466796875000005, "exp+1": 0.007648386061191559, "exp+2": 0.010549245029687883, "obs": 0.003248640883262994}, "120.0": {"exp-2": 0.0029172897338867188, "exp-1": 0.003950096666812897, "exp0": 0.005615234375, "exp+1": 0.008066125214099884, "exp+2": 0.011162962764501572, "obs": 0.0042537588517131434}, "1200.0": {"exp-2": 0.014318847656250001, "exp-1": 0.019155406951904298, "exp0": 0.026953125, "exp+1": 0.03839509189128876, "exp+2": 0.05273253917694092, "obs": 0.016427684562291635}, "550.0": {"exp-2": 0.002053499221801758, "exp-1": 0.002758082374930382, "exp0": 0.0038940429687500003, "exp+1": 0.0055626388639211655, "exp+2": 0.007671848684549332, "obs": 0.0025086155708064126}, "700.0": {"exp-2": 0.001715540885925293, "exp-1": 0.0023041659966111182, "exp0": 0.0032531738281250003, "exp+1": 0.00465364120900631, "exp+2": 0.006428893655538559, "obs": 0.002036310642014677}, "500.0": {"exp-2": 0.002201557159423828, "exp-1": 0.002956940978765488, "exp0": 0.0041748046875, "exp+1": 0.00595538653433323, "exp+2": 0.008206302672624588, "obs": 0.002749129953623121}}