{"80.0": {"exp-2": 540046691894531.25, "exp-1": 734253823757171.6, "exp+2": 2163564860820770.2, "exp+1": 1527469307184219.5, "exp0": 1047363281250000.1, "obs": 456570426058242.7}, "70.0": {"exp-2": 513610839843750.06, "exp-1": 698311328887939.5, "exp+2": 2054891586303711.2, "exp+1": 1450712829828262.2, "exp0": 996093750000000.1, "obs": 437011451788924.25}, "95.0": {"exp-2": 560188293457031.25, "exp-1": 757527351379394.5, "exp+2": 2263313382863998.5, "exp+1": 1590933650732040.5, "exp0": 1086425781250000.0, "obs": 556033390174147.4}, "90.0": {"exp-2": 552635192871093.75, "exp-1": 747313499450683.6, "exp+2": 2232796847820282.0, "exp+1": 1569482833147049.0, "exp0": 1071777343750000.1, "obs": 546556475035198.8}, "150.0": {"exp-2": 843429565429687.5, "exp-1": 1146736741065979.0, "exp+2": 3364839553833008.0, "exp+1": 2379038035869598.5, "exp0": 1635742187500000.0, "obs": 964520358594953.9}, "75.0": {"exp-2": 516128540039062.5, "exp-1": 697946548461914.0, "exp+2": 2064964473247528.2, "exp+1": 1457824110984802.2, "exp0": 1000976562500000.0, "obs": 438195472431226.2}, "130.0": {"exp-2": 691270828247070.2, "exp-1": 931006669998169.0, "exp+2": 2740774154663086.0, "exp+1": 1937839388847351.0, "exp0": 1330566406250000.0, "obs": 774361155433132.2}, "120.0": {"exp-2": 686197280883789.1, "exp-1": 924173593521118.2, "exp+2": 2714936137199402.0, "exp+1": 1920984387397766.2, "exp0": 1320800781250000.0, "obs": 748595243833074.2}, "110.0": {"exp-2": 682392120361328.1, "exp-1": 919048786163330.1, "exp+2": 2705571651458740.5, "exp+1": 1912949830293655.5, "exp0": 1313476562500000.0, "obs": 756007400382365.9}, "300.0": {"exp-2": 8795928955078125.0, "exp-1": 1.181393027305603e+16, "exp+2": 3.3394052982330324e+16, "exp+1": 2.395989894866943e+16, "exp0": 1.6679687500000002e+16, "obs": 8480176680549741.0}, "190.0": {"exp-2": 1064987182617187.6, "exp-1": 1447969079017639.2, "exp+2": 4284419119358062.5, "exp+1": 3020445108413696.5, "exp0": 2065429687500000.2, "obs": 1214097933208997.8}, "100.0": {"exp-2": 563964843750000.0, "exp-1": 762634277343750.0, "exp+2": 2281939387321472.5, "exp+1": 1601659059524536.0, "exp0": 1093750000000000.1, "obs": 560296312619257.25}, "170.0": {"exp-2": 989456176757812.6, "exp-1": 1345276236534118.8, "exp+2": 3952749669551850.0, "exp+1": 2794755697250366.5, "exp0": 1918945312500000.2, "obs": 1139071536431407.5}, "60.0": {"exp-2": 498504638671875.06, "exp-1": 677772760391235.4, "exp+2": 1997136920690536.8, "exp+1": 1409971714019775.5, "exp0": 966796875000000.0, "obs": 424796448354270.8}, "250.0": {"exp-2": 2709274291992188.0, "exp-1": 3648862838745117.0, "exp+2": 1.0711151361465454e+16, "exp+1": 7584515213966370.0, "exp0": 5214843750000001.0, "obs": 2939843363467336.0}, "85.0": {"exp-2": 547599792480468.75, "exp-1": 740504264831543.0, "exp+2": 2207892686128616.5, "exp+1": 1553065776824951.2, "exp0": 1062011718750000.0, "obs": 538062704888196.06}}