{"600.0": {"exp-2": 0.025028228759765625, "exp-1": 0.0336157500743866, "exp0": 0.0474609375, "exp+1": 0.06789252161979675, "exp+2": 0.09423971772193909, "obs": 0.04576436517114434}, "80.0": {"exp-2": 0.0017123222351074219, "exp-1": 0.0023185350000858307, "exp0": 0.0032958984375, "exp+1": 0.0047607399523258214, "exp+2": 0.006672182679176331, "obs": 0.0037951853236623647}, "70.0": {"exp-2": 0.001772570610046387, "exp-1": 0.0024001130834221843, "exp0": 0.0034118652343750003, "exp+1": 0.004935047402977944, "exp+2": 0.006900649517774582, "obs": 0.003988239232332733}, "90.0": {"exp-2": 0.0017503738403320313, "exp-1": 0.0023700580000877384, "exp0": 0.003369140625, "exp+1": 0.004873248934745789, "exp+2": 0.0068142369389534, "obs": 0.0038626415803194453}, "150.0": {"exp-2": 0.002261924743652344, "exp-1": 0.003034186363220215, "exp0": 0.0043212890625, "exp+1": 0.006233246624469758, "exp+2": 0.008708763122558595, "obs": 0.005023534466048913}, "300.0": {"exp-2": 0.005124092102050781, "exp-1": 0.006882236897945405, "exp0": 0.009716796875000001, "exp+1": 0.013919171690940858, "exp+2": 0.019291362166404726, "obs": 0.00969110229330002}, "400.0": {"exp-2": 0.007583141326904297, "exp-1": 0.010185018926858903, "exp0": 0.014379882812500001, "exp+1": 0.020598976314067843, "exp+2": 0.028549277782440187, "obs": 0.01329014547429698}, "190.0": {"exp-2": 0.002824211120605469, "exp-1": 0.003808535635471344, "exp0": 0.0053955078125, "exp+1": 0.007782754302024842, "exp+2": 0.010848386585712433, "obs": 0.0062073014097806965}, "450.0": {"exp-2": 0.009527206420898438, "exp-1": 0.01279611885547638, "exp0": 0.01806640625, "exp+1": 0.025843861699104312, "exp+2": 0.0357879102230072, "obs": 0.018070743503560957}, "100.0": {"exp-2": 0.0017884254455566408, "exp-1": 0.0024215810000896456, "exp0": 0.0034423828125000003, "exp+1": 0.004972328245639802, "exp+2": 0.006957990676164628, "obs": 0.003889254121799424}, "170.0": {"exp-2": 0.0025366783142089845, "exp-1": 0.0034207887947559357, "exp0": 0.00484619140625, "exp+1": 0.007000050693750382, "exp+2": 0.009765248745679855, "obs": 0.005608895639006394}, "250.0": {"exp-2": 0.00398712158203125, "exp-1": 0.005376756191253662, "exp0": 0.007617187500000001, "exp+1": 0.010941874235868454, "exp+2": 0.015190540254116059, "obs": 0.008086130032897787}, "85.0": {"exp-2": 0.0017571449279785156, "exp-1": 0.0023570656776428223, "exp0": 0.00335693359375, "exp+1": 0.004855592176318169, "exp+2": 0.006794774532318116, "obs": 0.0038436726619649393}, "350.0": {"exp-2": 0.006269931793212891, "exp-1": 0.00842122957110405, "exp0": 0.0118896484375, "exp+1": 0.017031750082969668, "exp+2": 0.023605258762836458, "obs": 0.010965116442099089}, "650.0": {"exp-2": 0.0514984130859375, "exp-1": 0.06916821002960205, "exp0": 0.09765625, "exp+1": 0.13950191736221315, "exp+2": 0.1928587555885315, "obs": 0.09858954673866321}, "95.0": {"exp-2": 0.0017763137817382814, "exp-1": 0.002395413815975189, "exp0": 0.0033935546875, "exp+1": 0.004915325716137887, "exp+2": 0.00687321275472641, "obs": 0.003926704397257309}, "75.0": {"exp-2": 0.0017535448074340822, "exp-1": 0.0023743515834212304, "exp0": 0.0033752441406250003, "exp+1": 0.004882077500224114, "exp+2": 0.006837092339992523, "obs": 0.0038372952605084353}, "130.0": {"exp-2": 0.002044677734375, "exp-1": 0.0027573108673095703, "exp0": 0.00390625, "exp+1": 0.005650143697857857, "exp+2": 0.007888400554656982, "obs": 0.004531168005762661}, "120.0": {"exp-2": 0.0019807815551757812, "exp-1": 0.0026570558547973633, "exp0": 0.0037841796875, "exp+1": 0.005466034635901451, "exp+2": 0.007642955332994462, "obs": 0.004406987572335201}, "110.0": {"exp-2": 0.0018359899520874025, "exp-1": 0.00248598475009203, "exp0": 0.0035339355468750003, "exp+1": 0.005111614242196083, "exp+2": 0.007147541642189026, "obs": 0.004068616925835634}, "550.0": {"exp-2": 0.015655517578125, "exp-1": 0.021027135848999026, "exp0": 0.029687500000000002, "exp+1": 0.042526918649673465, "exp+2": 0.05894044041633606, "obs": 0.030927042932626103}, "60.0": {"exp-2": 0.0017820835113525391, "exp-1": 0.002412993833422661, "exp0": 0.00343017578125, "exp+1": 0.004968369007110596, "exp+2": 0.006979389488697052, "obs": 0.004012364974252405}, "500.0": {"exp-2": 0.011638641357421875, "exp-1": 0.015632015466690064, "exp0": 0.0220703125, "exp+1": 0.031703379750251774, "exp+2": 0.04397903680801392, "obs": 0.02196716601457632}}