{"600.0": {"exp-2": 0.0026255607604980472, "exp-1": 0.003555087000131607, "exp+2": 0.010252831131219865, "exp+1": 0.0073098734021186836, "exp0": 0.005053710937500001, "obs": 0.002634450589004319}, "80.0": {"exp-2": 0.004013442993164063, "exp-1": 0.005598613619804383, "exp+2": 0.016846981644630433, "exp+1": 0.011957191675901414, "exp0": 0.008154296875, "obs": 0.006290092233851888}, "70.0": {"exp-2": 0.004045295715332031, "exp-1": 0.005618272721767426, "exp+2": 0.01682436615228653, "exp+1": 0.011940940469503404, "exp0": 0.008154296875, "obs": 0.0063120671804145385}, "90.0": {"exp-2": 0.00394134521484375, "exp-1": 0.005498039722442627, "exp+2": 0.016522131860256195, "exp+1": 0.011726432293653489, "exp0": 0.008007812500000001, "obs": 0.006199783065374706}, "150.0": {"exp-2": 0.004042625427246094, "exp-1": 0.005429704487323762, "exp+2": 0.015321873128414154, "exp+1": 0.011027292907238008, "exp0": 0.0076660156250000005, "obs": 0.0052642596312256346}, "1400.0": {"exp-2": 0.0071052551269531255, "exp-1": 0.009581655263900757, "exp+2": 0.02715539336204529, "exp+1": 0.019498981535434723, "exp0": 0.01357421875, "obs": 0.009188883427790794}, "300.0": {"exp-2": 0.0036420822143554688, "exp-1": 0.004911459982395172, "exp+2": 0.013917684555053711, "exp+1": 0.01000884845852852, "exp0": 0.0069580078125, "obs": 0.0046783592421260406}, "900.0": {"exp-2": 0.0015664577484130861, "exp-1": 0.0021097123622894286, "exp+2": 0.006170564517378807, "exp+1": 0.0043792322278022764, "exp0": 0.0030151367187500003, "obs": 0.0022248237571468993}, "350.0": {"exp-2": 0.004255485534667969, "exp-1": 0.005738653242588043, "exp+2": 0.016335768997669222, "exp+1": 0.011710752546787263, "exp0": 0.008129882812500001, "obs": 0.004405705284891338}, "190.0": {"exp-2": 0.004016876220703125, "exp-1": 0.00539512038230896, "exp+2": 0.015236201882362367, "exp+1": 0.010957055538892747, "exp0": 0.007617187500000001, "obs": 0.0053130054995996}, "450.0": {"exp-2": 0.0034759521484375, "exp-1": 0.0046874284744262695, "exp+2": 0.013372592628002167, "exp+1": 0.009578774869441987, "exp0": 0.006640625000000001, "obs": 0.003551776538130151}, "100.0": {"exp-2": 0.0038692474365234378, "exp-1": 0.005397465825080872, "exp+2": 0.01625378876924515, "exp+1": 0.011527591943740846, "exp0": 0.007861328125, "obs": 0.00601107420699095}, "170.0": {"exp-2": 0.004094123840332031, "exp-1": 0.0054988726973533636, "exp+2": 0.015506993234157563, "exp+1": 0.011152295023202898, "exp0": 0.007763671875, "obs": 0.005564456121927801}, "250.0": {"exp-2": 0.003833770751953125, "exp-1": 0.005169957876205444, "exp+2": 0.014631234109401703, "exp+1": 0.010506435483694078, "exp0": 0.00732421875, "obs": 0.005191521798679537}, "1100.0": {"exp-2": 0.001493525505065918, "exp-1": 0.002011486887931824, "exp+2": 0.005883271247148514, "exp+1": 0.004175341129302979, "exp0": 0.002874755859375, "obs": 0.002101097484060854}, "1300.0": {"exp-2": 0.002926445007324219, "exp-1": 0.0039464011788368225, "exp+2": 0.011316388845443726, "exp+1": 0.00808676853775978, "exp0": 0.0055908203125000005, "obs": 0.003541724819240262}, "400.0": {"exp-2": 0.0038209915161132816, "exp-1": 0.0051527246832847595, "exp+2": 0.014688624441623688, "exp+1": 0.01052960902452469, "exp0": 0.0072998046875000005, "obs": 0.003910877860609193}, "650.0": {"exp-2": 0.002421665191650391, "exp-1": 0.0032484650611877444, "exp+2": 0.009391898661851883, "exp+1": 0.006701109558343888, "exp0": 0.00462646484375, "obs": 0.0024239523625004715}, "800.0": {"exp-2": 0.0019659996032714844, "exp-1": 0.002662021666765213, "exp+2": 0.007705567032098771, "exp+1": 0.005481118708848954, "exp0": 0.0037841796875, "obs": 0.0028114636451933694}, "1200.0": {"exp-2": 0.0019469738006591799, "exp-1": 0.0026362601667642596, "exp+2": 0.007679968327283859, "exp+1": 0.005450482666492462, "exp0": 0.0037475585937500003, "obs": 0.002729208439465317}, "1000.0": {"exp-2": 0.0013571739196777345, "exp-1": 0.0018376536667346955, "exp+2": 0.005357510596513748, "exp+1": 0.003799359127879143, "exp0": 0.0026123046875000003, "obs": 0.001914013795848565}, "120.0": {"exp-2": 0.0037851333618164062, "exp-1": 0.005280129611492157, "exp+2": 0.015755586326122284, "exp+1": 0.011215683817863465, "exp0": 0.0076904296875, "obs": 0.0053245150504709635}, "60.0": {"exp-2": 0.004150390625, "exp-1": 0.005706787109375, "exp+2": 0.017149622738361358, "exp+1": 0.012171991914510728, "exp0": 0.00830078125, "obs": 0.006430654001120702}, "550.0": {"exp-2": 0.0029136657714843753, "exp-1": 0.003929167985916138, "exp+2": 0.011251219362020493, "exp+1": 0.008040361106395721, "exp0": 0.00556640625, "obs": 0.0029167988779171903}, "700.0": {"exp-2": 0.002206993103027344, "exp-1": 0.0029883340001106264, "exp+2": 0.00863690823316574, "exp+1": 0.00615299791097641, "exp0": 0.0042480468750000005, "obs": 0.0022212373858275744}, "500.0": {"exp-2": 0.003271484375, "exp-1": 0.0044116973876953125, "exp+2": 0.01260371655225754, "exp+1": 0.009027773886919022, "exp0": 0.0062499999999999995, "obs": 0.003280152433561625}}