{"350.0": {"exp-2": 0.004281044006347656, "exp-1": 0.005773119628429413, "exp0": 0.0081787109375, "exp+1": 0.011813688278198243, "exp+2": 0.01650589555501938, "obs": 0.007418522174894618}, "80.0": {"exp-2": 0.00885772705078125, "exp-1": 0.011896932125091554, "exp0": 0.016796875, "exp+1": 0.024061281979084016, "exp+2": 0.03340064585208893, "obs": 0.011162286191279468}, "70.0": {"exp-2": 0.008806228637695312, "exp-1": 0.011827763915061951, "exp0": 0.01669921875, "exp+1": 0.023987954854965212, "exp+2": 0.03330233693122864, "obs": 0.01085006908266098}, "95.0": {"exp-2": 0.009707450866699219, "exp-1": 0.013038207590579987, "exp0": 0.018408203125, "exp+1": 0.02633279860019684, "exp+2": 0.0364649772644043, "obs": 0.012533577654011792}, "90.0": {"exp-2": 0.009501457214355469, "exp-1": 0.01276153475046158, "exp0": 0.018017578125, "exp+1": 0.02577401399612427, "exp+2": 0.03574785590171814, "obs": 0.01175058076356087}, "450.0": {"exp-2": 0.007309722900390625, "exp-1": 0.009857386350631714, "exp0": 0.01396484375, "exp+1": 0.020115767419338227, "exp+2": 0.02806023955345154, "obs": 0.012786503281271356}, "150.0": {"exp-2": 0.011647033691406251, "exp-1": 0.015581119060516358, "exp0": 0.021923828125000003, "exp+1": 0.03131817877292633, "exp+2": 0.043227747082710266, "obs": 0.01565728639501206}, "75.0": {"exp-2": 0.008960723876953125, "exp-1": 0.012035268545150758, "exp0": 0.016992187500000002, "exp+1": 0.02437493056058884, "exp+2": 0.03381118476390839, "obs": 0.011211395168064412}, "130.0": {"exp-2": 0.01128387451171875, "exp-1": 0.015095293521881104, "exp0": 0.021240234375, "exp+1": 0.03034166693687439, "exp+2": 0.0419133335351944, "obs": 0.01464431957952034}, "120.0": {"exp-2": 0.01092071533203125, "exp-1": 0.01460946798324585, "exp0": 0.020556640625, "exp+1": 0.02936515212059021, "exp+2": 0.040532031655311586, "obs": 0.014145982195460259}, "110.0": {"exp-2": 0.010402679443359375, "exp-1": 0.013971978425979616, "exp0": 0.019726562500000003, "exp+1": 0.028179386258125307, "exp+2": 0.038988527655601506, "obs": 0.013232799321875597}, "400.0": {"exp-2": 0.005073356628417969, "exp-1": 0.006841577589511871, "exp0": 0.0096923828125, "exp+1": 0.014000101387500763, "exp+2": 0.019545607268810272, "obs": 0.008908149909445528}, "550.0": {"exp-2": 0.0580902099609375, "exp-1": 0.07802174091339112, "exp0": 0.11015625000000001, "exp+1": 0.15779725313186646, "exp+2": 0.21887307167053224, "obs": 0.06605096159388767}, "300.0": {"exp-2": 0.004498291015625, "exp-1": 0.006066083908081055, "exp0": 0.00859375, "exp+1": 0.012396061420440675, "exp+2": 0.01733253598213196, "obs": 0.007148324506086584}, "190.0": {"exp-2": 0.009990692138671875, "exp-1": 0.013418632745742799, "exp0": 0.018945312500000002, "exp+1": 0.027138888835906982, "exp+2": 0.03764306604862214, "obs": 0.012611285280076113}, "100.0": {"exp-2": 0.009810447692871094, "exp-1": 0.013176544010639191, "exp0": 0.018603515625, "exp+1": 0.026612192392349243, "exp+2": 0.036822617053985596, "obs": 0.012545213953383223}, "170.0": {"exp-2": 0.01132965087890625, "exp-1": 0.015217006206512451, "exp0": 0.021484375, "exp+1": 0.03069042265415192, "exp+2": 0.04246275424957276, "obs": 0.014496381343004405}, "60.0": {"exp-2": 0.009140968322753906, "exp-1": 0.012277357280254364, "exp0": 0.017333984375, "exp+1": 0.024865230917930605, "exp+2": 0.034545677900314334, "obs": 0.011075338974696432}, "250.0": {"exp-2": 0.006057357788085938, "exp-1": 0.008168533444404602, "exp0": 0.011572265625000001, "exp+1": 0.01664629578590393, "exp+2": 0.023219741880893707, "obs": 0.008258552827238795}, "500.0": {"exp-2": 0.015181732177734376, "exp-1": 0.02047303318977356, "exp0": 0.029003906250000003, "exp+1": 0.041605484485626225, "exp+2": 0.057894188165664676, "obs": 0.023559352311317307}, "85.0": {"exp-2": 0.009243965148925781, "exp-1": 0.01241569370031357, "exp0": 0.017529296875, "exp+1": 0.025075531005859377, "exp+2": 0.034779077768325804, "obs": 0.011645586236305957}}