{"350.0": {"exp-2": 0.004693031311035156, "exp-1": 0.006354503333568573, "exp0": 0.009033203125, "exp+1": 0.013083960115909577, "exp+2": 0.018365839123725893, "obs": 0.008089697894747212}, "80.0": {"exp-2": 0.0036548614501953126, "exp-1": 0.004928693175315857, "exp0": 0.006982421875, "exp+1": 0.010071799904108048, "exp+2": 0.014049987494945527, "obs": 0.006098722751031741}, "70.0": {"exp-2": 0.004306602478027344, "exp-1": 0.0058075860142707825, "exp0": 0.0082275390625, "exp+1": 0.011818627268075943, "exp+2": 0.016420620679855346, "obs": 0.006865474802388025}, "95.0": {"exp-2": 0.0033098220825195316, "exp-1": 0.004463396966457367, "exp0": 0.0063232421875000005, "exp+1": 0.009133567661046981, "exp+2": 0.012761273980140687, "obs": 0.005801472144833628}, "90.0": {"exp-2": 0.0034503936767578125, "exp-1": 0.0046529620885849, "exp0": 0.006591796875, "exp+1": 0.00949520468711853, "exp+2": 0.013265821337699891, "obs": 0.005844609044556837}, "450.0": {"exp-2": 0.024410247802734375, "exp-1": 0.032785731554031375, "exp0": 0.046289062500000006, "exp+1": 0.06640067100524903, "exp+2": 0.09225155711174012, "obs": 0.024563640173505926}, "150.0": {"exp-2": 0.0026325225830078126, "exp-1": 0.003531312942504883, "exp0": 0.005029296875, "exp+1": 0.007284583896398545, "exp+2": 0.010209663212299347, "obs": 0.004841965644805969}, "75.0": {"exp-2": 0.003948783874511719, "exp-1": 0.005325056612491608, "exp0": 0.0075439453125000005, "exp+1": 0.010866734385490419, "exp+2": 0.015134835243225099, "obs": 0.006488727537279329}, "130.0": {"exp-2": 0.0027667045593261722, "exp-1": 0.0037113070487976075, "exp0": 0.0052856445312500005, "exp+1": 0.007645350694656373, "exp+2": 0.010715141892433167, "obs": 0.004991262178208979}, "120.0": {"exp-2": 0.002868938446044922, "exp-1": 0.003868851810693741, "exp0": 0.005480957031250001, "exp+1": 0.007927858084440232, "exp+2": 0.011102548241615296, "obs": 0.005148991848770063}, "110.0": {"exp-2": 0.0030670166015625, "exp-1": 0.0041141510009765625, "exp0": 0.005859375, "exp+1": 0.008451859652996064, "exp+2": 0.011826784163713456, "obs": 0.005385495563174663}, "400.0": {"exp-2": 0.009533309936523439, "exp-1": 0.012855961918830872, "exp0": 0.018212890625000002, "exp+1": 0.0263437956571579, "exp+2": 0.0368647426366806, "obs": 0.012348498398972098}, "550.0": {"exp-2": 0.24238281250000002, "exp-1": 0.3242538452148438, "exp0": 0.45625000000000004, "exp+1": 0.6499342918395996, "exp+2": 0.8976732254028321, "obs": 0.25976562932175357}, "300.0": {"exp-2": 0.003202676773071289, "exp-1": 0.004336519166827202, "exp0": 0.00616455078125, "exp+1": 0.008928918838500976, "exp+2": 0.012543030083179474, "obs": 0.005969845001956523}, "190.0": {"exp-2": 0.002536773681640625, "exp-1": 0.0034348666667938232, "exp0": 0.0048828125, "exp+1": 0.007072411477565765, "exp+2": 0.009919887781143189, "obs": 0.004618556676583038}, "100.0": {"exp-2": 0.003175640106201172, "exp-1": 0.004282448440790176, "exp0": 0.00606689453125, "exp+1": 0.008763287961483002, "exp+2": 0.012262842059135437, "obs": 0.00558014558239535}, "170.0": {"exp-2": 0.0025814056396484377, "exp-1": 0.0034627437591552737, "exp0": 0.004931640625000001, "exp+1": 0.007143135368824005, "exp+2": 0.01001141741871834, "obs": 0.004782591983415199}, "60.0": {"exp-2": 0.005342960357666016, "exp-1": 0.007176201790571213, "exp0": 0.0101318359375, "exp+1": 0.014493516087532044, "exp+2": 0.020070245862007143, "obs": 0.007921471226216165}, "250.0": {"exp-2": 0.002669954299926758, "exp-1": 0.0036151971668004993, "exp0": 0.00513916015625, "exp+1": 0.007443712651729584, "exp+2": 0.010464657098054886, "obs": 0.005023818772845242}, "500.0": {"exp-2": 0.0823974609375, "exp-1": 0.11066913604736328, "exp0": 0.15625, "exp+1": 0.223514461517334, "exp+2": 0.30927131175994876, "obs": 0.08265491240879114}, "85.0": {"exp-2": 0.0035526275634765628, "exp-1": 0.004790827631950378, "exp0": 0.006787109375, "exp+1": 0.009776543825864792, "exp+2": 0.013648276031017304, "obs": 0.00593644885293545}}