{"80.0": {"exp-2": 0.028778839111328128, "exp-1": 0.03860445022583008, "exp0": 0.054980468750000004, "exp+1": 0.07963535189628601, "exp+2": 0.11186892986297609, "obs": 0.0409240153252988}, "70.0": {"exp-2": 0.03026123046875, "exp-1": 0.04080820083618164, "exp0": 0.0578125, "exp+1": 0.08362212777137756, "exp+2": 0.11746845245361329, "obs": 0.04683776241684972}, "95.0": {"exp-2": 0.023439788818359376, "exp-1": 0.031738168001174925, "exp0": 0.0451171875, "exp+1": 0.06561883687973023, "exp+2": 0.09245981574058533, "obs": 0.029002898908507442}, "90.0": {"exp-2": 0.025114059448242188, "exp-1": 0.03400518000125885, "exp0": 0.04833984375, "exp+1": 0.07020955681800843, "exp+2": 0.0989288866519928, "obs": 0.033537297038384234}, "150.0": {"exp-2": 0.03302154541015625, "exp-1": 0.04453057050704956, "exp0": 0.06308593750000001, "exp+1": 0.09150128364562989, "exp+2": 0.12863656282424926, "obs": 0.033268759132649796}, "75.0": {"exp-2": 0.029392242431640625, "exp-1": 0.03963634371757507, "exp0": 0.05615234375, "exp+1": 0.08122081756591798, "exp+2": 0.11409521102905273, "obs": 0.048767285825667854}, "130.0": {"exp-2": 0.02130889892578125, "exp-1": 0.028852880001068115, "exp0": 0.041015625, "exp+1": 0.059490001201629644, "exp+2": 0.08382478952407837, "obs": 0.020846185112841958}, "120.0": {"exp-2": 0.018924331665039065, "exp-1": 0.025624105334281923, "exp0": 0.036425781250000004, "exp+1": 0.05297797918319702, "exp+2": 0.07487402558326721, "obs": 0.019618433513128763}, "110.0": {"exp-2": 0.020294189453125, "exp-1": 0.027478933334350586, "exp0": 0.0390625, "exp+1": 0.056812846660614015, "exp+2": 0.08011230826377869, "obs": 0.02062505959616376}, "190.0": {"exp-2": 0.15457763671875002, "exp-1": 0.20845270156860352, "exp0": 0.29531250000000003, "exp+1": 0.42597374916076663, "exp+2": 0.5956089496612549, "obs": 0.21868485808962382}, "100.0": {"exp-2": 0.02227287292480469, "exp-1": 0.03015812933444977, "exp0": 0.042871093750000006, "exp+1": 0.06235209703445435, "exp+2": 0.08798967599868775, "obs": 0.025280856971698185}, "170.0": {"exp-2": 0.0721771240234375, "exp-1": 0.09733307361602783, "exp0": 0.13789062500000002, "exp+1": 0.19917525053024293, "exp+2": 0.278284478187561, "obs": 0.09202777858931992}, "60.0": {"exp-2": 0.03261260986328125, "exp-1": 0.043747138977050785, "exp0": 0.062304687500000004, "exp+1": 0.0901197910308838, "exp+2": 0.1265960693359375, "obs": 0.05093955935514313}, "85.0": {"exp-2": 0.025925827026367188, "exp-1": 0.035104337334632876, "exp0": 0.04990234375, "exp+1": 0.0724789559841156, "exp+2": 0.10228140354156495, "obs": 0.03633599953130577}}