{"600.0": {"exp-2": 3915.0238037109375, "exp-1": 5322.912335395814, "exp+2": 15687.008202075958, "exp+1": 11058.129370212555, "exp0": 7592.7734375, "obs": 3972.8980519602233}, "80.0": {"exp-2": 5599.5941162109375, "exp-1": 7766.103744506836, "exp+2": 24040.66771268845, "exp+1": 16818.836331367493, "exp0": 11376.953125, "obs": 8959.759944445856}, "70.0": {"exp-2": 5827.903747558594, "exp-1": 8129.723370075226, "exp+2": 24984.730780124668, "exp+1": 17504.581809043884, "exp0": 11840.8203125, "obs": 9557.011709340788}, "90.0": {"exp-2": 5611.610412597657, "exp-1": 7782.769203186036, "exp+2": 24105.74853420258, "exp+1": 16877.65121459961, "exp0": 11401.3671875, "obs": 9295.275093053458}, "150.0": {"exp-2": 5929.5654296875, "exp-1": 7954.0252685546875, "exp+2": 23169.203102588657, "exp+1": 16430.571675300598, "exp0": 11328.125000000002, "obs": 7862.03914647114}, "1600.0": {"exp-2": 6542.96875, "exp-1": 8776.85546875, "exp+2": 25713.402032852176, "exp+1": 18180.111050605774, "exp0": 12499.999999999998, "obs": 8413.873940092799}, "300.0": {"exp-2": 5111.6943359375, "exp-1": 6856.9183349609375, "exp+2": 19973.450899124146, "exp+1": 14164.285361766817, "exp0": 9765.625, "obs": 6839.498984553221}, "900.0": {"exp-2": 2467.3461914062505, "exp-1": 3336.5249633789067, "exp+2": 9983.485192060472, "exp+1": 7007.258385419846, "exp0": 4785.15625, "obs": 3751.143001897469}, "350.0": {"exp-2": 5809.211730957032, "exp-1": 7865.844666957855, "exp+2": 22966.794669628143, "exp+1": 16262.677311897278, "exp0": 11181.640625000002, "obs": 6100.963162827614}, "190.0": {"exp-2": 5593.585968017578, "exp-1": 7573.881000280381, "exp+2": 22007.29697942734, "exp+1": 15594.667196273804, "exp0": 10766.6015625, "obs": 7587.085079225187}, "450.0": {"exp-2": 5022.8118896484375, "exp-1": 6801.036000251771, "exp+2": 19860.762357711796, "exp+1": 14041.911065578463, "exp0": 9667.96875, "obs": 5147.753997091594}, "1400.0": {"exp-2": 1774.9786376953125, "exp-1": 2400.2552032470708, "exp+2": 7181.9968521595, "exp+1": 5040.9357994794855, "exp0": 3442.3828125000005, "obs": 2153.996748709588}, "100.0": {"exp-2": 5555.152893066406, "exp-1": 7783.810794353485, "exp+2": 24071.468412876133, "exp+1": 16841.50993824005, "exp0": 11376.953125, "obs": 8757.774681060662}, "170.0": {"exp-2": 5737.876892089844, "exp-1": 7696.890830993653, "exp+2": 22389.47451114655, "exp+1": 15877.562761306763, "exp0": 10961.914062500002, "obs": 7741.3219339716725}, "250.0": {"exp-2": 5328.941345214844, "exp-1": 7148.337364196778, "exp+2": 20793.789625167847, "exp+1": 14745.977520942688, "exp0": 10180.6640625, "obs": 7149.397287814986}, "1100.0": {"exp-2": 1623.9166259765627, "exp-1": 2195.9781646728516, "exp+2": 6607.381999492645, "exp+1": 4624.473676085472, "exp0": 3149.4140625, "obs": 2344.2189510020926}, "1300.0": {"exp-2": 1400.4707336425781, "exp-1": 1893.8183784484863, "exp+2": 5678.276345133782, "exp+1": 3982.7473461627965, "exp0": 2716.064453125, "obs": 1684.9359497839964}, "400.0": {"exp-2": 5352.592468261719, "exp-1": 7247.568666934968, "exp+2": 21132.78955221176, "exp+1": 14963.854849338531, "exp0": 10302.734375, "obs": 5572.2732461573005}, "650.0": {"exp-2": 3652.9541015625, "exp-1": 4919.8150634765625, "exp+2": 14596.094191074371, "exp+1": 10282.36597776413, "exp0": 7031.25, "obs": 3731.57924471078}, "800.0": {"exp-2": 3021.240234375, "exp-1": 4085.540771484375, "exp+2": 12165.316939353945, "exp+1": 8556.96052312851, "exp0": 5859.375, "obs": 4448.948700516881}, "1200.0": {"exp-2": 1368.9994812011719, "exp-1": 1851.2606620788574, "exp+2": 5571.085959672928, "exp+1": 3893.247246742249, "exp0": 2655.029296875, "obs": 1961.5067076704183}, "1000.0": {"exp-2": 2033.042907714844, "exp-1": 2749.2284774780273, "exp+2": 8227.507770061495, "exp+1": 5765.979737043382, "exp0": 3942.8710937500005, "obs": 2950.116082400282}, "120.0": {"exp-2": 5333.328247070313, "exp-1": 7506.713271141052, "exp+2": 23132.415115833282, "exp+1": 16277.456283569338, "exp0": 11010.7421875, "obs": 7742.157221960178}, "60.0": {"exp-2": 5813.5986328125, "exp-1": 8028.0303955078125, "exp+2": 24727.156758308414, "exp+1": 17324.12278652191, "exp0": 11718.75, "obs": 9344.756590729567}, "550.0": {"exp-2": 4179.382324218751, "exp-1": 5682.337284088135, "exp+2": 16816.17796421051, "exp+1": 11837.128549814224, "exp0": 8105.468750000001, "obs": 4321.763660852432}, "700.0": {"exp-2": 3386.3067626953125, "exp-1": 4604.062438011169, "exp+2": 13607.005774974825, "exp+1": 9577.837586402893, "exp0": 6567.382812500001, "obs": 3457.9200974598893}, "500.0": {"exp-2": 4604.244232177735, "exp-1": 6201.016902923584, "exp+2": 18271.589279174805, "exp+1": 12889.41502571106, "exp0": 8862.304687500002, "obs": 4705.5383404862005}}