{"600.0": {"exp-2": 0.0037698745727539062, "exp-1": 0.00508379191160202, "exp0": 0.0072021484375, "exp+1": 0.01038874462246895, "exp+2": 0.014514604210853578, "obs": 0.004138239325787851}, "80.0": {"exp-2": 0.0020708084106445313, "exp-1": 0.0028002977371215823, "exp0": 0.00401611328125, "exp+1": 0.005865083262324333, "exp+2": 0.008338310569524766, "obs": 0.002182465108417569}, "70.0": {"exp-2": 0.0025494575500488283, "exp-1": 0.003433620929718018, "exp0": 0.0049072265625, "exp+1": 0.007137113809585572, "exp+2": 0.010102121531963349, "obs": 0.0026724383109818523}, "90.0": {"exp-2": 0.0016176223754882813, "exp-1": 0.0021874666213989257, "exp0": 0.0031372070312500003, "exp+1": 0.004600296914577484, "exp+2": 0.00656837522983551, "obs": 0.0017454734181781473}, "150.0": {"exp-2": 0.009552955627441406, "exp-1": 0.01283070296049118, "exp0": 0.018115234375, "exp+1": 0.025949811935424807, "exp+2": 0.03596530258655548, "obs": 0.010645655734279037}, "1400.0": {"exp-2": 0.0071052551269531255, "exp-1": 0.009581655263900757, "exp0": 0.01357421875, "exp+1": 0.019498981535434723, "exp+2": 0.02715539336204529, "obs": 0.009188883427790794}, "300.0": {"exp-2": 0.0075702667236328125, "exp-1": 0.010167726874351503, "exp0": 0.014355468750000001, "exp+1": 0.02059261351823807, "exp+2": 0.02865470051765442, "obs": 0.008558048205527757}, "900.0": {"exp-2": 0.001680612564086914, "exp-1": 0.002275599166750908, "exp0": 0.00323486328125, "exp+1": 0.004685472324490548, "exp+2": 0.006587017327547073, "obs": 0.0019469114480491646}, "400.0": {"exp-2": 0.0060829162597656255, "exp-1": 0.008202999830245972, "exp0": 0.01162109375, "exp+1": 0.016693371534347533, "exp+2": 0.023229932785034182, "obs": 0.006764030814737807}, "190.0": {"exp-2": 0.008986473083496094, "exp-1": 0.01206985265016556, "exp0": 0.017041015625, "exp+1": 0.024411010742187503, "exp+2": 0.03388611972332001, "obs": 0.010006572303584047}, "450.0": {"exp-2": 0.005456733703613281, "exp-1": 0.007358573377132416, "exp0": 0.0104248046875, "exp+1": 0.014974936842918396, "exp+2": 0.020854949951171875, "obs": 0.00622756956723561}, "250.0": {"exp-2": 0.00812387466430664, "exp-1": 0.010911285132169725, "exp0": 0.0154052734375, "exp+1": 0.02209853678941727, "exp+2": 0.030701863765716556, "obs": 0.00901564183907924}, "170.0": {"exp-2": 0.009501457214355469, "exp-1": 0.01276153475046158, "exp0": 0.018017578125, "exp+1": 0.025809922814369203, "exp+2": 0.03579972088336945, "obs": 0.010679806558646983}, "100.0": {"exp-2": 0.001384735107421875, "exp-1": 0.0018725395202636719, "exp0": 0.002685546875, "exp+1": 0.003948701918125153, "exp+2": 0.005653886124491692, "obs": 0.0015134911469133383}, "1100.0": {"exp-2": 0.001477670669555664, "exp-1": 0.002000809833407402, "exp0": 0.00284423828125, "exp+1": 0.004125348106026649, "exp+2": 0.005804014950990677, "obs": 0.0017508985353738198}, "1300.0": {"exp-2": 0.002926445007324219, "exp-1": 0.0039464011788368225, "exp0": 0.0055908203125000005, "exp+1": 0.00808676853775978, "exp+2": 0.011316388845443726, "obs": 0.003541724819240262}, "350.0": {"exp-2": 0.006875038146972656, "exp-1": 0.009233956038951874, "exp0": 0.013037109375000001, "exp+1": 0.018727438151836397, "exp+2": 0.02604004442691803, "obs": 0.007747436517426361}, "650.0": {"exp-2": 0.003328990936279297, "exp-1": 0.004489246755838394, "exp0": 0.00635986328125, "exp+1": 0.009173789620399475, "exp+2": 0.012807206809520723, "obs": 0.0036927406817591937}, "800.0": {"exp-2": 0.0022363662719726562, "exp-1": 0.0030158087611198425, "exp0": 0.0042724609375, "exp+1": 0.006179844588041306, "exp+2": 0.008661200106143952, "obs": 0.0025782374337309116}, "60.0": {"exp-2": 0.003018760681152344, "exp-1": 0.004065680503845215, "exp0": 0.005810546875, "exp+1": 0.008439330756664276, "exp+2": 0.011900465935468674, "obs": 0.0030517284490360914}, "1000.0": {"exp-2": 0.0013952255249023438, "exp-1": 0.0018891766667366028, "exp0": 0.002685546875, "exp+1": 0.003895178437232971, "exp+2": 0.005471843481063843, "obs": 0.0016560572475721345}, "120.0": {"exp-2": 0.001797008514404297, "exp-1": 0.0024300456047058106, "exp0": 0.003485107421875, "exp+1": 0.0051104467362165455, "exp+2": 0.0072967752814292915, "obs": 0.0019553841335033513}, "1200.0": {"exp-2": 0.0018772125244140626, "exp-1": 0.0025418013334274295, "exp0": 0.00361328125, "exp+1": 0.005240785703063012, "exp+2": 0.0073621168732643134, "obs": 0.002184815991762386}, "550.0": {"exp-2": 0.0042938232421875005, "exp-1": 0.005790352821350098, "exp0": 0.008203125, "exp+1": 0.011783556640148164, "exp+2": 0.016436158120632174, "obs": 0.004769987671876192}, "700.0": {"exp-2": 0.0029392242431640625, "exp-1": 0.003963634371757507, "exp0": 0.005615234375, "exp+1": 0.008088507503271104, "exp+2": 0.011309290677309037, "obs": 0.0032933090779387604}, "500.0": {"exp-2": 0.005033969879150391, "exp-1": 0.006761192530393601, "exp0": 0.0095458984375, "exp+1": 0.013731437921524049, "exp+2": 0.01912396103143692, "obs": 0.005589384299536098}}