{"600.0": {"exp-2": 26255.607604980472, "exp-1": 35550.87000131607, "exp+2": 102528.31131219865, "exp+1": 73098.73402118683, "exp0": 50537.10937500001, "obs": 26344.505890043187}, "80.0": {"exp-2": 40134.42993164063, "exp-1": 55986.13619804383, "exp+2": 168469.81644630432, "exp+1": 119571.91675901413, "exp0": 81542.96875, "obs": 62900.92233851888}, "70.0": {"exp-2": 40452.95715332031, "exp-1": 56182.727217674255, "exp+2": 168243.6615228653, "exp+1": 119409.40469503404, "exp0": 81542.96875, "obs": 63120.671804145386}, "90.0": {"exp-2": 39413.4521484375, "exp-1": 54980.39722442627, "exp+2": 165221.31860256195, "exp+1": 117264.32293653488, "exp0": 80078.12500000001, "obs": 61997.83065374706}, "150.0": {"exp-2": 40426.25427246094, "exp-1": 54297.04487323762, "exp+2": 153218.73128414154, "exp+1": 110272.92907238008, "exp0": 76660.15625, "obs": 52642.59631225635}, "1400.0": {"exp-2": 71052.55126953125, "exp-1": 95816.55263900757, "exp+2": 271553.9336204529, "exp+1": 194989.81535434723, "exp0": 135742.1875, "obs": 91888.83427790794}, "300.0": {"exp-2": 36420.82214355469, "exp-1": 49114.59982395172, "exp+2": 139176.8455505371, "exp+1": 100088.4845852852, "exp0": 69580.078125, "obs": 46783.59242126041}, "900.0": {"exp-2": 15664.577484130861, "exp-1": 21097.123622894287, "exp+2": 61705.64517378807, "exp+1": 43792.322278022766, "exp0": 30151.367187500004, "obs": 22248.237571468995}, "350.0": {"exp-2": 42554.85534667969, "exp-1": 57386.53242588043, "exp+2": 163357.68997669223, "exp+1": 117107.52546787262, "exp0": 81298.82812500001, "obs": 44057.05284891338}, "190.0": {"exp-2": 40168.76220703125, "exp-1": 53951.2038230896, "exp+2": 152362.01882362366, "exp+1": 109570.55538892746, "exp0": 76171.875, "obs": 53130.054995996004}, "450.0": {"exp-2": 34759.521484375, "exp-1": 46874.284744262695, "exp+2": 133725.92628002167, "exp+1": 95787.74869441988, "exp0": 66406.25, "obs": 35517.76538130151}, "100.0": {"exp-2": 38692.474365234375, "exp-1": 53974.65825080872, "exp+2": 162537.88769245148, "exp+1": 115275.91943740846, "exp0": 78613.28125, "obs": 60110.7420699095}, "170.0": {"exp-2": 40941.23840332031, "exp-1": 54988.72697353364, "exp+2": 155069.93234157562, "exp+1": 111522.95023202898, "exp0": 77636.71875, "obs": 55644.56121927801}, "250.0": {"exp-2": 38337.70751953125, "exp-1": 51699.57876205444, "exp+2": 146312.34109401703, "exp+1": 105064.35483694078, "exp0": 73242.1875, "obs": 51915.21798679537}, "1100.0": {"exp-2": 14935.25505065918, "exp-1": 20114.868879318237, "exp+2": 58832.71247148514, "exp+1": 41753.411293029785, "exp0": 28747.55859375, "obs": 21010.974840608542}, "1300.0": {"exp-2": 29264.45007324219, "exp-1": 39464.011788368225, "exp+2": 113163.88845443726, "exp+1": 80867.68537759781, "exp0": 55908.20312500001, "obs": 35417.24819240262}, "400.0": {"exp-2": 38209.91516113281, "exp-1": 51527.246832847595, "exp+2": 146886.24441623688, "exp+1": 105296.0902452469, "exp0": 72998.046875, "obs": 39108.77860609193}, "650.0": {"exp-2": 24216.651916503906, "exp-1": 32484.650611877445, "exp+2": 93918.98661851883, "exp+1": 67011.09558343887, "exp0": 46264.6484375, "obs": 24239.523625004716}, "800.0": {"exp-2": 19659.996032714844, "exp-1": 26620.21666765213, "exp+2": 77055.6703209877, "exp+1": 54811.18708848953, "exp0": 37841.796875, "obs": 28114.636451933693}, "1200.0": {"exp-2": 19469.738006591797, "exp-1": 26362.601667642597, "exp+2": 76799.68327283859, "exp+1": 54504.82666492462, "exp0": 37475.5859375, "obs": 27292.084394653168}, "1000.0": {"exp-2": 13571.739196777346, "exp-1": 18376.536667346954, "exp+2": 53575.10596513748, "exp+1": 37993.59127879143, "exp0": 26123.046875000004, "obs": 19140.13795848565}, "120.0": {"exp-2": 37851.33361816406, "exp-1": 52801.29611492157, "exp+2": 157555.86326122284, "exp+1": 112156.83817863464, "exp0": 76904.296875, "obs": 53245.150504709636}, "60.0": {"exp-2": 41503.90625, "exp-1": 57067.87109375, "exp+2": 171496.2273836136, "exp+1": 121719.91914510727, "exp0": 83007.8125, "obs": 64306.54001120702}, "550.0": {"exp-2": 29136.657714843754, "exp-1": 39291.67985916138, "exp+2": 112512.19362020493, "exp+1": 80403.61106395721, "exp0": 55664.0625, "obs": 29167.988779171905}, "700.0": {"exp-2": 22069.93103027344, "exp-1": 29883.340001106262, "exp+2": 86369.08233165741, "exp+1": 61529.9791097641, "exp0": 42480.46875000001, "obs": 22212.373858275743}, "500.0": {"exp-2": 32714.84375, "exp-1": 44116.973876953125, "exp+2": 126037.1655225754, "exp+1": 90277.73886919022, "exp0": 62499.99999999999, "obs": 32801.524335616254}}