{"600.0": {"exp-2": 0.0024461746215820312, "exp-1": 0.0032854899764060974, "exp0": 0.004638671875, "exp+1": 0.006617096066474915, "exp+2": 0.009110800921916962, "obs": 0.0026115949549278573}, "80.0": {"exp-2": 0.0022491455078125, "exp-1": 0.0030330419540405273, "exp0": 0.004296875, "exp+1": 0.006180902943015099, "exp+2": 0.008608227968215943, "obs": 0.0023410232234237264}, "70.0": {"exp-2": 0.0019296646118164063, "exp-1": 0.002602212131023407, "exp0": 0.0036865234375000003, "exp+1": 0.005317628383636475, "exp+2": 0.007412245869636536, "obs": 0.0018334049125949073}, "90.0": {"exp-2": 0.002845287322998047, "exp-1": 0.0038215436041355135, "exp0": 0.0053955078125, "exp+1": 0.007739740610122681, "exp+2": 0.010702165961265565, "obs": 0.002908335205090771}, "150.0": {"exp-2": 0.005849456787109375, "exp-1": 0.007865583896636963, "exp0": 0.0110107421875, "exp+1": 0.01561911702156067, "exp+2": 0.021340841054916383, "obs": 0.006432032001893434}, "300.0": {"exp-2": 0.004578399658203125, "exp-1": 0.006124871969223023, "exp0": 0.008618164062500001, "exp+1": 0.012242339551448822, "exp+2": 0.016756170988082887, "obs": 0.005292123176123478}, "900.0": {"exp-2": 0.0042421817779541016, "exp-1": 0.005697731301188469, "exp0": 0.00804443359375, "exp+1": 0.011459404975175858, "exp+2": 0.01575126051902771, "obs": 0.00472909383508147}, "400.0": {"exp-2": 0.0035926818847656253, "exp-1": 0.004806202650070191, "exp0": 0.006762695312500001, "exp+1": 0.009633551537990571, "exp+2": 0.013209551572799683, "obs": 0.003967562312515399}, "190.0": {"exp-2": 0.005615997314453125, "exp-1": 0.0075129449367523195, "exp0": 0.010571289062500001, "exp+1": 0.014995738863945007, "exp+2": 0.020505848526954654, "obs": 0.0059534350721972985}, "450.0": {"exp-2": 0.0032035827636718753, "exp-1": 0.004285675287246704, "exp0": 0.006030273437500001, "exp+1": 0.008578187972307206, "exp+2": 0.01177082732319832, "obs": 0.0034966061525386395}, "250.0": {"exp-2": 0.0050323486328125, "exp-1": 0.00673215389251709, "exp0": 0.009472656250000001, "exp+1": 0.013437288999557496, "exp+2": 0.018389762938022615, "obs": 0.005391855999651796}, "170.0": {"exp-2": 0.0056938171386718755, "exp-1": 0.007656300067901612, "exp0": 0.010717773437500001, "exp+1": 0.015203531086444856, "exp+2": 0.020789994299411776, "obs": 0.006225742040771887}, "100.0": {"exp-2": 0.004293060302734375, "exp-1": 0.005743151903152466, "exp0": 0.0080810546875, "exp+1": 0.01149546653032303, "exp+2": 0.015761090815067293, "obs": 0.004648491766303389}, "350.0": {"exp-2": 0.0040077209472656255, "exp-1": 0.00536143183708191, "exp0": 0.0075439453125000005, "exp+1": 0.010716381669044496, "exp+2": 0.014703394472599031, "obs": 0.00435693573117515}, "650.0": {"exp-2": 0.0024268627166748047, "exp-1": 0.003259551897644997, "exp0": 0.00460205078125, "exp+1": 0.00658319965004921, "exp+2": 0.009065583348274231, "obs": 0.0026076546684008148}, "800.0": {"exp-2": 0.0028839111328125, "exp-1": 0.003873419761657715, "exp0": 0.0054687500000000005, "exp+1": 0.007823006808757782, "exp+2": 0.010781495273113251, "obs": 0.0033654960253973708}, "60.0": {"exp-2": 0.0019296646118164063, "exp-1": 0.002602212131023407, "exp0": 0.0036865234375000003, "exp+1": 0.005310281366109848, "exp+2": 0.007395987212657929, "obs": 0.001825732468595294}, "1000.0": {"exp-2": 0.0103240966796875, "exp-1": 0.013811326026916504, "exp0": 0.019433593750000002, "exp+1": 0.027567222714424133, "exp+2": 0.03775824010372162, "obs": 0.012423577832146154}, "120.0": {"exp-2": 0.00619964599609375, "exp-1": 0.008336472511291505, "exp0": 0.011669921875000001, "exp+1": 0.016507670283317566, "exp+2": 0.022531233727931976, "obs": 0.007005542252901168}, "550.0": {"exp-2": 0.0025942325592041016, "exp-1": 0.0034843485802412036, "exp0": 0.0049194335937500005, "exp+1": 0.007017604261636734, "exp+2": 0.009646733105182648, "obs": 0.0027846511934829753}, "700.0": {"exp-2": 0.002401113510131836, "exp-1": 0.003224967792630196, "exp0": 0.0045532226562500005, "exp+1": 0.006513351202011109, "exp+2": 0.008976557105779649, "obs": 0.0025870549854291594}, "500.0": {"exp-2": 0.002833938598632813, "exp-1": 0.0037911742925643924, "exp0": 0.00533447265625, "exp+1": 0.007599028944969177, "exp+2": 0.01043664887547493, "obs": 0.003156441143733861}}