{"600.0": {"exp-2": 0.0017571449279785156, "exp-1": 0.002369564026594162, "exp+2": 0.006704166531562805, "exp+1": 0.004828830435872078, "exp0": 0.00335693359375, "obs": 0.0017354086684428463}, "80.0": {"exp-2": 0.002834129333496094, "exp-1": 0.003936155140399933, "exp+2": 0.011583662778139115, "exp+1": 0.008308878540992737, "exp0": 0.0057128906250000005, "obs": 0.004533450814092767}, "70.0": {"exp-2": 0.0029174804687500003, "exp-1": 0.0040343284606933595, "exp+2": 0.01184021756052971, "exp+1": 0.008486419171094895, "exp0": 0.0058349609375000005, "obs": 0.004400219088919278}, "90.0": {"exp-2": 0.00281982421875, "exp-1": 0.0038992881774902346, "exp+2": 0.011426417529582978, "exp+1": 0.008202354609966279, "exp0": 0.0056396484375, "obs": 0.004385588133180576}, "150.0": {"exp-2": 0.0028581619262695312, "exp-1": 0.003838835656642914, "exp+2": 0.010605144500732423, "exp+1": 0.00770995020866394, "exp0": 0.005419921875000001, "obs": 0.0036239310357205562}, "300.0": {"exp-2": 0.0025620460510253906, "exp-1": 0.0034411184489727023, "exp+2": 0.009534706175327302, "exp+1": 0.006930537521839142, "exp0": 0.0048583984375000005, "obs": 0.0032958400410308814}, "900.0": {"exp-2": 0.0015590667724609377, "exp-1": 0.0021024495363235474, "exp+2": 0.0059794034808874135, "exp+1": 0.004296362027525902, "exp0": 0.0029785156250000003, "obs": 0.0021350893829024456}, "350.0": {"exp-2": 0.003057718276977539, "exp-1": 0.004106862470507622, "exp+2": 0.01141446828842163, "exp+1": 0.008282925933599472, "exp0": 0.00579833984375, "obs": 0.003122676553410459}, "190.0": {"exp-2": 0.002762603759765625, "exp-1": 0.003695744276046753, "exp+2": 0.010190358012914659, "exp+1": 0.007407748699188233, "exp0": 0.0052001953125, "obs": 0.003560315282407469}, "450.0": {"exp-2": 0.002465486526489258, "exp-1": 0.0033114280551671984, "exp+2": 0.009252776950597763, "exp+1": 0.006697290390729905, "exp0": 0.0046752929687500005, "obs": 0.0024433375209984435}, "100.0": {"exp-2": 0.0028076171875, "exp-1": 0.0038824081420898438, "exp+2": 0.011353914439678193, "exp+1": 0.00814446434378624, "exp0": 0.005615234375, "obs": 0.004351256821281456}, "170.0": {"exp-2": 0.0028066635131835938, "exp-1": 0.003769667446613312, "exp+2": 0.010429567843675614, "exp+1": 0.007581639289855957, "exp0": 0.005322265625, "obs": 0.0036799858950384784}, "250.0": {"exp-2": 0.0026521682739257812, "exp-1": 0.003562162816524506, "exp+2": 0.009855463355779649, "exp+1": 0.007164301723241806, "exp0": 0.005029296875, "obs": 0.003434577345243552}, "1100.0": {"exp-2": 0.003328990936279297, "exp-1": 0.004489246755838394, "exp+2": 0.012634950876235963, "exp+1": 0.009123088419437408, "exp0": 0.00635986328125, "obs": 0.00480643420941511}, "400.0": {"exp-2": 0.0027229785919189453, "exp-1": 0.0036572691053152087, "exp+2": 0.010196089744567871, "exp+1": 0.007386454939842225, "exp0": 0.0051635742187500005, "obs": 0.0027734473263747346}, "650.0": {"exp-2": 0.0016261577606201173, "exp-1": 0.0021929237991571426, "exp+2": 0.0062092624604702, "exp+1": 0.0044688630849123, "exp0": 0.0031066894531250003, "obs": 0.0015973905213601744}, "800.0": {"exp-2": 0.0013961315155029297, "exp-1": 0.001882726326584816, "exp+2": 0.005354506894946098, "exp+1": 0.0038473568856716156, "exp0": 0.002667236328125, "obs": 0.0019161174256340453}, "1200.0": {"exp-2": 0.00936431884765625, "exp-1": 0.012527358531951905, "exp+2": 0.03456546366214752, "exp+1": 0.025144964456558228, "exp0": 0.017626953125, "obs": 0.014138416715193015}, "1000.0": {"exp-2": 0.0020287036895751953, "exp-1": 0.0027357693761587143, "exp+2": 0.007740264385938645, "exp+1": 0.005575104430317879, "exp0": 0.003875732421875, "obs": 0.002891803580147633}, "120.0": {"exp-2": 0.0029172897338867188, "exp-1": 0.003950096666812897, "exp+2": 0.011162962764501572, "exp+1": 0.008066125214099884, "exp0": 0.005615234375, "obs": 0.0042537588517131434}, "60.0": {"exp-2": 0.00294189453125, "exp-1": 0.0040680885314941405, "exp+2": 0.011904440075159074, "exp+1": 0.008545708656311036, "exp0": 0.0058837890625, "obs": 0.004554749428885671}, "550.0": {"exp-2": 0.001955223083496094, "exp-1": 0.0026366785168647766, "exp+2": 0.007443354278802872, "exp+1": 0.005365726724267006, "exp0": 0.0037353515625, "obs": 0.00194688600455592}, "700.0": {"exp-2": 0.0014696121215820312, "exp-1": 0.0019818171858787537, "exp+2": 0.005620301142334938, "exp+1": 0.004038658365607262, "exp0": 0.0028076171875, "obs": 0.0014322717805465293}, "500.0": {"exp-2": 0.002198028564453125, "exp-1": 0.002964109182357788, "exp+2": 0.008330374956130981, "exp+1": 0.006015320494771004, "exp0": 0.00419921875, "obs": 0.0021843659907945126}}