{"80.0": {"exp-2": 0.008245468139648438, "exp-1": 0.011210635304450989, "exp+2": 0.03319597840309143, "exp+1": 0.023385243117809297, "exp0": 0.0159912109375, "obs": 0.00907304168264602}, "70.0": {"exp-2": 0.007729339599609375, "exp-1": 0.010508900880813599, "exp+2": 0.031094956398010257, "exp+1": 0.02192143350839615, "exp0": 0.014990234375000001, "obs": 0.00837847150710677}, "95.0": {"exp-2": 0.009335327148437501, "exp-1": 0.012572860717773438, "exp+2": 0.03714627027511597, "exp+1": 0.026205533742904664, "exp0": 0.017968750000000002, "obs": 0.015460965076782924}, "90.0": {"exp-2": 0.008878707885742188, "exp-1": 0.011957883834838867, "exp+2": 0.03527651429176331, "exp+1": 0.024923741817474365, "exp0": 0.01708984375, "obs": 0.015383123618806952}, "150.0": {"exp-2": 0.016314697265625, "exp-1": 0.02218165397644043, "exp+2": 0.0653119444847107, "exp+1": 0.04614452719688416, "exp0": 0.031640625, "obs": 0.015856848240626338}, "75.0": {"exp-2": 0.0079559326171875, "exp-1": 0.010816979408264161, "exp+2": 0.031873497366905215, "exp+1": 0.02250257730484009, "exp0": 0.0154296875, "obs": 0.008632504760812653}, "130.0": {"exp-2": 0.012151145935058595, "exp-1": 0.01636521816253662, "exp+2": 0.048112183809280396, "exp+1": 0.03401669263839722, "exp0": 0.023388671875000003, "obs": 0.011143673512816824}, "120.0": {"exp-2": 0.01143035888671875, "exp-1": 0.015540850162506104, "exp+2": 0.045697110891342166, "exp+1": 0.032285472750663756, "exp0": 0.022167968750000003, "obs": 0.010152421779347165}, "110.0": {"exp-2": 0.011480712890625001, "exp-1": 0.015609312057495118, "exp+2": 0.04583649039268494, "exp+1": 0.03238332271575928, "exp0": 0.022265625, "obs": 0.010545065400786853}, "190.0": {"exp-2": 0.02463836669921875, "exp-1": 0.03305034637451172, "exp+2": 0.09597960114479065, "exp+1": 0.06827185750007629, "exp0": 0.0470703125, "obs": 0.02055645830000299}, "100.0": {"exp-2": 0.009617614746093751, "exp-1": 0.013076221942901612, "exp+2": 0.038478851318359375, "exp+1": 0.027165308594703674, "exp0": 0.01865234375, "obs": 0.01678636265649875}, "170.0": {"exp-2": 0.020804595947265626, "exp-1": 0.02790765762329102, "exp+2": 0.08110674619674683, "exp+1": 0.05764864087104798, "exp0": 0.03974609375, "obs": 0.01858044178987747}, "60.0": {"exp-2": 0.0074523925781250005, "exp-1": 0.010132360458374024, "exp+2": 0.030025362968444824, "exp+1": 0.021135975420475007, "exp0": 0.014453125, "obs": 0.008162498735138432}, "250.0": {"exp-2": 0.084869384765625, "exp-1": 0.11398921012878419, "exp+2": 0.32287647724151614, "exp+1": 0.23182365894317628, "exp0": 0.1609375, "obs": 0.06784003927617946}, "85.0": {"exp-2": 0.008827972412109376, "exp-1": 0.01188955307006836, "exp+2": 0.03502773940563202, "exp+1": 0.02474745362997055, "exp0": 0.016992187500000002, "obs": 0.015082543229812912}}