{"600.0": {"exp-2": 0.006012153625488282, "exp-1": 0.008140634000301362, "exp0": 0.011572265625000001, "exp+1": 0.016807742416858673, "exp+2": 0.023718878626823425, "obs": 0.006943626549029203}, "80.0": {"exp-2": 0.0033485412597656253, "exp-1": 0.004528141021728516, "exp0": 0.006494140625, "exp+1": 0.009522793442010881, "exp+2": 0.013646718859672547, "obs": 0.003173683161379103}, "70.0": {"exp-2": 0.003990554809570313, "exp-1": 0.005396318435668946, "exp0": 0.007739257812500001, "exp+1": 0.011317743360996247, "exp+2": 0.016161279380321504, "obs": 0.0038038950750200113}, "90.0": {"exp-2": 0.0027191162109375003, "exp-1": 0.003676986694335938, "exp0": 0.0052734375, "exp+1": 0.007764325290918351, "exp+2": 0.011173058301210403, "obs": 0.002636934596009203}, "150.0": {"exp-2": 0.012549209594726564, "exp-1": 0.016922995448112488, "exp0": 0.023974609375, "exp+1": 0.03467775583267212, "exp+2": 0.04882568120956421, "obs": 0.013957458768744477}, "1400.0": {"exp-2": 0.0017789125442504883, "exp-1": 0.0023958474397659303, "exp0": 0.003424072265625, "exp+1": 0.004993649572134018, "exp+2": 0.007089067250490189, "obs": 0.0021482721643247735}, "300.0": {"exp-2": 0.009916687011718751, "exp-1": 0.013372957706451416, "exp0": 0.018945312500000002, "exp+1": 0.02747871279716492, "exp+2": 0.03871906995773316, "obs": 0.01094500109791699}, "900.0": {"exp-2": 0.0028792381286621097, "exp-1": 0.0038985736668109895, "exp0": 0.005541992187500001, "exp+1": 0.00808241292834282, "exp+2": 0.011439669132232667, "obs": 0.003456023591328997}, "400.0": {"exp-2": 0.008434295654296875, "exp-1": 0.011313915252685547, "exp0": 0.01611328125, "exp+1": 0.023371070623397827, "exp+2": 0.03293116688728333, "obs": 0.009479580804673511}, "1600.0": {"exp-2": 0.006671714782714844, "exp-1": 0.009033699333667756, "exp0": 0.012841796875, "exp+1": 0.018677222728729247, "exp+2": 0.02641650140285492, "obs": 0.0076179910167641675}, "190.0": {"exp-2": 0.011654663085937501, "exp-1": 0.01571667194366455, "exp0": 0.022265625, "exp+1": 0.03229457139968872, "exp+2": 0.045435720682144166, "obs": 0.01293987114321121}, "450.0": {"exp-2": 0.007897567749023438, "exp-1": 0.01059393882751465, "exp0": 0.015087890625000001, "exp+1": 0.02188382148742676, "exp+2": 0.030858981609344485, "obs": 0.009037727485798125}, "250.0": {"exp-2": 0.010581207275390626, "exp-1": 0.014193820953369142, "exp0": 0.020214843750000003, "exp+1": 0.029279783368110657, "exp+2": 0.041256952285766604, "obs": 0.011626155457928647}, "170.0": {"exp-2": 0.012012481689453125, "exp-1": 0.016199201345443726, "exp0": 0.02294921875, "exp+1": 0.03324033319950104, "exp+2": 0.04680191278457642, "obs": 0.0135040735258399}, "100.0": {"exp-2": 0.002184104919433594, "exp-1": 0.0029535055160522464, "exp0": 0.00423583984375, "exp+1": 0.0062535062432289125, "exp+2": 0.009023411571979523, "obs": 0.0021131598133927103}, "1100.0": {"exp-2": 0.0017059803009033204, "exp-1": 0.0022976219654083255, "exp0": 0.0032836914062500003, "exp+1": 0.004788918793201447, "exp+2": 0.006793353706598282, "obs": 0.0020339970049478412}, "1300.0": {"exp-2": 0.0014142513275146485, "exp-1": 0.0019047200679779054, "exp0": 0.00272216796875, "exp+1": 0.003975421190261841, "exp+2": 0.0056476019322872165, "obs": 0.001718942655047745}, "350.0": {"exp-2": 0.0092010498046875, "exp-1": 0.012342453002929688, "exp0": 0.017578125, "exp+1": 0.025495713949203493, "exp+2": 0.0359249085187912, "obs": 0.010020893397113116}, "650.0": {"exp-2": 0.005469512939453126, "exp-1": 0.007336902618408203, "exp0": 0.010449218750000001, "exp+1": 0.015197436511516572, "exp+2": 0.02147860825061798, "obs": 0.00638356045903733}, "800.0": {"exp-2": 0.0037924766540527346, "exp-1": 0.005135125666856766, "exp0": 0.0072998046875000005, "exp+1": 0.010616900771856308, "exp+2": 0.01501622498035431, "obs": 0.0044340724877406715}, "60.0": {"exp-2": 0.004629611968994141, "exp-1": 0.006235182285308838, "exp0": 0.0089111328125, "exp+1": 0.01301371157169342, "exp+2": 0.018542680144309997, "obs": 0.004423719570678973}, "1000.0": {"exp-2": 0.0022260189056396485, "exp-1": 0.0030140955001115802, "exp0": 0.00428466796875, "exp+1": 0.006248737871646881, "exp+2": 0.008857568353414535, "obs": 0.0026101160932136195}, "120.0": {"exp-2": 0.0014023542404174806, "exp-1": 0.0019041508436203004, "exp0": 0.0027404785156250003, "exp+1": 0.004062242060899735, "exp+2": 0.005884989723563195, "obs": 0.0014382887936875291}, "1200.0": {"exp-2": 0.0013595581054687501, "exp-1": 0.0018484711647033692, "exp0": 0.00263671875, "exp+1": 0.0038453772664070133, "exp+2": 0.005458961054682732, "obs": 0.00165436475207131}, "550.0": {"exp-2": 0.006633663177490235, "exp-1": 0.008982176333665848, "exp0": 0.012768554687500001, "exp+1": 0.018545252084732056, "exp+2": 0.02623025178909302, "obs": 0.007779580918988279}, "700.0": {"exp-2": 0.004832553863525391, "exp-1": 0.006543421000242234, "exp0": 0.0093017578125, "exp+1": 0.013510020077228548, "exp+2": 0.019094032049179078, "obs": 0.005654217836330033}, "500.0": {"exp-2": 0.0072841644287109375, "exp-1": 0.009771108627319336, "exp0": 0.013916015625, "exp+1": 0.02018410712480545, "exp+2": 0.028505393862724306, "obs": 0.008313643325797654}}