{"600.0": {"exp-2": 0.0015718460083007813, "exp-1": 0.002119682729244232, "exp0": 0.0030029296875, "exp+1": 0.004313623532652855, "exp+2": 0.0059697583317756655, "obs": 0.001547744674949458}, "80.0": {"exp-2": 0.001750755310058594, "exp-1": 0.0023609474301338196, "exp0": 0.0033447265625000003, "exp+1": 0.004831269383430481, "exp+2": 0.00673452913761139, "obs": 0.0018004538625830153}, "70.0": {"exp-2": 0.0013545989990234376, "exp-1": 0.0018170833587646486, "exp0": 0.0025878906250000003, "exp+1": 0.0037380624562501907, "exp+2": 0.005222760885953904, "obs": 0.001316998834470182}, "90.0": {"exp-2": 0.002433300018310547, "exp-1": 0.003268197923898697, "exp0": 0.0046142578125000005, "exp+1": 0.006609857827425004, "exp+2": 0.009146478027105331, "obs": 0.0023742877983562796}, "150.0": {"exp-2": 0.00350189208984375, "exp-1": 0.004684746265411377, "exp0": 0.006591796875, "exp+1": 0.009350690990686417, "exp+2": 0.012786556780338288, "obs": 0.0038850303866861755}, "300.0": {"exp-2": 0.0025421142578125003, "exp-1": 0.0034007787704467777, "exp0": 0.00478515625, "exp+1": 0.0068165197968482975, "exp+2": 0.00933927670121193, "obs": 0.0026461619728941443}, "900.0": {"exp-2": 0.004434394836425781, "exp-1": 0.005979917943477631, "exp0": 0.0084716796875, "exp+1": 0.012169328331947327, "exp+2": 0.01688133329153061, "obs": 0.00460486119880905}, "400.0": {"exp-2": 0.001989126205444336, "exp-1": 0.0026716221123933796, "exp0": 0.0037719726562500003, "exp+1": 0.005388261377811432, "exp+2": 0.007407594472169876, "obs": 0.002001236446387782}, "190.0": {"exp-2": 0.0031906127929687503, "exp-1": 0.004268324375152588, "exp0": 0.006005859375, "exp+1": 0.008531488478183746, "exp+2": 0.011677104234695436, "obs": 0.003452896098564857}, "450.0": {"exp-2": 0.0018088817596435547, "exp-1": 0.002429533377289772, "exp0": 0.00343017578125, "exp+1": 0.004900004714727402, "exp+2": 0.006752559542655945, "obs": 0.0017781554323225636}, "250.0": {"exp-2": 0.00282745361328125, "exp-1": 0.003782498836517334, "exp0": 0.005322265625, "exp+1": 0.007560424506664276, "exp+2": 0.010356424748897553, "obs": 0.002969675070325479}, "170.0": {"exp-2": 0.0033267974853515626, "exp-1": 0.004450508952140809, "exp0": 0.0062622070312500005, "exp+1": 0.008895637094974517, "exp+2": 0.012165608257055283, "obs": 0.00355792324074376}, "100.0": {"exp-2": 0.0034500122070312503, "exp-1": 0.0046153426170349125, "exp0": 0.006494140625, "exp+1": 0.009225105494260788, "exp+2": 0.012647014856338502, "obs": 0.00358777942173905}, "350.0": {"exp-2": 0.0022079944610595703, "exp-1": 0.002965587005019188, "exp0": 0.0041870117187500005, "exp+1": 0.00597279965877533, "exp+2": 0.008203893899917603, "obs": 0.002214948394694739}, "650.0": {"exp-2": 0.0016485214233398439, "exp-1": 0.002223081886768341, "exp0": 0.0031494140625, "exp+1": 0.004530321061611176, "exp+2": 0.0062798701226711275, "obs": 0.0016208608576250266}, "800.0": {"exp-2": 0.0024919509887695312, "exp-1": 0.003342747688293457, "exp0": 0.0047607421875, "exp+1": 0.006848159432411194, "exp+2": 0.009515175968408585, "obs": 0.002676393460021794}, "60.0": {"exp-2": 0.0012427806854248048, "exp-1": 0.001667088270187378, "exp0": 0.0023742675781250003, "exp+1": 0.003429495915770531, "exp+2": 0.004795338213443756, "obs": 0.0011990458434068781}, "1000.0": {"exp-2": 0.014772796630859376, "exp-1": 0.019921571016311646, "exp0": 0.028222656250000002, "exp+1": 0.04042854905128479, "exp+2": 0.05585488080978394, "obs": 0.01609298359525038}, "120.0": {"exp-2": 0.0037742614746093753, "exp-1": 0.005075132846832276, "exp0": 0.0071044921875, "exp+1": 0.010077967494726182, "exp+2": 0.013781066238880159, "obs": 0.004247357252802515}, "550.0": {"exp-2": 0.0015782356262207032, "exp-1": 0.0021282993257045746, "exp0": 0.0030151367187500003, "exp+1": 0.004325149208307267, "exp+2": 0.00598062239587307, "obs": 0.0016447883465044904}, "700.0": {"exp-2": 0.001744365692138672, "exp-1": 0.002352330833673477, "exp0": 0.00333251953125, "exp+1": 0.00478706993162632, "exp+2": 0.00663541853427887, "obs": 0.00170630839081952}, "500.0": {"exp-2": 0.001651167869567871, "exp-1": 0.0022177057340741157, "exp0": 0.0031311035156250003, "exp+1": 0.004479020461440087, "exp+2": 0.006172887235879898, "obs": 0.0016426440417390985}}