{"600.0": {"exp-2": 0.034033203125, "exp-1": 0.04552879333496094, "exp0": 0.06406250000000001, "exp+1": 0.09087486863136292, "exp+2": 0.1245708703994751, "obs": 0.06318120721241109}, "80.0": {"exp-2": 0.0015047550201416017, "exp-1": 0.002029208466410637, "exp0": 0.002874755859375, "exp+1": 0.004118046537041664, "exp+2": 0.005707431584596634, "obs": 0.0025324423810594}, "70.0": {"exp-2": 0.0015750408172607424, "exp-1": 0.0021239910274744034, "exp0": 0.0030090332031250003, "exp+1": 0.004310397058725358, "exp+2": 0.005969294905662537, "obs": 0.0026564446908614145}, "90.0": {"exp-2": 0.0014568328857421876, "exp-1": 0.001964583992958069, "exp0": 0.002783203125, "exp+1": 0.003986898437142373, "exp+2": 0.005525666475296021, "obs": 0.002416330180458109}, "150.0": {"exp-2": 0.0015900135040283203, "exp-1": 0.0021355684846639635, "exp0": 0.0030151367187500003, "exp+1": 0.004331158474087715, "exp+2": 0.005998749658465386, "obs": 0.00267335891228731}, "300.0": {"exp-2": 0.0030384063720703125, "exp-1": 0.004080924391746521, "exp0": 0.00576171875, "exp+1": 0.00824209600687027, "exp+2": 0.0113862581551075, "obs": 0.004982527192902989}, "400.0": {"exp-2": 0.0056938171386718755, "exp-1": 0.007617050409317017, "exp0": 0.010717773437500001, "exp+1": 0.015246252715587617, "exp+2": 0.020954497158527374, "obs": 0.00863508062535904}, "190.0": {"exp-2": 0.0018024444580078125, "exp-1": 0.0024208873510360718, "exp0": 0.00341796875, "exp+1": 0.004909815266728401, "exp+2": 0.006810912489891053, "obs": 0.0030314926105527336}, "450.0": {"exp-2": 0.008197021484375, "exp-1": 0.010965776443481446, "exp0": 0.0154296875, "exp+1": 0.021918295323848726, "exp+2": 0.030072960257530215, "obs": 0.012144598244984076}, "100.0": {"exp-2": 0.001440858840942383, "exp-1": 0.0019430425018072128, "exp0": 0.002752685546875, "exp+1": 0.003948668763041496, "exp+2": 0.00546867847442627, "obs": 0.0024097775231141424}, "170.0": {"exp-2": 0.0016772747039794922, "exp-1": 0.002261856570839882, "exp0": 0.003204345703125, "exp+1": 0.0045965656638145445, "exp+2": 0.006365977972745896, "obs": 0.0028135190826335654}, "250.0": {"exp-2": 0.002287483215332031, "exp-1": 0.003084741532802582, "exp0": 0.0043701171875000005, "exp+1": 0.006268839538097382, "exp+2": 0.008695692569017411, "obs": 0.0038178798525948677}, "85.0": {"exp-2": 0.0014998912811279297, "exp-1": 0.00201452411711216, "exp0": 0.00284423828125, "exp+1": 0.004079999029636384, "exp+2": 0.005655024945735932, "obs": 0.002539333056803551}, "350.0": {"exp-2": 0.004042625427246094, "exp-1": 0.005429704487323762, "exp0": 0.0076660156250000005, "exp+1": 0.010920343548059465, "exp+2": 0.01505870670080185, "obs": 0.0063670273250564235}, "650.0": {"exp-2": 0.058520507812500004, "exp-1": 0.0786907196044922, "exp0": 0.11015625000000001, "exp+1": 0.15647999048233033, "exp+2": 0.2145237922668457, "obs": 0.12238589180987217}, "95.0": {"exp-2": 0.0014504432678222657, "exp-1": 0.0019559673964977264, "exp0": 0.0027709960937500003, "exp+1": 0.003969412297010422, "exp+2": 0.005501431226730347, "obs": 0.0024161376834251785}, "700.0": {"exp-2": 0.1050048828125, "exp-1": 0.1411968231201172, "exp0": 0.19765625, "exp+1": 0.2803822040557861, "exp+2": 0.38372039794921875, "obs": 0.22471553024040808}, "75.0": {"exp-2": 0.00153350830078125, "exp-1": 0.0020679831504821777, "exp0": 0.0029296875, "exp+1": 0.004196735471487046, "exp+2": 0.005816490948200226, "obs": 0.0026012269858509234}, "130.0": {"exp-2": 0.0015224218368530273, "exp-1": 0.0020447852090001105, "exp0": 0.0028869628906250003, "exp+1": 0.004141286760568619, "exp+2": 0.005735443159937859, "obs": 0.002529618188836392}, "120.0": {"exp-2": 0.001482391357421875, "exp-1": 0.0019990503787994385, "exp0": 0.0028320312500000003, "exp+1": 0.004056844115257263, "exp+2": 0.005622607842087746, "obs": 0.0024638510487347727}, "110.0": {"exp-2": 0.0014677047729492188, "exp-1": 0.0019712939858436587, "exp0": 0.002783203125, "exp+1": 0.0039924453943967824, "exp+2": 0.005529306456446648, "obs": 0.002451330775655443}, "550.0": {"exp-2": 0.020077514648437503, "exp-1": 0.026859211921691897, "exp0": 0.03779296875, "exp+1": 0.0536106288433075, "exp+2": 0.07336946725845338, "obs": 0.032354102166564765}, "60.0": {"exp-2": 0.0016608238220214844, "exp-1": 0.0022306747734546664, "exp0": 0.0031494140625, "exp+1": 0.004517767205834389, "exp+2": 0.006251906603574753, "obs": 0.0027919922131047978}, "500.0": {"exp-2": 0.012347412109375, "exp-1": 0.01660318374633789, "exp0": 0.0232421875, "exp+1": 0.03301616609096527, "exp+2": 0.045299777388572694, "obs": 0.01773077718187292}, "750.0": {"exp-2": 0.20235595703125, "exp-1": 0.2696425437927246, "exp0": 0.37812500000000004, "exp+1": 0.5356297492980957, "exp+2": 0.7317636966705323, "obs": 0.2672506996330628}}