{"110.0": {"exp-2": 0.05266342163085938, "exp-1": 0.07130783200263978, "exp0": 0.10136718750000001, "exp+1": 0.1474293351173401, "exp+2": 0.20804848670959475, "obs": 0.04581400272121018}, "80.0": {"exp-2": 0.07483520507812501, "exp-1": 0.10091757774353027, "exp0": 0.14296875, "exp+1": 0.2067952632904053, "exp+2": 0.2896058797836304, "obs": 0.0582076110476184}, "70.0": {"exp-2": 0.10386962890625001, "exp-1": 0.14007139205932617, "exp0": 0.19843750000000002, "exp+1": 0.28663182258605957, "exp+2": 0.4010961055755615, "obs": 0.07874204881413194}, "95.0": {"exp-2": 0.05175018310546875, "exp-1": 0.070071280002594, "exp0": 0.099609375, "exp+1": 0.1444757103919983, "exp+2": 0.2035744905471802, "obs": 0.04504901414716711}, "90.0": {"exp-2": 0.055615234375, "exp-1": 0.074603271484375, "exp0": 0.10625000000000001, "exp+1": 0.1541074275970459, "exp+2": 0.21714611053466798, "obs": 0.04475085319884495}, "100.0": {"exp-2": 0.05002517700195313, "exp-1": 0.0677355706691742, "exp0": 0.09628906250000001, "exp+1": 0.13985176086425782, "exp+2": 0.19735708236694338, "obs": 0.04268731957788189}, "60.0": {"exp-2": 0.11675109863281251, "exp-1": 0.15744245052337646, "exp0": 0.223046875, "exp+1": 0.3217341423034668, "exp+2": 0.4509026050567627, "obs": 0.09603866151625563}, "75.0": {"exp-2": 0.08914794921875001, "exp-1": 0.12021875381469727, "exp0": 0.1703125, "exp+1": 0.2463462591171265, "exp+2": 0.34526016712188723, "obs": 0.06667100896904524}, "85.0": {"exp-2": 0.06563415527343751, "exp-1": 0.08804283142089844, "exp0": 0.125390625, "exp+1": 0.18136961460113527, "exp+2": 0.25458431243896484, "obs": 0.05298742131114639}}