{"600.0": {"exp-2": 0.003846549987792969, "exp-1": 0.005187191069126129, "exp+2": 0.014654976129531861, "exp+1": 0.010556103289127351, "exp0": 0.0073486328125, "obs": 0.006846749630476211}, "80.0": {"exp-2": 0.001642131805419922, "exp-1": 0.0022144652903079987, "exp+2": 0.006270257383584977, "exp+1": 0.004512761533260345, "exp0": 0.0031372070312500003, "obs": 0.0036851024792294764}, "70.0": {"exp-2": 0.0015284061431884766, "exp-1": 0.0020695071667432784, "exp+2": 0.005963854864239693, "exp+1": 0.0042552646249532705, "exp0": 0.00294189453125, "obs": 0.0033607628472064697}, "90.0": {"exp-2": 0.0014568328857421876, "exp-1": 0.001964583992958069, "exp+2": 0.005525666475296021, "exp+1": 0.003986898437142373, "exp0": 0.002783203125, "obs": 0.002416330180458109}, "150.0": {"exp-2": 0.0014983654022216798, "exp-1": 0.0020205918699502945, "exp+2": 0.005751067399978638, "exp+1": 0.004129085689783096, "exp0": 0.0028625488281250003, "obs": 0.002089868546550691}, "300.0": {"exp-2": 0.0016932487487792969, "exp-1": 0.002283398061990738, "exp+2": 0.006474689394235612, "exp+1": 0.004659684002399445, "exp0": 0.00323486328125, "obs": 0.003833707646866426}, "350.0": {"exp-2": 0.0018849372863769531, "exp-1": 0.00254189595580101, "exp+2": 0.007191742211580277, "exp+1": 0.005180018022656441, "exp0": 0.00360107421875, "obs": 0.0059097475516995766}, "550.0": {"exp-2": 0.0031948089599609375, "exp-1": 0.004308298230171204, "exp+2": 0.012181469798088075, "exp+1": 0.008767527341842652, "exp0": 0.006103515625, "obs": 0.005599380408796324}, "450.0": {"exp-2": 0.002140522003173828, "exp-1": 0.0028865598142147064, "exp+2": 0.008161585032939912, "exp+1": 0.005874243378639222, "exp0": 0.00408935546875, "obs": 0.00678188357404216}, "100.0": {"exp-2": 0.001440858840942383, "exp-1": 0.0019430425018072128, "exp+2": 0.00546867847442627, "exp+1": 0.003948668763041496, "exp0": 0.002752685546875, "obs": 0.0024097775231141424}, "170.0": {"exp-2": 0.0015526771545410158, "exp-1": 0.002093832939863205, "exp+2": 0.005928687006235123, "exp+1": 0.004266930371522904, "exp0": 0.00296630859375, "obs": 0.0035166816969513185}, "250.0": {"exp-2": 0.0015782356262207032, "exp-1": 0.0021282993257045746, "exp+2": 0.006039611250162125, "exp+1": 0.004343177005648613, "exp0": 0.0030151367187500003, "obs": 0.0035623222769120434}, "85.0": {"exp-2": 0.0014998912811279297, "exp-1": 0.00201452411711216, "exp+2": 0.005655024945735932, "exp+1": 0.004079999029636384, "exp0": 0.00284423828125, "obs": 0.002539333056803551}, "400.0": {"exp-2": 0.0019616127014160157, "exp-1": 0.002645295113325119, "exp+2": 0.007473550736904144, "exp+1": 0.005383261665701866, "exp0": 0.0037475585937500003, "obs": 0.006264654136545167}, "650.0": {"exp-2": 0.005443954467773438, "exp-1": 0.007341340184211731, "exp+2": 0.02064583003520966, "exp+1": 0.014919137954711914, "exp0": 0.010400390625, "obs": 0.009674036785838017}, "95.0": {"exp-2": 0.0014504432678222657, "exp-1": 0.0019559673964977264, "exp+2": 0.005501431226730347, "exp+1": 0.003969412297010422, "exp0": 0.0027709960937500003, "obs": 0.0024161376834251785}, "700.0": {"exp-2": 0.010222434997558594, "exp-1": 0.013729889690876008, "exp+2": 0.03822141587734223, "exp+1": 0.027691128849983218, "exp0": 0.019384765625, "obs": 0.017798983321480097}, "75.0": {"exp-2": 0.001587820053100586, "exp-1": 0.002141224220395088, "exp+2": 0.006081030145287514, "exp+1": 0.004369552433490753, "exp0": 0.003033447265625, "obs": 0.00367196827224474}, "130.0": {"exp-2": 0.001482391357421875, "exp-1": 0.0019990503787994385, "exp+2": 0.005685334652662278, "exp+1": 0.004085065796971321, "exp0": 0.0028320312500000003, "obs": 0.0020663760124863275}, "120.0": {"exp-2": 0.0014664173126220704, "exp-1": 0.0019775088876485825, "exp+2": 0.005637189373373985, "exp+1": 0.004041045531630517, "exp0": 0.0028015136718750003, "obs": 0.0020669879859806987}, "110.0": {"exp-2": 0.0014696121215820312, "exp-1": 0.0019818171858787537, "exp+2": 0.005637093633413315, "exp+1": 0.004044253751635552, "exp0": 0.0028076171875, "obs": 0.0020522441219165788}, "190.0": {"exp-2": 0.0015526771545410158, "exp-1": 0.002093832939863205, "exp+2": 0.005928687006235123, "exp+1": 0.004266930371522904, "exp0": 0.00296630859375, "obs": 0.003505192167343283}, "60.0": {"exp-2": 0.0013867378234863283, "exp-1": 0.0018829464912414552, "exp+2": 0.005803115293383599, "exp+1": 0.004038609564304352, "exp0": 0.0027099609375000003, "obs": 0.003020199030263201}, "500.0": {"exp-2": 0.0025430679321289066, "exp-1": 0.003429405391216278, "exp+2": 0.00969645008444786, "exp+1": 0.006978952139616013, "exp0": 0.0048583984375000005, "obs": 0.00799830051094289}, "750.0": {"exp-2": 0.017587280273437502, "exp-1": 0.023527836799621584, "exp+2": 0.06432182788848877, "exp+1": 0.04696125090122223, "exp0": 0.03310546875, "obs": 0.03025814514924234}}