{"600.0": {"exp-2": 0.031146240234375, "exp-1": 0.042945814132690434, "exp0": 0.06328125, "exp+1": 0.09758613109588624, "exp+2": 0.14945334196090698, "obs": 0.040339972661427775}, "2600.0": {"exp-2": 0.0025354385375976566, "exp-1": 0.0034755378961563114, "exp0": 0.0051513671875, "exp+1": 0.007954199612140656, "exp+2": 0.012185859680175782, "obs": 0.0032012383382121826}, "80.0": {"exp-2": 0.020139312744140627, "exp-1": 0.027768975496292116, "exp0": 0.040917968750000006, "exp+1": 0.06326277256011963, "exp+2": 0.09718900918960571, "obs": 0.02593231849440336}, "70.0": {"exp-2": 0.024128723144531253, "exp-1": 0.033269751071929934, "exp0": 0.0490234375, "exp+1": 0.07559913396835327, "exp+2": 0.11592371463775636, "obs": 0.032644551988983826}, "90.0": {"exp-2": 0.018793487548828126, "exp-1": 0.025913292169570924, "exp0": 0.03818359375, "exp+1": 0.0590351939201355, "exp+2": 0.09069427847862244, "obs": 0.024464885597676206}, "150.0": {"exp-2": 0.07150726318359375, "exp-1": 0.09817732572555543, "exp0": 0.144140625, "exp+1": 0.22227952480316163, "exp+2": 0.3404215097427368, "obs": 0.10908014979291575}, "1400.0": {"exp-2": 0.0117279052734375, "exp-1": 0.01617095470428467, "exp0": 0.023828125000000002, "exp+1": 0.03665041625499726, "exp+2": 0.05588292479515076, "obs": 0.015807823320783006}, "300.0": {"exp-2": 0.046142578125, "exp-1": 0.06362342834472656, "exp0": 0.09375, "exp+1": 0.14419835805892944, "exp+2": 0.22041754722595217, "obs": 0.060829632938372326}, "900.0": {"exp-2": 0.021219635009765626, "exp-1": 0.02913392186164856, "exp0": 0.042773437500000004, "exp+1": 0.06579049825668336, "exp+2": 0.10043996572494507, "obs": 0.02869916053320644}, "400.0": {"exp-2": 0.042826843261718754, "exp-1": 0.0587999701499939, "exp0": 0.086328125, "exp+1": 0.13295470476150514, "exp+2": 0.2030467987060547, "obs": 0.05548287861364707}, "1600.0": {"exp-2": 0.008747863769531251, "exp-1": 0.012061941623687745, "exp0": 0.0177734375, "exp+1": 0.02733760476112366, "exp+2": 0.04173533022403717, "obs": 0.011758591708197527}, "190.0": {"exp-2": 0.062677001953125, "exp-1": 0.08642182350158692, "exp0": 0.12734375, "exp+1": 0.19663082361221315, "exp+2": 0.3019836187362671, "obs": 0.08619835233115879}, "450.0": {"exp-2": 0.039920043945312504, "exp-1": 0.05480902194976807, "exp0": 0.08046875, "exp+1": 0.1237702488899231, "exp+2": 0.188719379901886, "obs": 0.05556407810267086}, "250.0": {"exp-2": 0.0544097900390625, "exp-1": 0.07502262592315674, "exp0": 0.110546875, "exp+1": 0.1704745411872864, "exp+2": 0.2610820770263672, "obs": 0.07090674662971778}, "170.0": {"exp-2": 0.066522216796875, "exp-1": 0.09172377586364747, "exp0": 0.13515625, "exp+1": 0.20815532207489015, "exp+2": 0.31947691440582277, "obs": 0.08575369829542899}, "100.0": {"exp-2": 0.017255401611328127, "exp-1": 0.023792511224746706, "exp0": 0.03505859375, "exp+1": 0.054063922166824346, "exp+2": 0.08290162682533264, "obs": 0.023803619701702545}, "1100.0": {"exp-2": 0.01724700927734375, "exp-1": 0.023679625988006592, "exp0": 0.034765625, "exp+1": 0.05347355604171753, "exp+2": 0.08143206238746643, "obs": 0.02310029171352625}, "1300.0": {"exp-2": 0.013073730468750001, "exp-1": 0.01802663803100586, "exp0": 0.026562500000000003, "exp+1": 0.040856200456619265, "exp+2": 0.06237367987632752, "obs": 0.01780292720987466}, "2400.0": {"exp-2": 0.001904582977294922, "exp-1": 0.0026107713580131534, "exp0": 0.0038696289062500003, "exp+1": 0.005982786417007446, "exp+2": 0.00917990729212761, "obs": 0.0024011888162600984}, "2200.0": {"exp-2": 0.002895927429199219, "exp-1": 0.003969690203666687, "exp0": 0.0058837890625, "exp+1": 0.009132034331560136, "exp+2": 0.014025153219699861, "obs": 0.0036328243321614956}, "350.0": {"exp-2": 0.04398956298828125, "exp-1": 0.060396349430084234, "exp0": 0.08867187500000001, "exp+1": 0.1362108826637268, "exp+2": 0.20787596702575684, "obs": 0.06067460645955829}, "650.0": {"exp-2": 0.0313934326171875, "exp-1": 0.04310224056243897, "exp0": 0.06328125, "exp+1": 0.09733389019966127, "exp+2": 0.1484103798866272, "obs": 0.04370725224458341}, "800.0": {"exp-2": 0.023835754394531252, "exp-1": 0.03272577524185181, "exp0": 0.048046875, "exp+1": 0.0739016592502594, "exp+2": 0.11282297372817994, "obs": 0.032422867545214805}, "60.0": {"exp-2": 0.024224853515625002, "exp-1": 0.033402299880981444, "exp0": 0.049218750000000006, "exp+1": 0.076096510887146, "exp+2": 0.11676146984100343, "obs": 0.03146235650523059}, "2800.0": {"exp-2": 0.010173797607421875, "exp-1": 0.013968318700790405, "exp0": 0.0205078125, "exp+1": 0.031543388962745667, "exp+2": 0.04797557592391968, "obs": 0.014327933710725778}, "1000.0": {"exp-2": 0.019184875488281253, "exp-1": 0.02634025812149048, "exp0": 0.038671875, "exp+1": 0.0594047486782074, "exp+2": 0.09043225049972535, "obs": 0.026140391468262136}, "2000.0": {"exp-2": 0.004530143737792969, "exp-1": 0.0062463626265525825, "exp0": 0.0092041015625, "exp+1": 0.014193661510944366, "exp+2": 0.02168373465538025, "obs": 0.0058934988895673465}, "120.0": {"exp-2": 0.014275360107421876, "exp-1": 0.019683498144149783, "exp0": 0.029003906250000003, "exp+1": 0.044958198070526124, "exp+2": 0.06927982568740845, "obs": 0.01928381958948511}, "1800.0": {"exp-2": 0.006392669677734376, "exp-1": 0.00881449580192566, "exp0": 0.01298828125, "exp+1": 0.02002925276756287, "exp+2": 0.03063681721687317, "obs": 0.008314140891378682}, "1200.0": {"exp-2": 0.014996337890625001, "exp-1": 0.020677614212036136, "exp0": 0.030468750000000003, "exp+1": 0.046803739666938786, "exp+2": 0.07133919596672059, "obs": 0.021105986936069604}, "550.0": {"exp-2": 0.036722564697265626, "exp-1": 0.05041897892951966, "exp0": 0.0740234375, "exp+1": 0.11356155872344971, "exp+2": 0.173249089717865, "obs": 0.05143577167438761}, "700.0": {"exp-2": 0.029940032958984376, "exp-1": 0.041106766462326055, "exp0": 0.060351562500000004, "exp+1": 0.09282768964767457, "exp+2": 0.14153953790664672, "obs": 0.040793924357794775}, "500.0": {"exp-2": 0.036431884765625, "exp-1": 0.05001988410949707, "exp0": 0.0734375, "exp+1": 0.11266264915466309, "exp+2": 0.17187771797180176, "obs": 0.048288605284490665}}