{"80.0": {"exp-2": 0.024200820922851564, "exp-1": 0.03259377479553223, "exp0": 0.04658203125, "exp+1": 0.06784216165542603, "exp+2": 0.09602432250976563, "obs": 0.03934243039398066}, "70.0": {"exp-2": 0.02110595703125, "exp-1": 0.02842559814453125, "exp0": 0.040625, "exp+1": 0.05916633009910584, "exp+2": 0.08374448418617249, "obs": 0.03509848807077522}, "95.0": {"exp-2": 0.0369354248046875, "exp-1": 0.04974479675292969, "exp0": 0.07109375, "exp+1": 0.10311599969863892, "exp+2": 0.14562755823135376, "obs": 0.05842795867397674}, "90.0": {"exp-2": 0.031557464599609376, "exp-1": 0.04272974133491517, "exp0": 0.0607421875, "exp+1": 0.08834397792816162, "exp+2": 0.12485694885253906, "obs": 0.0491481194144345}, "150.0": {"exp-2": 0.191162109375, "exp-1": 0.25675239562988283, "exp0": 0.36250000000000004, "exp+1": 0.5207210063934327, "exp+2": 0.7251857280731202, "obs": 0.30379326108660276}, "75.0": {"exp-2": 0.02210540771484375, "exp-1": 0.030054771900177003, "exp0": 0.042871093750000006, "exp+1": 0.062437540292739874, "exp+2": 0.08850725293159485, "obs": 0.0383138899999219}, "130.0": {"exp-2": 0.10959472656250001, "exp-1": 0.14779186248779297, "exp0": 0.209375, "exp+1": 0.3011785507202149, "exp+2": 0.42109365463256837, "obs": 0.18753450440155892}, "120.0": {"exp-2": 0.081787109375, "exp-1": 0.11029243469238281, "exp0": 0.15625, "exp+1": 0.2256943464279175, "exp+2": 0.3163108825683594, "obs": 0.12968545574136864}, "110.0": {"exp-2": 0.059295654296875, "exp-1": 0.07954025268554688, "exp0": 0.11328125, "exp+1": 0.16385416984558107, "exp+2": 0.22982192039489746, "obs": 0.10063709196440013}, "190.0": {"exp-2": 0.296630859375, "exp-1": 0.3984088897705078, "exp0": 0.5625, "exp+1": 0.8102574348449707, "exp+2": 1.1311376571655274, "obs": 0.5196475362181275}, "100.0": {"exp-2": 0.043756103515625006, "exp-1": 0.058695220947265626, "exp0": 0.08359375000000001, "exp+1": 0.12157949209213258, "exp+2": 0.17144033908843995, "obs": 0.0677853582504457}, "170.0": {"exp-2": 0.274383544921875, "exp-1": 0.36852822303771976, "exp0": 0.5203125000000001, "exp+1": 0.7484511852264405, "exp+2": 1.0456350326538086, "obs": 0.4014719540527838}, "60.0": {"exp-2": 0.0201416015625, "exp-1": 0.02738475799560547, "exp0": 0.0390625, "exp+1": 0.056890702247619634, "exp+2": 0.08058398365974427, "obs": 0.0333885772845278}, "85.0": {"exp-2": 0.028614807128906253, "exp-1": 0.03853855133056641, "exp0": 0.055078125000000006, "exp+1": 0.07988656759262086, "exp+2": 0.1127358078956604, "obs": 0.04622615961672894}}