{"80.0": {"exp-2": 0.02536773681640625, "exp-1": 0.03434866666793823, "exp0": 0.048828125, "exp+1": 0.07121068835258484, "exp+2": 0.10071457624435426, "obs": 0.03110853429035141}, "70.0": {"exp-2": 0.02860107421875, "exp-1": 0.03888635635375977, "exp0": 0.055468750000000004, "exp+1": 0.08078479170799256, "exp+2": 0.11442925930023194, "obs": 0.03881914762220454}, "95.0": {"exp-2": 0.02531700134277344, "exp-1": 0.03427996933460236, "exp0": 0.048730468750000006, "exp+1": 0.07077690362930299, "exp+2": 0.09980390667915345, "obs": 0.03127266151484946}, "90.0": {"exp-2": 0.024251556396484377, "exp-1": 0.03283732533454895, "exp0": 0.046679687500000004, "exp+1": 0.06779831647872925, "exp+2": 0.09567614793777467, "obs": 0.029078557970568592}, "150.0": {"exp-2": 0.15580444335937502, "exp-1": 0.21010708808898926, "exp0": 0.29765625, "exp+1": 0.42816801071166993, "exp+2": 0.5972470283508301, "obs": 0.21865086213920965}, "75.0": {"exp-2": 0.027701568603515626, "exp-1": 0.03730859756469727, "exp0": 0.0533203125, "exp+1": 0.07765580415725709, "exp+2": 0.10999714136123658, "obs": 0.03845616708318094}, "130.0": {"exp-2": 0.078515625, "exp-1": 0.1058807373046875, "exp0": 0.15000000000000002, "exp+1": 0.21636760234832764, "exp+2": 0.3029998064041138, "obs": 0.12077553891777665}, "120.0": {"exp-2": 0.055615234375, "exp-1": 0.074603271484375, "exp0": 0.10625000000000001, "exp+1": 0.15368391275405885, "exp+2": 0.21605341434478761, "obs": 0.07749347724280158}, "110.0": {"exp-2": 0.038031005859375, "exp-1": 0.05101547241210938, "exp0": 0.07265625, "exp+1": 0.10552709102630616, "exp+2": 0.14869312047958375, "obs": 0.049857091328831274}, "190.0": {"exp-2": 0.28134765625, "exp-1": 0.3794059753417969, "exp0": 0.5375, "exp+1": 0.7753172874450684, "exp+2": 1.0865883827209473, "obs": 0.6347463947641613}, "100.0": {"exp-2": 0.028107452392578128, "exp-1": 0.038058322668075566, "exp0": 0.054101562500000006, "exp+1": 0.07868579030036926, "exp+2": 0.11103936433792115, "obs": 0.03253742321946409}, "170.0": {"exp-2": 0.26531982421875, "exp-1": 0.3563546180725098, "exp0": 0.503125, "exp+1": 0.7227248191833496, "exp+2": 1.0080842971801758, "obs": 0.4732541453150306}, "60.0": {"exp-2": 0.031100845336914065, "exp-1": 0.042111465334892274, "exp0": 0.059863281250000004, "exp+1": 0.08706569075584412, "exp+2": 0.12295759916305543, "obs": 0.04600101863359745}, "85.0": {"exp-2": 0.02536773681640625, "exp-1": 0.03434866666793823, "exp0": 0.048828125, "exp+1": 0.0708214282989502, "exp+2": 0.09979141354560853, "obs": 0.03027720699071191}}