{"80.0": {"exp-2": 0.01409912109375, "exp-1": 0.019169330596923828, "exp0": 0.02734375, "exp+1": 0.039932483434677125, "exp+2": 0.05664486885070801, "obs": 0.024852505044607454}, "70.0": {"exp-2": 0.011984252929687501, "exp-1": 0.016293931007385253, "exp0": 0.0232421875, "exp+1": 0.03398893177509308, "exp+2": 0.048319855332374574, "obs": 0.02062214832771635}, "95.0": {"exp-2": 0.0193359375, "exp-1": 0.026147460937500002, "exp0": 0.037500000000000006, "exp+1": 0.05476455092430115, "exp+2": 0.07774227261543275, "obs": 0.035368461547363}, "90.0": {"exp-2": 0.01727142333984375, "exp-1": 0.023355674743652344, "exp0": 0.033496093750000004, "exp+1": 0.04885053336620331, "exp+2": 0.06940078735351562, "obs": 0.030830660705572624}, "150.0": {"exp-2": 0.0992889404296875, "exp-1": 0.13335630893707276, "exp0": 0.18828125, "exp+1": 0.27121117115020754, "exp+2": 0.37891118526458745, "obs": 0.1427351536609654}, "75.0": {"exp-2": 0.012991333007812501, "exp-1": 0.017567825317382813, "exp0": 0.0251953125, "exp+1": 0.0367447167634964, "exp+2": 0.052163404226303105, "obs": 0.02451320420244654}, "130.0": {"exp-2": 0.055615234375, "exp-1": 0.07499885559082031, "exp0": 0.10625000000000001, "exp+1": 0.1532603979110718, "exp+2": 0.21495656967163088, "obs": 0.08938400781020808}, "120.0": {"exp-2": 0.039666748046875006, "exp-1": 0.053209686279296876, "exp0": 0.07578125000000001, "exp+1": 0.10976382493972779, "exp+2": 0.15442804098129273, "obs": 0.06954564037965143}, "110.0": {"exp-2": 0.03023834228515625, "exp-1": 0.040943610668182376, "exp0": 0.058203125, "exp+1": 0.08465114235877991, "exp+2": 0.1194575071334839, "obs": 0.055885337856848676}, "190.0": {"exp-2": 0.2253570556640625, "exp-1": 0.3026800870895386, "exp0": 0.42734375, "exp+1": 0.6155705928802491, "exp+2": 0.8600183486938477, "obs": 0.30514213630134884}, "100.0": {"exp-2": 0.02255859375, "exp-1": 0.030670928955078128, "exp0": 0.043750000000000004, "exp+1": 0.06380477547645569, "exp+2": 0.09051070213317872, "obs": 0.041487805128071015}, "170.0": {"exp-2": 0.159027099609375, "exp-1": 0.21359143257141114, "exp0": 0.3015625, "exp+1": 0.4331860065460205, "exp+2": 0.6042244911193848, "obs": 0.22147244033186417}, "60.0": {"exp-2": 0.011455535888671875, "exp-1": 0.015491008758544922, "exp0": 0.022216796875, "exp+1": 0.03253369927406311, "exp+2": 0.04635189473628998, "obs": 0.01978000721072947}, "85.0": {"exp-2": 0.014904785156250001, "exp-1": 0.02015533447265625, "exp0": 0.02890625, "exp+1": 0.04232956171035767, "exp+2": 0.06021939516067505, "obs": 0.02659713708585486}}