{"110.0": {"exp-2": 0.0382354736328125, "exp-1": 0.05128974914550782, "exp+2": 0.14885590076446534, "exp+1": 0.10580327510833741, "exp0": 0.073046875, "obs": 0.03740509005682755}, "80.0": {"exp-2": 0.061135864257812506, "exp-1": 0.08244359493255615, "exp+2": 0.23746533393859864, "exp+1": 0.16917207241058352, "exp0": 0.11679687500000001, "obs": 0.08073331165720732}, "70.0": {"exp-2": 0.05643310546875, "exp-1": 0.07610177993774414, "exp+2": 0.22000455856323242, "exp+1": 0.1563737154006958, "exp0": 0.1078125, "obs": 0.07148877416496413}, "95.0": {"exp-2": 0.05175018310546875, "exp-1": 0.070071280002594, "exp+2": 0.2035744905471802, "exp+1": 0.1444757103919983, "exp0": 0.099609375, "obs": 0.04504901414716711}, "90.0": {"exp-2": 0.055615234375, "exp-1": 0.074603271484375, "exp+2": 0.21714611053466798, "exp+1": 0.1541074275970459, "exp0": 0.10625000000000001, "obs": 0.04475085319884495}, "100.0": {"exp-2": 0.05002517700195313, "exp-1": 0.0677355706691742, "exp+2": 0.19735708236694338, "exp+1": 0.13985176086425782, "exp0": 0.09628906250000001, "obs": 0.04268731957788189}, "60.0": {"exp-2": 0.059091186523437506, "exp-1": 0.07926597595214845, "exp+2": 0.23022558689117434, "exp+1": 0.16351414918899537, "exp0": 0.11289062500000001, "obs": 0.07757718754376748}, "75.0": {"exp-2": 0.0586822509765625, "exp-1": 0.07913482189178467, "exp+2": 0.22828364372253418, "exp+1": 0.16238256692886355, "exp0": 0.11210937500000001, "obs": 0.0685106829216074}, "85.0": {"exp-2": 0.06563415527343751, "exp-1": 0.08804283142089844, "exp+2": 0.25458431243896484, "exp+1": 0.18136961460113527, "exp0": 0.125390625, "obs": 0.05298742131114639}}