{"600.0": {"exp-2": 0.0056396484375, "exp-1": 0.0076263427734375, "exp0": 0.010937500000000001, "exp+1": 0.016081985831260682, "exp+2": 0.023093836009502412, "obs": 0.005945149612072521}, "80.0": {"exp-2": 0.0035730361938476566, "exp-1": 0.0048515558242797855, "exp0": 0.006982421875, "exp+1": 0.01036403849720955, "exp+2": 0.015034091472625733, "obs": 0.003650339922457191}, "70.0": {"exp-2": 0.003985309600830079, "exp-1": 0.005411350727081299, "exp0": 0.0077880859375000005, "exp+1": 0.011513323336839677, "exp+2": 0.016694702208042145, "obs": 0.004731560077117208}, "90.0": {"exp-2": 0.0031614303588867188, "exp-1": 0.004310488700866699, "exp0": 0.0062255859375, "exp+1": 0.009253071248531341, "exp+2": 0.013487207889556886, "obs": 0.003243630863859419}, "150.0": {"exp-2": 0.011669158935546875, "exp-1": 0.015716075897216797, "exp0": 0.0224609375, "exp+1": 0.0329359769821167, "exp+2": 0.04702650010585785, "obs": 0.013032609280776708}, "1400.0": {"exp-2": 0.0013637542724609375, "exp-1": 0.001859426498413086, "exp0": 0.002685546875, "exp+1": 0.0039915207773447035, "exp+2": 0.005813934281468392, "obs": 0.0013813051603760766}, "300.0": {"exp-2": 0.0085601806640625, "exp-1": 0.011575698852539062, "exp0": 0.0166015625, "exp+1": 0.024310895800590517, "exp+2": 0.03481549024581909, "obs": 0.00898474518077001}, "900.0": {"exp-2": 0.0036230087280273438, "exp-1": 0.00491940975189209, "exp0": 0.007080078125, "exp+1": 0.010452546924352647, "exp+2": 0.015082360804080965, "obs": 0.00372775228411113}, "400.0": {"exp-2": 0.007427215576171875, "exp-1": 0.010043621063232422, "exp0": 0.014404296875, "exp+1": 0.02115069329738617, "exp+2": 0.03030828833580017, "obs": 0.007829553907844037}, "1600.0": {"exp-2": 0.00208282470703125, "exp-1": 0.002824079990386963, "exp0": 0.0041015625, "exp+1": 0.006096141040325165, "exp+2": 0.008873236179351807, "obs": 0.0021320325226895035}, "190.0": {"exp-2": 0.0105743408203125, "exp-1": 0.014376997947692871, "exp0": 0.0205078125, "exp+1": 0.03007197976112366, "exp+2": 0.04296877384185791, "obs": 0.012040290810841958}, "450.0": {"exp-2": 0.007024383544921875, "exp-1": 0.009498882293701173, "exp0": 0.013623046875000001, "exp+1": 0.020003537833690646, "exp+2": 0.028664448857307435, "obs": 0.007365282572763156}, "250.0": {"exp-2": 0.00951690673828125, "exp-1": 0.012939298152923585, "exp0": 0.018457031250000002, "exp+1": 0.02706478238105774, "exp+2": 0.038700276613235475, "obs": 0.010452233776060919}, "170.0": {"exp-2": 0.011455535888671875, "exp-1": 0.01557508111000061, "exp0": 0.022216796875, "exp+1": 0.03253369927406311, "exp+2": 0.046488708257675176, "obs": 0.012855942439848694}, "100.0": {"exp-2": 0.002826690673828125, "exp-1": 0.0038540840148925783, "exp0": 0.00556640625, "exp+1": 0.008295521885156632, "exp+2": 0.012113775312900544, "obs": 0.002876996142009338}, "1100.0": {"exp-2": 0.002592325210571289, "exp-1": 0.0035199224948883057, "exp0": 0.00506591796875, "exp+1": 0.007499170303344727, "exp+2": 0.010842043161392213, "obs": 0.0030536660831074233}, "1300.0": {"exp-2": 0.0016613006591796875, "exp-1": 0.0022651195526123048, "exp0": 0.003271484375, "exp+1": 0.004862398281693459, "exp+2": 0.007057596743106843, "obs": 0.0016969791479109137}, "350.0": {"exp-2": 0.008132171630859376, "exp-1": 0.01099691390991211, "exp0": 0.015771484375000002, "exp+1": 0.02312678396701813, "exp+2": 0.0331177830696106, "obs": 0.008831269288803843}, "650.0": {"exp-2": 0.005375289916992188, "exp-1": 0.007268857955932618, "exp0": 0.0104248046875, "exp+1": 0.015348920226097108, "exp+2": 0.022087480127811435, "obs": 0.005607584424767327}, "800.0": {"exp-2": 0.004285144805908203, "exp-1": 0.005818474292755127, "exp0": 0.008374023437500001, "exp+1": 0.012329460680484773, "exp+2": 0.017768056690692903, "obs": 0.004390399505794633}, "60.0": {"exp-2": 0.0043351173400878905, "exp-1": 0.005886328220367432, "exp0": 0.0084716796875, "exp+1": 0.012523896992206573, "exp+2": 0.018095432221889498, "obs": 0.004549636582838772}, "1000.0": {"exp-2": 0.0031607627868652345, "exp-1": 0.004291760921478272, "exp0": 0.0061767578125, "exp+1": 0.009131256490945816, "exp+2": 0.013184075057506562, "obs": 0.0032362426778304977}, "120.0": {"exp-2": 0.0019745349884033206, "exp-1": 0.0027035057544708254, "exp0": 0.00391845703125, "exp+1": 0.005863039568066598, "exp+2": 0.008617361634969711, "obs": 0.0019913957640884466}, "1800.0": {"exp-2": 0.011668586730957033, "exp-1": 0.015843892097473146, "exp0": 0.022802734375, "exp+1": 0.033709856867790225, "exp+2": 0.04860205352306366, "obs": 0.013482220302042176}, "1200.0": {"exp-2": 0.0020890235900878906, "exp-1": 0.002848303318023682, "exp0": 0.00411376953125, "exp+1": 0.006097886711359024, "exp+2": 0.008840299397706987, "obs": 0.002483853922323755}, "550.0": {"exp-2": 0.0061431884765625, "exp-1": 0.008307266235351564, "exp0": 0.011914062500000001, "exp+1": 0.017517878115177157, "exp+2": 0.025155785679817202, "obs": 0.00634876605311162}, "700.0": {"exp-2": 0.0049724578857421875, "exp-1": 0.006724119186401367, "exp0": 0.0096435546875, "exp+1": 0.014198650419712067, "exp+2": 0.020432212948799135, "obs": 0.005129446301409104}, "500.0": {"exp-2": 0.0065460205078125, "exp-1": 0.008852005004882812, "exp0": 0.0126953125, "exp+1": 0.01861598789691925, "exp+2": 0.0267363578081131, "obs": 0.0068097370554371294}}