{"80.0": {"exp-2": 0.021264648437500002, "exp-1": 0.02867603302001953, "exp0": 0.040625, "exp+1": 0.0585995614528656, "exp+2": 0.08212586045265198, "obs": 0.041477977706401103}, "70.0": {"exp-2": 0.022900390625000003, "exp-1": 0.030881881713867188, "exp0": 0.043750000000000004, "exp+1": 0.06310722231864929, "exp+2": 0.08830665946006776, "obs": 0.04554215900421928}, "95.0": {"exp-2": 0.018759918212890626, "exp-1": 0.025298327207565308, "exp0": 0.03583984375, "exp+1": 0.05184006690979004, "exp+2": 0.072822505235672, "obs": 0.03590862468694614}, "90.0": {"exp-2": 0.01952667236328125, "exp-1": 0.026332318782806396, "exp0": 0.0373046875, "exp+1": 0.05403321981430054, "exp+2": 0.07596197724342346, "obs": 0.0388592224855452}, "150.0": {"exp-2": 0.0109588623046875, "exp-1": 0.014759445190429689, "exp0": 0.02109375, "exp+1": 0.030763018131256106, "exp+2": 0.04354129731655121, "obs": 0.013533897583673968}, "75.0": {"exp-2": 0.021264648437500002, "exp-1": 0.02867603302001953, "exp0": 0.040625, "exp+1": 0.05868052840232849, "exp+2": 0.0821774959564209, "obs": 0.03981195151568224}, "130.0": {"exp-2": 0.012714385986328125, "exp-1": 0.017286628484725952, "exp0": 0.024658203125, "exp+1": 0.035961398482322694, "exp+2": 0.050898969173431396, "obs": 0.017868869689376062}, "120.0": {"exp-2": 0.014713287353515625, "exp-1": 0.019922226667404175, "exp0": 0.0283203125, "exp+1": 0.04107642769813538, "exp+2": 0.057966995239257815, "obs": 0.022308503137468162}, "110.0": {"exp-2": 0.015981674194335938, "exp-1": 0.021639660000801086, "exp0": 0.03076171875, "exp+1": 0.04467880725860596, "exp+2": 0.06290702819824219, "obs": 0.027183954952117957}, "300.0": {"exp-2": 0.08795928955078125, "exp-1": 0.11813930273056031, "exp0": 0.166796875, "exp+1": 0.23959898948669434, "exp+2": 0.33394052982330324, "obs": 0.0848017668054974}, "190.0": {"exp-2": 0.010649871826171876, "exp-1": 0.014479690790176393, "exp0": 0.020654296875000002, "exp+1": 0.030204451084136965, "exp+2": 0.04284419119358063, "obs": 0.012140979332089977}, "100.0": {"exp-2": 0.017175292968750002, "exp-1": 0.02303924560546875, "exp0": 0.0328125, "exp+1": 0.04759199917316437, "exp+2": 0.0670598328113556, "obs": 0.03227522439420047}, "170.0": {"exp-2": 0.009894561767578126, "exp-1": 0.013452762365341188, "exp0": 0.019189453125000002, "exp+1": 0.027947556972503663, "exp+2": 0.0395274966955185, "obs": 0.011390715364314075}, "60.0": {"exp-2": 0.024616241455078125, "exp-1": 0.03306240439414978, "exp0": 0.046679687500000004, "exp+1": 0.06733314990997315, "exp+2": 0.09407432079315187, "obs": 0.04765372242553176}, "250.0": {"exp-2": 0.027092742919921878, "exp-1": 0.03648862838745117, "exp0": 0.052148437500000006, "exp+1": 0.0758451521396637, "exp+2": 0.10711151361465454, "obs": 0.02939843363467336}, "85.0": {"exp-2": 0.020600128173828128, "exp-1": 0.02777990698814392, "exp0": 0.039355468750000004, "exp+1": 0.056768327951431274, "exp+2": 0.07962086200714112, "obs": 0.04034067533272459}}