{"600.0": {"exp-2": 0.006210708618164063, "exp-1": 0.00837533175945282, "exp0": 0.011865234375, "exp+1": 0.01704407334327698, "exp+2": 0.023736546933650973, "obs": 0.012077811906787507}, "80.0": {"exp-2": 0.001642131805419922, "exp-1": 0.0022144652903079987, "exp0": 0.0031372070312500003, "exp+1": 0.004512761533260345, "exp+2": 0.006270257383584977, "obs": 0.0036851024792294764}, "70.0": {"exp-2": 0.0015284061431884766, "exp-1": 0.0020695071667432784, "exp0": 0.00294189453125, "exp+1": 0.0042552646249532705, "exp+2": 0.005963854864239693, "obs": 0.0033607628472064697}, "90.0": {"exp-2": 0.0016581058502197266, "exp-1": 0.0022360067814588547, "exp0": 0.0031677246093750003, "exp+1": 0.004550346732139588, "exp+2": 0.006327145546674729, "obs": 0.00368704704564075}, "150.0": {"exp-2": 0.0020470619201660156, "exp-1": 0.0027494363486766818, "exp0": 0.0038818359375, "exp+1": 0.005568410828709603, "exp+2": 0.00771801695227623, "obs": 0.004287268296294278}, "300.0": {"exp-2": 0.003398895263671875, "exp-1": 0.004565101861953735, "exp0": 0.0064453125000000005, "exp+1": 0.009207126498222352, "exp+2": 0.012698231637477875, "obs": 0.006217203235657004}, "400.0": {"exp-2": 0.0040683746337890625, "exp-1": 0.005464288592338562, "exp0": 0.00771484375, "exp+1": 0.01103602722287178, "exp+2": 0.01527027189731598, "obs": 0.007175382107390427}, "190.0": {"exp-2": 0.002357769012451172, "exp-1": 0.0031795240938663483, "exp0": 0.00450439453125, "exp+1": 0.006443503499031067, "exp+2": 0.008922795951366426, "obs": 0.004819011211427327}, "450.0": {"exp-2": 0.004338741302490234, "exp-1": 0.005827421694993973, "exp0": 0.0082275390625, "exp+1": 0.011785831302404404, "exp+2": 0.016334645450115204, "obs": 0.007631177699435241}, "100.0": {"exp-2": 0.0016868591308593752, "exp-1": 0.0022747814655303955, "exp0": 0.0032226562500000003, "exp+1": 0.004635677114129067, "exp+2": 0.006435999274253846, "obs": 0.0037626468656399292}, "170.0": {"exp-2": 0.002198028564453125, "exp-1": 0.002964109182357788, "exp0": 0.00419921875, "exp+1": 0.006006951630115509, "exp+2": 0.008324874192476272, "obs": 0.004540778394498113}, "250.0": {"exp-2": 0.002922534942626953, "exp-1": 0.003925295919179917, "exp0": 0.005541992187500001, "exp+1": 0.007938824594020844, "exp+2": 0.01096804365515709, "obs": 0.005479220902256578}, "85.0": {"exp-2": 0.0016644954681396486, "exp-1": 0.002244623377919197, "exp0": 0.003179931640625, "exp+1": 0.004574219509959221, "exp+2": 0.006350673735141754, "obs": 0.003689041907213537}, "350.0": {"exp-2": 0.003746509552001953, "exp-1": 0.005031987279653549, "exp0": 0.0071044921875, "exp+1": 0.010148764401674271, "exp+2": 0.014019288122653961, "obs": 0.006783154129271678}, "650.0": {"exp-2": 0.008536529541015626, "exp-1": 0.011511772871017456, "exp0": 0.01630859375, "exp+1": 0.023426833748817447, "exp+2": 0.03257443904876709, "obs": 0.017614736552609225}, "95.0": {"exp-2": 0.0016676902770996094, "exp-1": 0.0022489316761493683, "exp0": 0.00318603515625, "exp+1": 0.004582999274134636, "exp+2": 0.006362863630056382, "obs": 0.0037037788109922872}, "700.0": {"exp-2": 0.015114784240722656, "exp-1": 0.020300869643688203, "exp0": 0.028662109375, "exp+1": 0.041058060526847844, "exp+2": 0.056904667615890504, "obs": 0.032232505042520024}, "75.0": {"exp-2": 0.001587820053100586, "exp-1": 0.002141224220395088, "exp0": 0.003033447265625, "exp+1": 0.004369552433490753, "exp+2": 0.006081030145287514, "obs": 0.00367196827224474}, "130.0": {"exp-2": 0.0018721580505371095, "exp-1": 0.0025246627628803253, "exp0": 0.00357666015625, "exp+1": 0.005130642652511597, "exp+2": 0.007116865366697311, "obs": 0.004095741532824569}, "120.0": {"exp-2": 0.001795482635498047, "exp-1": 0.0024212636053562164, "exp0": 0.00343017578125, "exp+1": 0.0049205139279365545, "exp+2": 0.006830770522356033, "obs": 0.0038859393610539816}, "110.0": {"exp-2": 0.001744365692138672, "exp-1": 0.002352330833673477, "exp0": 0.00333251953125, "exp+1": 0.004780428111553193, "exp+2": 0.006631072610616684, "obs": 0.003824647219563497}, "550.0": {"exp-2": 0.005162811279296875, "exp-1": 0.006962209939956665, "exp0": 0.009863281250000001, "exp+1": 0.01416832357645035, "exp+2": 0.019700707495212556, "obs": 0.009898432074044993}, "60.0": {"exp-2": 0.0013867378234863283, "exp-1": 0.0018829464912414552, "exp0": 0.0027099609375000003, "exp+1": 0.004038609564304352, "exp+2": 0.005803115293383599, "obs": 0.003020199030263201}, "500.0": {"exp-2": 0.004562187194824219, "exp-1": 0.006152249872684479, "exp0": 0.0087158203125, "exp+1": 0.012520028650760651, "exp+2": 0.01739513874053955, "obs": 0.00862623467650083}, "750.0": {"exp-2": 0.02945709228515625, "exp-1": 0.039564216136932374, "exp0": 0.055859375, "exp+1": 0.07990642189979554, "exp+2": 0.11082803010940552, "obs": 0.06306610366762735}}