{"600.0": {"exp-2": 0.015894699096679687, "exp-1": 0.021762800216674805, "exp0": 0.031542968750000004, "exp+1": 0.047385153174400334, "exp+2": 0.07018211483955383, "obs": 0.021428965826289132}, "80.0": {"exp-2": 0.009985351562500001, "exp-1": 0.013729858398437501, "exp0": 0.019970703125000003, "exp+1": 0.0302396297454834, "exp+2": 0.04515630006790161, "obs": 0.01206894391489527}, "70.0": {"exp-2": 0.011206054687500001, "exp-1": 0.015408325195312501, "exp0": 0.022412109375000003, "exp+1": 0.03384706974029541, "exp+2": 0.050530499219894415, "obs": 0.013372830689965781}, "90.0": {"exp-2": 0.008837890625, "exp-1": 0.012083053588867188, "exp0": 0.01767578125, "exp+1": 0.026835116744041446, "exp+2": 0.040239724516868594, "obs": 0.010885159540575793}, "150.0": {"exp-2": 0.03580474853515625, "exp-1": 0.048682838678359985, "exp0": 0.0705078125, "exp+1": 0.10591975450515748, "exp+2": 0.1569836139678955, "obs": 0.046097858604659564}, "1400.0": {"exp-2": 0.0046142578125000005, "exp-1": 0.006308555603027344, "exp0": 0.009228515625000001, "exp+1": 0.013973814249038697, "exp+2": 0.020880605280399325, "obs": 0.0066391945961449}, "300.0": {"exp-2": 0.024845123291015625, "exp-1": 0.0336872398853302, "exp0": 0.04892578125, "exp+1": 0.0734008252620697, "exp+2": 0.10851218700408936, "obs": 0.03020466988359163}, "900.0": {"exp-2": 0.009792709350585939, "exp-1": 0.01333272159099579, "exp0": 0.019433593750000002, "exp+1": 0.029271411895751956, "exp+2": 0.043425834178924566, "obs": 0.012148701526030502}, "400.0": {"exp-2": 0.02191925048828125, "exp-1": 0.029803067445755005, "exp0": 0.0431640625, "exp+1": 0.06484284400939942, "exp+2": 0.09597382545471192, "obs": 0.029398322293728543}, "1600.0": {"exp-2": 0.002972412109375, "exp-1": 0.004063844680786133, "exp0": 0.00594482421875, "exp+1": 0.009001649916172028, "exp+2": 0.013415414094924928, "obs": 0.003732586527549929}, "190.0": {"exp-2": 0.03401947021484375, "exp-1": 0.046126639842987066, "exp0": 0.06699218750000001, "exp+1": 0.10037140846252442, "exp+2": 0.14861115217208862, "obs": 0.044394591528851016}, "450.0": {"exp-2": 0.020481109619140625, "exp-1": 0.027770119905471805, "exp0": 0.040332031250000004, "exp+1": 0.060588449239730835, "exp+2": 0.08967690467834473, "obs": 0.026366698689863705}, "250.0": {"exp-2": 0.02826690673828125, "exp-1": 0.038326799869537354, "exp0": 0.0556640625, "exp+1": 0.08350992202758789, "exp+2": 0.12337323427200318, "obs": 0.03676106097634659}, "170.0": {"exp-2": 0.0347137451171875, "exp-1": 0.04733085632324219, "exp0": 0.068359375, "exp+1": 0.10269228219985962, "exp+2": 0.15189203023910525, "obs": 0.049851266211612164}, "100.0": {"exp-2": 0.0079833984375, "exp-1": 0.010914802551269531, "exp0": 0.015966796875, "exp+1": 0.024272382259368896, "exp+2": 0.03641254007816315, "obs": 0.009573305776001335}, "1100.0": {"exp-2": 0.007209205627441407, "exp-1": 0.009815295040607453, "exp0": 0.014306640625, "exp+1": 0.02160608172416687, "exp+2": 0.03212754130363465, "obs": 0.009231472735916818}, "1300.0": {"exp-2": 0.00531463623046875, "exp-1": 0.007235848903656006, "exp0": 0.010546875, "exp+1": 0.015928032994270324, "exp+2": 0.023684467375278476, "obs": 0.006845249849910339}, "2200.0": {"exp-2": 0.0031616210937500003, "exp-1": 0.0043472290039062505, "exp0": 0.0063232421875000005, "exp+1": 0.009549445658922196, "exp+2": 0.014199715852737427, "obs": 0.003969224199831248}, "350.0": {"exp-2": 0.02370452880859375, "exp-1": 0.032140719890594485, "exp0": 0.046679687500000004, "exp+1": 0.06993809342384338, "exp+2": 0.1034105658531189, "obs": 0.031200062751966864}, "650.0": {"exp-2": 0.015451812744140626, "exp-1": 0.021156406402587893, "exp0": 0.030664062500000002, "exp+1": 0.046125939488410955, "exp+2": 0.06830499768257141, "obs": 0.018787861095289127}, "800.0": {"exp-2": 0.01161346435546875, "exp-1": 0.015811669826507568, "exp0": 0.023046875, "exp+1": 0.03462196886539459, "exp+2": 0.05124394297599793, "obs": 0.01468853670062504}, "60.0": {"exp-2": 0.012499237060546876, "exp-1": 0.01701764464378357, "exp0": 0.024804687500000002, "exp+1": 0.03746037483215332, "exp+2": 0.05592482089996338, "obs": 0.016300702232570217}, "1000.0": {"exp-2": 0.008587074279785157, "exp-1": 0.011691255867481232, "exp0": 0.017041015625, "exp+1": 0.025667646527290346, "exp+2": 0.03810497522354126, "obs": 0.010890699811507249}, "2000.0": {"exp-2": 0.0014465332031250002, "exp-1": 0.001977682113647461, "exp0": 0.0028930664062500003, "exp+1": 0.004386445879936219, "exp+2": 0.006557458639144898, "obs": 0.0017802872695009712}, "120.0": {"exp-2": 0.00625, "exp-1": 0.008544921875, "exp0": 0.012499999999999999, "exp+1": 0.019076970219612122, "exp+2": 0.02876570224761963, "obs": 0.007825924189538628}, "1800.0": {"exp-2": 0.0019042968750000002, "exp-1": 0.0026035308837890625, "exp0": 0.0038085937500000003, "exp+1": 0.005759380385279656, "exp+2": 0.008590780943632127, "obs": 0.0023767171703700427}, "1200.0": {"exp-2": 0.006409549713134766, "exp-1": 0.008726567775011063, "exp0": 0.0127197265625, "exp+1": 0.01918415129184723, "exp+2": 0.028512659668922427, "obs": 0.008243198570770488}, "550.0": {"exp-2": 0.0180511474609375, "exp-1": 0.024475359916687013, "exp0": 0.035546875, "exp+1": 0.0534708321094513, "exp+2": 0.07907490730285645, "obs": 0.022813945304879058}, "700.0": {"exp-2": 0.0140838623046875, "exp-1": 0.01909615993499756, "exp0": 0.027734375000000002, "exp+1": 0.04177427589893341, "exp+2": 0.06189142465591431, "obs": 0.01713771236088631}, "500.0": {"exp-2": 0.019439697265625, "exp-1": 0.02635807991027832, "exp0": 0.03828125, "exp+1": 0.05743138194084168, "exp+2": 0.08496133685112, "obs": 0.023341690906609026}}