{"350.0": {"exp-2": 0.034759521484375, "exp-1": 0.046874284744262695, "exp0": 0.06640625, "exp+1": 0.0959200918674469, "exp+2": 0.13422507047653198, "obs": 0.05406081770656153}, "80.0": {"exp-2": 0.020753479003906252, "exp-1": 0.02798670530319214, "exp0": 0.0396484375, "exp+1": 0.05695385932922364, "exp+2": 0.07931718826293946, "obs": 0.03141866765821079}, "70.0": {"exp-2": 0.01993560791015625, "exp-1": 0.02688378095626831, "exp0": 0.0380859375, "exp+1": 0.05478527545928955, "exp+2": 0.07647899985313417, "obs": 0.030335140961126297}, "95.0": {"exp-2": 0.022762298583984375, "exp-1": 0.030572348833084108, "exp0": 0.0431640625, "exp+1": 0.06208997964859009, "exp+2": 0.08654111027717591, "obs": 0.037607455241540196}, "90.0": {"exp-2": 0.021783828735351562, "exp-1": 0.02925815284252167, "exp0": 0.041308593750000004, "exp+1": 0.05933862328529358, "exp+2": 0.08257362842559815, "obs": 0.03361438589047346}, "150.0": {"exp-2": 0.033267974853515625, "exp-1": 0.04468266367912293, "exp0": 0.06308593750000001, "exp+1": 0.09049543142318726, "exp+2": 0.12572680711746217, "obs": 0.06034195128462594}, "75.0": {"exp-2": 0.020242309570312502, "exp-1": 0.027297377586364746, "exp0": 0.038671875, "exp+1": 0.05555105209350586, "exp+2": 0.07742415070533754, "obs": 0.029992456384422217}, "130.0": {"exp-2": 0.028324127197265625, "exp-1": 0.03804251551628113, "exp0": 0.0537109375, "exp+1": 0.07704719305038453, "exp+2": 0.10721145868301392, "obs": 0.04592404724656929}, "120.0": {"exp-2": 0.026830673217773438, "exp-1": 0.03603663742542267, "exp0": 0.05087890625, "exp+1": 0.07308610677719117, "exp+2": 0.1017041563987732, "obs": 0.04138004171806564}, "110.0": {"exp-2": 0.025028228759765625, "exp-1": 0.0336157500743866, "exp0": 0.0474609375, "exp+1": 0.06808170080184937, "exp+2": 0.09458703994750978, "obs": 0.03914708106318328}, "300.0": {"exp-2": 0.053775024414062504, "exp-1": 0.0725172758102417, "exp0": 0.102734375, "exp+1": 0.14818928241729737, "exp+2": 0.20752332210540772, "obs": 0.09314759799501561}, "190.0": {"exp-2": 0.046451568603515625, "exp-1": 0.06238972544670105, "exp0": 0.0880859375, "exp+1": 0.12618184089660645, "exp+2": 0.17515920400619509, "obs": 0.0757815675478616}, "100.0": {"exp-2": 0.023740768432617188, "exp-1": 0.03188654482364655, "exp0": 0.04501953125, "exp+1": 0.06466928124427795, "exp+2": 0.09006212353706361, "obs": 0.037250308977225886}, "170.0": {"exp-2": 0.038211822509765625, "exp-1": 0.05132281184196472, "exp0": 0.0724609375, "exp+1": 0.10365483760833741, "exp+2": 0.14388039112091064, "obs": 0.05905816429898647}, "60.0": {"exp-2": 0.0186065673828125, "exp-1": 0.02509152889251709, "exp0": 0.035546875, "exp+1": 0.05113292336463929, "exp+2": 0.07132477164268494, "obs": 0.02633234580205221}, "250.0": {"exp-2": 0.0688018798828125, "exp-1": 0.09240872859954835, "exp0": 0.13046875, "exp+1": 0.18663458824157717, "exp+2": 0.2594726324081421, "obs": 0.12071233530979185}, "85.0": {"exp-2": 0.02142333984375, "exp-1": 0.028773975372314454, "exp0": 0.040625, "exp+1": 0.058437627553939823, "exp+2": 0.08138688802719117, "obs": 0.03310969551898739}}