{"600.0": {"exp-2": 0.023553466796875002, "exp-1": 0.03150925636291504, "exp0": 0.044335937500000006, "exp+1": 0.06315714716911316, "exp+2": 0.08688117861747742, "obs": 0.04246742072523127}, "80.0": {"exp-2": 0.005214214324951172, "exp-1": 0.007003281265497208, "exp0": 0.0098876953125, "exp+1": 0.014144274592399598, "exp+2": 0.0195555254817009, "obs": 0.00517689344977899}, "70.0": {"exp-2": 0.005317211151123047, "exp-1": 0.007141617685556412, "exp0": 0.010083007812500001, "exp+1": 0.014423668384552002, "exp+2": 0.019910095632076266, "obs": 0.005764979409185034}, "90.0": {"exp-2": 0.005033969879150391, "exp-1": 0.006761192530393601, "exp0": 0.0095458984375, "exp+1": 0.013655337691307069, "exp+2": 0.018864521384239198, "obs": 0.005032539609575823}, "150.0": {"exp-2": 0.005497455596923828, "exp-1": 0.007383706420660019, "exp0": 0.0104248046875, "exp+1": 0.01489183008670807, "exp+2": 0.020571257174015048, "obs": 0.005541698116258491}, "300.0": {"exp-2": 0.00749664306640625, "exp-1": 0.010028827190399171, "exp0": 0.014111328125000001, "exp+1": 0.02015802711248398, "exp+2": 0.02777921259403229, "obs": 0.007746120304412455}, "400.0": {"exp-2": 0.01092071533203125, "exp-1": 0.01460946798324585, "exp0": 0.020556640625, "exp+1": 0.029242244362831116, "exp+2": 0.040255606174468994, "obs": 0.011840090467964578}, "190.0": {"exp-2": 0.005793571472167969, "exp-1": 0.007781423628330231, "exp0": 0.010986328125, "exp+1": 0.015715861320495607, "exp+2": 0.021676529943943024, "obs": 0.005894318893233181}, "450.0": {"exp-2": 0.014241027832031251, "exp-1": 0.019051301479339602, "exp0": 0.026806640625000003, "exp+1": 0.03813299834728241, "exp+2": 0.05241010785102845, "obs": 0.015747812974883365}, "100.0": {"exp-2": 0.005072593688964844, "exp-1": 0.006813068687915803, "exp0": 0.009619140625000001, "exp+1": 0.01376010924577713, "exp+2": 0.019024388492107393, "obs": 0.0050017775352223836}, "170.0": {"exp-2": 0.005600452423095703, "exp-1": 0.007522042840719223, "exp0": 0.0106201171875, "exp+1": 0.015191999077796937, "exp+2": 0.02095398008823395, "obs": 0.005677937412156055}, "250.0": {"exp-2": 0.006566047668457031, "exp-1": 0.008818946778774261, "exp0": 0.012451171875, "exp+1": 0.017761678993701936, "exp+2": 0.02451419681310654, "obs": 0.0067290176904924465}, "85.0": {"exp-2": 0.005124092102050781, "exp-1": 0.006882236897945405, "exp0": 0.009716796875000001, "exp+1": 0.013899806141853334, "exp+2": 0.019186967611312868, "obs": 0.00519707357714719}, "350.0": {"exp-2": 0.008663940429687501, "exp-1": 0.01159040927886963, "exp0": 0.01630859375, "exp+1": 0.023264315724372864, "exp+2": 0.03205736875534058, "obs": 0.009335038185963537}, "650.0": {"exp-2": 0.018884277343750002, "exp-1": 0.025262928009033205, "exp0": 0.035546875, "exp+1": 0.050849545001983645, "exp+2": 0.07013562321662903, "obs": 0.037061980179715646}, "95.0": {"exp-2": 0.005033969879150391, "exp-1": 0.006761192530393601, "exp0": 0.0095458984375, "exp+1": 0.013655337691307069, "exp+2": 0.01887953281402588, "obs": 0.004975568465385407}, "700.0": {"exp-2": 0.016705322265625, "exp-1": 0.022347974777221682, "exp0": 0.0314453125, "exp+1": 0.04491961598396302, "exp+2": 0.06185295581817627, "obs": 0.03220912501166356}, "75.0": {"exp-2": 0.005227088928222656, "exp-1": 0.007020573318004608, "exp0": 0.009912109375, "exp+1": 0.014179199934005737, "exp+2": 0.019572636485099795, "obs": 0.005562852259600829}, "130.0": {"exp-2": 0.005252838134765625, "exp-1": 0.00705515742301941, "exp0": 0.009960937500000001, "exp+1": 0.01424904763698578, "exp+2": 0.019684717059135437, "obs": 0.005295365345951552}, "120.0": {"exp-2": 0.005175590515136719, "exp-1": 0.0069514051079750065, "exp0": 0.009814453125, "exp+1": 0.014039503037929536, "exp+2": 0.01937980204820633, "obs": 0.005161357804353432}, "110.0": {"exp-2": 0.005072593688964844, "exp-1": 0.006813068687915803, "exp0": 0.009619140625000001, "exp+1": 0.013740938901901246, "exp+2": 0.018981440365314486, "obs": 0.005021636188718674}, "550.0": {"exp-2": 0.025369262695312502, "exp-1": 0.03393838405609131, "exp0": 0.047753906250000006, "exp+1": 0.06783573627471924, "exp+2": 0.09292278289794922, "obs": 0.03508040800481315}, "60.0": {"exp-2": 0.005523204803466797, "exp-1": 0.007418290525674821, "exp0": 0.010473632812500001, "exp+1": 0.014961580932140351, "exp+2": 0.020667609572410584, "obs": 0.005789812550449974}, "500.0": {"exp-2": 0.019610595703125, "exp-1": 0.026369762420654298, "exp0": 0.036914062500000004, "exp+1": 0.05251101255416871, "exp+2": 0.07193794250488282, "obs": 0.022242080271427128}, "750.0": {"exp-2": 0.017587280273437502, "exp-1": 0.023527836799621584, "exp0": 0.03310546875, "exp+1": 0.04696125090122223, "exp+2": 0.06432182788848877, "obs": 0.03025814514924234}}