{"600.0": {"exp-2": 0.0024847984313964844, "exp-1": 0.003337366133928299, "exp0": 0.0047119140625, "exp+1": 0.006740358471870423, "exp+2": 0.009282003343105317, "obs": 0.005717634184500615}, "80.0": {"exp-2": 0.006108856201171875, "exp-1": 0.008172279596328736, "exp0": 0.0114990234375, "exp+1": 0.016311761736869813, "exp+2": 0.022341872751712802, "obs": 0.007091367266626295}, "70.0": {"exp-2": 0.0034120559692382814, "exp-1": 0.0046012625098228455, "exp0": 0.006518554687500001, "exp+1": 0.009337735921144485, "exp+2": 0.012951931357383728, "obs": 0.006155821583886129}, "90.0": {"exp-2": 0.007366943359375, "exp-1": 0.009906101226806642, "exp0": 0.013867187500000001, "exp+1": 0.019671083986759187, "exp+2": 0.026855185627937317, "obs": 0.007723884918977209}, "150.0": {"exp-2": 0.006951904296875, "exp-1": 0.00930008888244629, "exp0": 0.0130859375, "exp+1": 0.018510693311691286, "exp+2": 0.025306713581085206, "obs": 0.008777072610529795}, "300.0": {"exp-2": 0.003875255584716797, "exp-1": 0.0052049078047275545, "exp0": 0.0073486328125, "exp+1": 0.010468227416276933, "exp+2": 0.014412058889865876, "obs": 0.006779482776288998}, "400.0": {"exp-2": 0.002542734146118164, "exp-1": 0.0034151803702116013, "exp0": 0.00482177734375, "exp+1": 0.006897517293691636, "exp+2": 0.00952117145061493, "obs": 0.005261610921196123}, "190.0": {"exp-2": 0.006316375732421876, "exp-1": 0.008493435382843018, "exp0": 0.0118896484375, "exp+1": 0.01686587631702423, "exp+2": 0.02308199554681778, "obs": 0.008836967471725514}, "450.0": {"exp-2": 0.0022530555725097656, "exp-1": 0.0030261091887950897, "exp0": 0.0042724609375, "exp+1": 0.0061117239296436315, "exp+2": 0.008436480909585953, "obs": 0.0049780213494801905}, "100.0": {"exp-2": 0.007473373413085938, "exp-1": 0.009958389401435853, "exp0": 0.01396484375, "exp+1": 0.019809612631797792, "exp+2": 0.027022182941436768, "obs": 0.008255868463966724}, "170.0": {"exp-2": 0.0066665649414062505, "exp-1": 0.008918368816375732, "exp0": 0.012548828125000001, "exp+1": 0.01777593493461609, "exp+2": 0.024304933845996857, "obs": 0.008863414148521409}, "250.0": {"exp-2": 0.0049285888671875, "exp-1": 0.00659334659576416, "exp0": 0.00927734375, "exp+1": 0.013215701282024385, "exp+2": 0.018136049807071685, "obs": 0.007774577456684685}, "85.0": {"exp-2": 0.0069908142089843755, "exp-1": 0.009400331974029542, "exp0": 0.013159179687500001, "exp+1": 0.018640524148941042, "exp+2": 0.025445333123207094, "obs": 0.007120206715821491}, "350.0": {"exp-2": 0.0030641555786132812, "exp-1": 0.0041155084967613225, "exp0": 0.005810546875, "exp+1": 0.008300364017486572, "exp+2": 0.011447648704051972, "obs": 0.005825733587853082}, "850.0": {"exp-2": 0.054162597656250006, "exp-1": 0.0724574089050293, "exp0": 0.101953125, "exp+1": 0.145030415058136, "exp+2": 0.1994913697242737, "obs": 0.05638289473330287}, "650.0": {"exp-2": 0.002948284149169922, "exp-1": 0.003959880024194717, "exp0": 0.0055908203125000005, "exp+1": 0.007975342124700547, "exp+2": 0.010989727079868318, "obs": 0.006890279160621119}, "800.0": {"exp-2": 0.015295028686523438, "exp-1": 0.02054295837879181, "exp0": 0.029003906250000003, "exp+1": 0.04143206775188446, "exp+2": 0.0571420431137085, "obs": 0.028071497892723497}, "95.0": {"exp-2": 0.007470703125, "exp-1": 0.010045623779296875, "exp0": 0.0140625, "exp+1": 0.0198920875787735, "exp+2": 0.027150607109069826, "obs": 0.007700597868356165}, "700.0": {"exp-2": 0.0038366317749023438, "exp-1": 0.005153031647205353, "exp0": 0.007275390625, "exp+1": 0.010392892360687257, "exp+2": 0.014310698211193086, "obs": 0.009118002073606862}, "75.0": {"exp-2": 0.004544734954833984, "exp-1": 0.0061040945351123815, "exp0": 0.008618164062500001, "exp+1": 0.012311043590307236, "exp+2": 0.016979074478149416, "obs": 0.006827768156860713}, "130.0": {"exp-2": 0.007094573974609376, "exp-1": 0.009539854526519776, "exp0": 0.0133544921875, "exp+1": 0.01891719251871109, "exp+2": 0.025823003053665163, "obs": 0.008318458587037877}, "120.0": {"exp-2": 0.007159423828125001, "exp-1": 0.009627056121826173, "exp0": 0.0134765625, "exp+1": 0.019063250720500947, "exp+2": 0.026040735840797427, "obs": 0.007904290384365662}, "110.0": {"exp-2": 0.0073949813842773444, "exp-1": 0.009853930771350862, "exp0": 0.013818359375, "exp+1": 0.019601818919181824, "exp+2": 0.026738733053207397, "obs": 0.00799764894779636}, "550.0": {"exp-2": 0.002227306365966797, "exp-1": 0.0029915250837802888, "exp0": 0.0042236328125, "exp+1": 0.006025040149688721, "exp+2": 0.008315599709749223, "obs": 0.005071464546224131}, "60.0": {"exp-2": 0.002460002899169922, "exp-1": 0.0033173896372318268, "exp0": 0.00469970703125, "exp+1": 0.006779096275568009, "exp+2": 0.00945672318339348, "obs": 0.004924417547943693}, "500.0": {"exp-2": 0.002156496047973633, "exp-1": 0.002896418794989586, "exp0": 0.00408935546875, "exp+1": 0.005841642618179321, "exp+2": 0.008063082396984101, "obs": 0.004894867184101258}, "750.0": {"exp-2": 0.0062313079833984375, "exp-1": 0.008369353413581849, "exp0": 0.011816406250000001, "exp+1": 0.016832630336284637, "exp+2": 0.02319285869598389, "obs": 0.014124057801709692}}