{"80.0": {"exp-2": 2.4200820922851564e+18, "exp-1": 3.259377479553223e+18, "exp+2": 9.602432250976563e+18, "exp+1": 6.784216165542603e+18, "exp0": 4.658203125000001e+18, "obs": 3.9342430393980657e+18}, "70.0": {"exp-2": 2.1105957031250002e+18, "exp-1": 2.842559814453125e+18, "exp+2": 8.374448418617249e+18, "exp+1": 5.916633009910583e+18, "exp0": 4.0625e+18, "obs": 3.5098488070775224e+18}, "95.0": {"exp-2": 2.531700134277344e+18, "exp-1": 3.427996933460236e+18, "exp+2": 9.980390667915346e+18, "exp+1": 7.077690362930299e+18, "exp0": 4.873046875e+18, "obs": 3.1272661514849464e+18}, "90.0": {"exp-2": 2.425155639648438e+18, "exp-1": 3.283732533454895e+18, "exp+2": 9.567614793777467e+18, "exp+1": 6.779831647872925e+18, "exp0": 4.66796875e+18, "obs": 2.907855797056859e+18}, "150.0": {"exp-2": 5.5206298828125e+18, "exp-1": 7.44473934173584e+18, "exp+2": 2.1522183418273927e+19, "exp+1": 1.5297428369522096e+19, "exp0": 1.0546875e+19, "obs": 4.232807943786069e+18}, "75.0": {"exp-2": 2.210540771484375e+18, "exp-1": 3.0054771900177004e+18, "exp+2": 8.850725293159485e+18, "exp+1": 6.243754029273987e+18, "exp0": 4.2871093750000005e+18, "obs": 3.83138899999219e+18}, "130.0": {"exp-2": 3.5210418701171876e+18, "exp-1": 4.767594933509828e+18, "exp+2": 1.3821500539779664e+19, "exp+1": 9.816506505012513e+18, "exp0": 6.777343750000001e+18, "obs": 3.0691845829493366e+18}, "120.0": {"exp-2": 3.3586883544921876e+18, "exp-1": 4.5477634668350223e+18, "exp+2": 1.3212383985519411e+19, "exp+1": 9.37675714492798e+18, "exp0": 6.46484375e+18, "obs": 3.0505651859959337e+18}, "110.0": {"exp-2": 3.561630249023438e+18, "exp-1": 4.822552800178528e+18, "exp+2": 1.402991533279419e+19, "exp+1": 9.956991672515869e+18, "exp0": 6.85546875e+18, "obs": 3.2926467828679936e+18}, "190.0": {"exp-2": 3.4146118164062505e+18, "exp-1": 4.5804214477539067e+18, "exp+2": 1.3285359144210815e+19, "exp+1": 9.43574011325836e+18, "exp0": 6.5234375e+18, "obs": 7.443263431126389e+18}, "100.0": {"exp-2": 2.810745239257813e+18, "exp-1": 3.8058322668075566e+18, "exp+2": 1.1103936433792115e+19, "exp+1": 7.868579030036926e+18, "exp0": 5.410156250000001e+18, "obs": 3.253742321946409e+18}, "170.0": {"exp-2": 5.5206298828125e+18, "exp-1": 7.44473934173584e+18, "exp+2": 2.1383869647979737e+19, "exp+1": 1.5234367847442629e+19, "exp0": 1.0546875e+19, "obs": 8.094119991621202e+18}, "60.0": {"exp-2": 2.01416015625e+18, "exp-1": 2.738475799560547e+18, "exp+2": 8.058398365974427e+18, "exp+1": 5.689070224761964e+18, "exp0": 3.90625e+18, "obs": 3.33885772845278e+18}, "85.0": {"exp-2": 2.536773681640625e+18, "exp-1": 3.434866666793823e+18, "exp+2": 9.979141354560852e+18, "exp+1": 7.082142829895021e+18, "exp0": 4.8828125e+18, "obs": 3.027720699071191e+18}}