{"600.0": {"exp-2": 0.005504798889160157, "exp-1": 0.007453660666942597, "exp0": 0.010595703125000001, "exp+1": 0.015389367938041687, "exp+2": 0.021750158071517946, "obs": 0.0062444207629672715}, "80.0": {"exp-2": 0.003059005737304688, "exp-1": 0.00413661003112793, "exp0": 0.0059326171875, "exp+1": 0.008746689558029175, "exp+2": 0.01255849003791809, "obs": 0.0033486617842169338}, "70.0": {"exp-2": 0.0037073135375976563, "exp-1": 0.005013298988342286, "exp0": 0.007189941406250001, "exp+1": 0.010543093085289001, "exp+2": 0.015086758136749269, "obs": 0.004009148228159661}, "90.0": {"exp-2": 0.0024673938751220703, "exp-1": 0.003350287675857544, "exp0": 0.00482177734375, "exp+1": 0.007128154486417771, "exp+2": 0.010277200490236282, "obs": 0.0027604221317593675}, "150.0": {"exp-2": 0.012983703613281251, "exp-1": 0.01750892400741577, "exp0": 0.024804687500000002, "exp+1": 0.03587841391563416, "exp+2": 0.050477564334869385, "obs": 0.016317345161917858}, "1400.0": {"exp-2": 0.0017749786376953125, "exp-1": 0.0024002552032470707, "exp0": 0.0034423828125000003, "exp+1": 0.005040935799479485, "exp+2": 0.0071819968521595005, "obs": 0.002153996748709588}, "300.0": {"exp-2": 0.009865570068359376, "exp-1": 0.013304024934768677, "exp0": 0.01884765625, "exp+1": 0.027337071299552918, "exp+2": 0.038519486784935, "obs": 0.011183200193138754}, "900.0": {"exp-2": 0.0026184082031250003, "exp-1": 0.003540802001953125, "exp0": 0.005078125, "exp+1": 0.007405911386013032, "exp+2": 0.010529249161481858, "obs": 0.0031149873180710452}, "400.0": {"exp-2": 0.008153152465820313, "exp-1": 0.010936784744262696, "exp0": 0.015576171875000001, "exp+1": 0.02252994775772095, "exp+2": 0.0317460298538208, "obs": 0.009298355687373151}, "1600.0": {"exp-2": 0.00654296875, "exp-1": 0.00877685546875, "exp0": 0.012499999999999999, "exp+1": 0.018180111050605775, "exp+2": 0.025713402032852176, "obs": 0.0084138739400928}, "190.0": {"exp-2": 0.011859130859375, "exp-1": 0.015992403030395508, "exp0": 0.022656250000000003, "exp+1": 0.03277083337306976, "exp+2": 0.04610548913478851, "obs": 0.013648016065146385}, "450.0": {"exp-2": 0.007590866088867188, "exp-1": 0.010182523727416994, "exp0": 0.014501953125000001, "exp+1": 0.021005061268806458, "exp+2": 0.02959737777709961, "obs": 0.008770414651505121}, "250.0": {"exp-2": 0.010785675048828125, "exp-1": 0.014544814825057983, "exp0": 0.02060546875, "exp+1": 0.029804506897926332, "exp+2": 0.04196422994136811, "obs": 0.012456791151697046}, "170.0": {"exp-2": 0.01237030029296875, "exp-1": 0.0166817307472229, "exp0": 0.023632812500000003, "exp+1": 0.03418337106704712, "exp+2": 0.048056000471115114, "obs": 0.014580811421165574}, "100.0": {"exp-2": 0.002002239227294922, "exp-1": 0.0027299761772155763, "exp0": 0.0039428710937500005, "exp+1": 0.005828845500946045, "exp+2": 0.008439987152814866, "obs": 0.0022405599913892836}, "1100.0": {"exp-2": 0.0016113281250000001, "exp-1": 0.0021907806396484378, "exp0": 0.0031249999999999997, "exp+1": 0.004582396894693375, "exp+2": 0.006523597985506058, "obs": 0.0019442445984195784}, "1300.0": {"exp-2": 0.0014004707336425781, "exp-1": 0.0018938183784484863, "exp0": 0.002716064453125, "exp+1": 0.003982747346162796, "exp+2": 0.005678276345133782, "obs": 0.0016849359497839965}, "350.0": {"exp-2": 0.009098815917968751, "exp-1": 0.01220531463623047, "exp0": 0.0173828125, "exp+1": 0.025143140554428102, "exp+2": 0.03542817234992981, "obs": 0.010324422776001535}, "650.0": {"exp-2": 0.004845237731933594, "exp-1": 0.006560595333576203, "exp0": 0.009326171875, "exp+1": 0.013564066588878633, "exp+2": 0.019227953255176546, "obs": 0.005633343029298136}, "800.0": {"exp-2": 0.003411960601806641, "exp-1": 0.004595243930816651, "exp0": 0.0065673828125000005, "exp+1": 0.009577837586402894, "exp+2": 0.013576558232307434, "obs": 0.003963141974134321}, "60.0": {"exp-2": 0.004317855834960938, "exp-1": 0.005870607495307923, "exp0": 0.008374023437500001, "exp+1": 0.012262701988220215, "exp+2": 0.017496882379055025, "obs": 0.004627602957526003}, "1000.0": {"exp-2": 0.002058219909667969, "exp-1": 0.002783274650573731, "exp0": 0.00399169921875, "exp+1": 0.0058373849838972095, "exp+2": 0.008304783701896667, "obs": 0.0024394506921776495}, "120.0": {"exp-2": 0.0013451576232910156, "exp-1": 0.001834070682525635, "exp0": 0.0026489257812500003, "exp+1": 0.003937090933322907, "exp+2": 0.005730631947517395, "obs": 0.0015328602677981815}, "1200.0": {"exp-2": 0.0013280868530273439, "exp-1": 0.00179593563079834, "exp0": 0.00257568359375, "exp+1": 0.003776897490024567, "exp+2": 0.005388752743601799, "obs": 0.0016071335115212069}, "550.0": {"exp-2": 0.00612630844116211, "exp-1": 0.008295203000307083, "exp0": 0.011791992187500001, "exp+1": 0.01715037822723389, "exp+2": 0.024238708615303042, "obs": 0.007052163243808725}, "700.0": {"exp-2": 0.004388618469238281, "exp-1": 0.005942319333553315, "exp0": 0.008447265625, "exp+1": 0.012285777926445009, "exp+2": 0.01738972067832947, "obs": 0.0051333964946655205}, "500.0": {"exp-2": 0.006823921203613282, "exp-1": 0.009239791333675385, "exp0": 0.013134765625000001, "exp+1": 0.01905096471309662, "exp+2": 0.026884692907333377, "obs": 0.008072523109249148}}