{"350.0": {"exp-2": 0.034759521484375, "exp-1": 0.046874284744262695, "exp+2": 0.13422507047653198, "exp+1": 0.0959200918674469, "exp0": 0.06640625, "obs": 0.05406081770656153}, "80.0": {"exp-2": 0.004046154022216797, "exp-1": 0.005449378490447999, "exp+2": 0.015986867249011993, "exp+1": 0.011311539262533189, "exp0": 0.0077880859375000005, "obs": 0.0034367778635174245}, "70.0": {"exp-2": 0.0038898468017578127, "exp-1": 0.0052886813879013065, "exp+2": 0.015506751835346222, "exp+1": 0.010971981287002565, "exp0": 0.0075439453125000005, "obs": 0.0033626558639936553}, "95.0": {"exp-2": 0.004154205322265625, "exp-1": 0.005648106336593628, "exp+2": 0.01659551411867142, "exp+1": 0.011733707040548325, "exp0": 0.008056640625, "obs": 0.004035433278473831}, "90.0": {"exp-2": 0.004122257232666016, "exp-1": 0.00555187463760376, "exp+2": 0.016319511830806734, "exp+1": 0.011555923521518708, "exp0": 0.0079345703125, "obs": 0.003970374828591381}, "150.0": {"exp-2": 0.00531454086303711, "exp-1": 0.007157647609710694, "exp+2": 0.0210111066699028, "exp+1": 0.014877864718437196, "exp0": 0.010229492187500001, "obs": 0.005192566641031832}, "75.0": {"exp-2": 0.003931999206542969, "exp-1": 0.0052956342697143555, "exp+2": 0.015556935966014863, "exp+1": 0.011007489264011384, "exp0": 0.007568359375, "obs": 0.0033948473157298003}, "130.0": {"exp-2": 0.004745864868164063, "exp-1": 0.006452533602714539, "exp+2": 0.018959118425846102, "exp+1": 0.01340487152338028, "exp0": 0.0092041015625, "obs": 0.004748028232421328}, "120.0": {"exp-2": 0.0047818183898925785, "exp-1": 0.006440174579620362, "exp+2": 0.018904981017112733, "exp+1": 0.013386526703834535, "exp0": 0.0092041015625, "obs": 0.004682658615135518}, "110.0": {"exp-2": 0.0047437667846679694, "exp-1": 0.00642320066690445, "exp+2": 0.01876586526632309, "exp+1": 0.013298201560974122, "exp0": 0.009130859375, "obs": 0.004654153634163476}, "300.0": {"exp-2": 0.031079101562500003, "exp-1": 0.041690063476562504, "exp+2": 0.1211619257926941, "exp+1": 0.08611885905265809, "exp0": 0.059375000000000004, "obs": 0.02779720082852822}, "190.0": {"exp-2": 0.0073566436767578125, "exp-1": 0.009907960891723633, "exp+2": 0.02922911047935486, "exp+1": 0.020651100575923922, "exp0": 0.01416015625, "obs": 0.007190456653496072}, "100.0": {"exp-2": 0.004363250732421875, "exp-1": 0.005876445770263672, "exp+2": 0.017237156629562378, "exp+1": 0.012214761972427369, "exp0": 0.0083984375, "obs": 0.004348800585372694}, "170.0": {"exp-2": 0.007077598571777344, "exp-1": 0.009583278000354767, "exp+2": 0.028019347786903383, "exp+1": 0.019840630888938907, "exp0": 0.013623046875000001, "obs": 0.006864892650415182}, "60.0": {"exp-2": 0.0038495540618896486, "exp-1": 0.005184596776962281, "exp+2": 0.0152192622423172, "exp+1": 0.010776686668395997, "exp0": 0.00740966796875, "obs": 0.0033216531110497292}, "250.0": {"exp-2": 0.011669158935546875, "exp-1": 0.015716075897216797, "exp+2": 0.04626628160476685, "exp+1": 0.03271215260028839, "exp0": 0.0224609375, "obs": 0.010946280089331701}, "85.0": {"exp-2": 0.004084205627441407, "exp-1": 0.00550062656402588, "exp+2": 0.016193199157714843, "exp+1": 0.01144925355911255, "exp0": 0.007861328125, "obs": 0.004093381712944359}}