{"600.0": {"exp-2": 0.02489776611328125, "exp-1": 0.034330141544342045, "exp0": 0.050585937500000004, "exp+1": 0.0780086636543274, "exp+2": 0.11947041749954224, "obs": 0.03997607656508084}, "2600.0": {"exp-2": 0.0030521392822265626, "exp-1": 0.004190495610237122, "exp0": 0.006152343750000001, "exp+1": 0.009438493847846986, "exp+2": 0.014326909184455873, "obs": 0.004091886330226752}, "80.0": {"exp-2": 0.0361907958984375, "exp-1": 0.05173194408416748, "exp0": 0.078515625, "exp+1": 0.12420876026153566, "exp+2": 0.19423382282257082, "obs": 0.05512490338650771}, "70.0": {"exp-2": 0.038171386718750006, "exp-1": 0.05421428680419922, "exp0": 0.08281250000000001, "exp+1": 0.13067615032196045, "exp+2": 0.20402538776397705, "obs": 0.06643731649083293}, "90.0": {"exp-2": 0.0365509033203125, "exp-1": 0.052246689796447754, "exp0": 0.079296875, "exp+1": 0.12576074600219728, "exp+2": 0.19651467800140382, "obs": 0.059372778016518184}, "150.0": {"exp-2": 0.037394714355468754, "exp-1": 0.05126006603240967, "exp0": 0.07597656250000001, "exp+1": 0.11807212829589844, "exp+2": 0.18249548673629762, "obs": 0.06072056224100382}, "1400.0": {"exp-2": 0.0127899169921875, "exp-1": 0.01756017208099365, "exp0": 0.025781250000000002, "exp+1": 0.03944901823997498, "exp+2": 0.059911930561065675, "obs": 0.018490336834752333}, "300.0": {"exp-2": 0.028839111328125, "exp-1": 0.0397646427154541, "exp0": 0.05859375, "exp+1": 0.09059108495712281, "exp+2": 0.1395149350166321, "obs": 0.041960067914650845}, "900.0": {"exp-2": 0.019960021972656252, "exp-1": 0.02724611759185791, "exp0": 0.040234375, "exp+1": 0.06172475218772888, "exp+2": 0.0940486490726471, "obs": 0.029699195916123862}, "400.0": {"exp-2": 0.02816619873046875, "exp-1": 0.03883680105209351, "exp0": 0.0572265625, "exp+1": 0.08847729563713075, "exp+2": 0.13592544794082642, "obs": 0.04191730159394313}, "1600.0": {"exp-2": 0.0096893310546875, "exp-1": 0.013303160667419434, "exp0": 0.01953125, "exp+1": 0.029924544692039493, "exp+2": 0.045406299829483035, "obs": 0.014052957846628448}, "190.0": {"exp-2": 0.034510803222656254, "exp-1": 0.047306847572326664, "exp0": 0.0701171875, "exp+1": 0.10896631479263306, "exp+2": 0.16842128038406373, "obs": 0.05006473347005141}, "450.0": {"exp-2": 0.026051330566406253, "exp-1": 0.03592072725296021, "exp0": 0.0529296875, "exp+1": 0.08162297010421754, "exp+2": 0.1253156065940857, "obs": 0.03971512771959313}, "250.0": {"exp-2": 0.0324920654296875, "exp-1": 0.044539594650268556, "exp0": 0.06601562500000001, "exp+1": 0.10219752788543701, "exp+2": 0.15743737220764162, "obs": 0.051009130821004035}, "170.0": {"exp-2": 0.0351837158203125, "exp-1": 0.0482292652130127, "exp0": 0.071484375, "exp+1": 0.11109100580215454, "exp+2": 0.17191284894943237, "obs": 0.048699938701780784}, "100.0": {"exp-2": 0.03466033935546875, "exp-1": 0.04922759532928467, "exp0": 0.0751953125, "exp+1": 0.11895614862442017, "exp+2": 0.1858056902885437, "obs": 0.05321779056575413}, "1100.0": {"exp-2": 0.0174407958984375, "exp-1": 0.02394568920135498, "exp0": 0.03515625, "exp+1": 0.053934246301651, "exp+2": 0.08207497000694275, "obs": 0.02638470355729714}, "1300.0": {"exp-2": 0.014097976684570314, "exp-1": 0.019356098771095277, "exp0": 0.02841796875, "exp+1": 0.043483576178550726, "exp+2": 0.06612313985824585, "obs": 0.02057554836693413}, "2400.0": {"exp-2": 0.002192211151123047, "exp-1": 0.003009840101003647, "exp0": 0.0044189453125, "exp+1": 0.006761621683835983, "exp+2": 0.010282034426927567, "obs": 0.002976048542076437}, "2200.0": {"exp-2": 0.003415489196777344, "exp-1": 0.004689364135265351, "exp0": 0.006884765625000001, "exp+1": 0.010534680634737016, "exp+2": 0.016009365022182465, "obs": 0.004979112250281837}, "350.0": {"exp-2": 0.02835845947265625, "exp-1": 0.03910189867019653, "exp0": 0.0576171875, "exp+1": 0.08896639943122864, "exp+2": 0.13663368225097658, "obs": 0.04496223355986541}, "650.0": {"exp-2": 0.024128723144531253, "exp-1": 0.033269751071929934, "exp0": 0.0490234375, "exp+1": 0.07559913396835327, "exp+2": 0.11563670635223389, "obs": 0.03662019275179166}, "800.0": {"exp-2": 0.020928955078125002, "exp-1": 0.028734827041625978, "exp0": 0.0421875, "exp+1": 0.06497334241867066, "exp+2": 0.09935014843940736, "obs": 0.031001207909436935}, "60.0": {"exp-2": 0.0365509033203125, "exp-1": 0.052246689796447754, "exp0": 0.079296875, "exp+1": 0.12544466257095338, "exp+2": 0.19594054222106935, "obs": 0.05915421155149772}, "2800.0": {"exp-2": 0.015771484375000002, "exp-1": 0.021562576293945312, "exp0": 0.031542968750000004, "exp+1": 0.04826527535915375, "exp+2": 0.07320826649665833, "obs": 0.020293129989395767}, "1000.0": {"exp-2": 0.018991088867187502, "exp-1": 0.02607419490814209, "exp0": 0.03828125, "exp+1": 0.05872840285301209, "exp+2": 0.08937052488327027, "obs": 0.02894964254137173}, "2000.0": {"exp-2": 0.005111122131347657, "exp-1": 0.007017417252063752, "exp0": 0.010302734375, "exp+1": 0.015744130313396453, "exp+2": 0.023901893198490145, "obs": 0.007143602288863304}, "120.0": {"exp-2": 0.03624114990234375, "exp-1": 0.052050673961639406, "exp0": 0.079296875, "exp+1": 0.12528662681579592, "exp+2": 0.19565255641937257, "obs": 0.05619631389593527}, "1800.0": {"exp-2": 0.007194328308105469, "exp-1": 0.00987759679555893, "exp0": 0.014501953125000001, "exp+1": 0.022218975424766543, "exp+2": 0.03371417820453644, "obs": 0.01045733219195635}, "1200.0": {"exp-2": 0.015745162963867188, "exp-1": 0.02161763608455658, "exp0": 0.03173828125, "exp+1": 0.04856413006782532, "exp+2": 0.07384886145591736, "obs": 0.024158160419648723}, "550.0": {"exp-2": 0.026051330566406253, "exp-1": 0.03592072725296021, "exp0": 0.0529296875, "exp+1": 0.08162297010421754, "exp+2": 0.12516067028045655, "obs": 0.04105684072028828}, "700.0": {"exp-2": 0.023835754394531252, "exp-1": 0.03272577524185181, "exp0": 0.048046875, "exp+1": 0.0740931749343872, "exp+2": 0.11333318948745728, "obs": 0.035916203207530445}, "500.0": {"exp-2": 0.025234222412109375, "exp-1": 0.03479406237602234, "exp0": 0.05126953125, "exp+1": 0.07906283736228943, "exp+2": 0.12123496532440187, "obs": 0.038855623556302066}}