{"600.0": {"exp-2": 0.02874298095703125, "exp-1": 0.03963209390640259, "exp0": 0.058398437500000004, "exp+1": 0.08982355594635011, "exp+2": 0.13747316598892212, "obs": 0.05458969918148008}, "2600.0": {"exp-2": 0.0030641555786132812, "exp-1": 0.004200294613838196, "exp0": 0.0062255859375, "exp+1": 0.009625303000211716, "exp+2": 0.014732584357261658, "obs": 0.0043917783091639365}, "80.0": {"exp-2": 0.018505096435546875, "exp-1": 0.025366485118865967, "exp0": 0.03759765625, "exp+1": 0.058204215764999394, "exp+2": 0.08955515623092652, "obs": 0.03351851890949761}, "70.0": {"exp-2": 0.021533203125, "exp-1": 0.029690933227539063, "exp0": 0.043750000000000004, "exp+1": 0.0677285373210907, "exp+2": 0.10408208370208741, "obs": 0.0421060727042779}, "90.0": {"exp-2": 0.018024444580078125, "exp-1": 0.024852901697158813, "exp0": 0.03662109375, "exp+1": 0.05661942958831787, "exp+2": 0.08708992004394532, "obs": 0.03376448589801785}, "150.0": {"exp-2": 0.063446044921875, "exp-1": 0.08748221397399902, "exp0": 0.12890625, "exp+1": 0.19930038452148438, "exp+2": 0.3061801671981812, "obs": 0.1220825176154215}, "1400.0": {"exp-2": 0.0124969482421875, "exp-1": 0.017231345176696777, "exp0": 0.025390625, "exp+1": 0.03905372023582459, "exp+2": 0.059547376632690434, "obs": 0.021318763790698615}, "300.0": {"exp-2": 0.041047668457031256, "exp-1": 0.05659834146499634, "exp0": 0.0833984375, "exp+1": 0.12860888242721558, "exp+2": 0.19672062397003176, "obs": 0.07389753196825731}, "900.0": {"exp-2": 0.020523834228515628, "exp-1": 0.02829917073249817, "exp0": 0.04169921875, "exp+1": 0.06422133445739746, "exp+2": 0.09807803630828858, "obs": 0.03643052075483251}, "400.0": {"exp-2": 0.038067626953125, "exp-1": 0.05248932838439942, "exp0": 0.07734375, "exp+1": 0.11896364688873291, "exp+2": 0.18207149505615236, "obs": 0.06635703287123905}, "1600.0": {"exp-2": 0.009468841552734376, "exp-1": 0.013056057691574098, "exp0": 0.019238281250000003, "exp+1": 0.029590705037117006, "exp+2": 0.045231521129608154, "obs": 0.016057661564324102}, "190.0": {"exp-2": 0.055755615234375, "exp-1": 0.07687830924987793, "exp0": 0.11328125, "exp+1": 0.17514276504516602, "exp+2": 0.2693981409072876, "obs": 0.0907921060198939}, "450.0": {"exp-2": 0.03278045654296875, "exp-1": 0.045199143886566165, "exp0": 0.0666015625, "exp+1": 0.10257365703582765, "exp+2": 0.1570396661758423, "obs": 0.06279122379884261}, "250.0": {"exp-2": 0.0478729248046875, "exp-1": 0.06600930690765382, "exp0": 0.09726562500000001, "exp+1": 0.150187349319458, "exp+2": 0.23037185668945315, "obs": 0.08587282692269431}, "170.0": {"exp-2": 0.058062744140625004, "exp-1": 0.08005948066711427, "exp0": 0.11796875000000001, "exp+1": 0.1819198250770569, "exp+2": 0.2796465396881104, "obs": 0.1044002682954436}, "100.0": {"exp-2": 0.01663055419921875, "exp-1": 0.02286391854286194, "exp0": 0.0337890625, "exp+1": 0.052106177806854254, "exp+2": 0.07999852299690247, "obs": 0.03172595083781086}, "1100.0": {"exp-2": 0.017828369140625, "exp-1": 0.02447781562805176, "exp0": 0.035937500000000004, "exp+1": 0.05527603626251221, "exp+2": 0.08428243994712831, "obs": 0.030997245392064277}, "1300.0": {"exp-2": 0.013866806030273439, "exp-1": 0.01912016570568085, "exp0": 0.028173828125, "exp+1": 0.04339075982570648, "exp+2": 0.06626583933830262, "obs": 0.02420331777793731}, "2400.0": {"exp-2": 0.0021219253540039062, "exp-1": 0.0029384687542915347, "exp0": 0.004345703125, "exp+1": 0.006718838959932328, "exp+2": 0.010321982949972153, "obs": 0.0031721884933137504}, "2200.0": {"exp-2": 0.0033020973205566406, "exp-1": 0.004572785645723343, "exp0": 0.006762695312500001, "exp+1": 0.010455720871686936, "exp+2": 0.01602337509393692, "obs": 0.005167815686968036}, "350.0": {"exp-2": 0.039338684082031256, "exp-1": 0.05385474562644959, "exp0": 0.079296875, "exp+1": 0.12196778059005738, "exp+2": 0.18643652200698854, "obs": 0.07291332212338786}, "650.0": {"exp-2": 0.027589416503906252, "exp-1": 0.03804150819778443, "exp0": 0.056054687500000006, "exp+1": 0.08621860146522523, "exp+2": 0.1317913293838501, "obs": 0.04843649201181314}, "800.0": {"exp-2": 0.02201385498046875, "exp-1": 0.03035367727279663, "exp0": 0.044726562500000004, "exp+1": 0.06888377070426942, "exp+2": 0.10546065568923951, "obs": 0.03885810003753612}, "60.0": {"exp-2": 0.022686767578125003, "exp-1": 0.03109865188598633, "exp0": 0.04609375, "exp+1": 0.07117311954498291, "exp+2": 0.10930695533752442, "obs": 0.04543125157625572}, "2800.0": {"exp-2": 0.01630859375, "exp-1": 0.022296905517578125, "exp0": 0.0326171875, "exp+1": 0.04990898370742798, "exp+2": 0.07579767107963563, "obs": 0.02639322390402403}, "1000.0": {"exp-2": 0.018985748291015625, "exp-1": 0.02617838978767395, "exp0": 0.03857421875, "exp+1": 0.059254735708236694, "exp+2": 0.09031725525856019, "obs": 0.03487637136155055}, "2000.0": {"exp-2": 0.004974746704101563, "exp-1": 0.006839351356029511, "exp0": 0.010107421875000001, "exp+1": 0.015606817603111268, "exp+2": 0.023880147933959962, "obs": 0.00794918363238849}, "120.0": {"exp-2": 0.014371490478515625, "exp-1": 0.019700205326080324, "exp0": 0.029199218750000002, "exp+1": 0.04514455795288086, "exp+2": 0.06935445070266724, "obs": 0.027339423327620235}, "1800.0": {"exp-2": 0.00692138671875, "exp-1": 0.009543514251708985, "exp0": 0.0140625, "exp+1": 0.02174186110496521, "exp+2": 0.03327831029891968, "obs": 0.011305068600365932}, "1200.0": {"exp-2": 0.015842056274414065, "exp-1": 0.021750667691230775, "exp0": 0.03193359375, "exp+1": 0.0491175651550293, "exp+2": 0.07498600482940675, "obs": 0.02857182675777349}, "550.0": {"exp-2": 0.0317230224609375, "exp-1": 0.04374110698699951, "exp0": 0.064453125, "exp+1": 0.09913637042045594, "exp+2": 0.15153707265853883, "obs": 0.061559319398204186}, "700.0": {"exp-2": 0.026628112792968752, "exp-1": 0.036716020107269286, "exp0": 0.054101562500000006, "exp+1": 0.08343011736869813, "exp+2": 0.1274566411972046, "obs": 0.04759280729432395}, "500.0": {"exp-2": 0.030953979492187502, "exp-1": 0.04268071651458741, "exp0": 0.062890625, "exp+1": 0.09685840606689454, "exp+2": 0.1481053113937378, "obs": 0.05556970872033637}}