{"350.0": {"exp-2": 0.010070037841796876, "exp-1": 0.013508129119873048, "exp+2": 0.03903010189533234, "exp+1": 0.027826958894729616, "exp0": 0.019238281250000003, "obs": 0.021032374445933488}, "80.0": {"exp-2": 0.002511405944824219, "exp-1": 0.003414537012577057, "exp+2": 0.009996549040079118, "exp+1": 0.007083851844072342, "exp0": 0.004870605468750001, "obs": 0.003026310884833342}, "70.0": {"exp-2": 0.002461051940917969, "exp-1": 0.0033460751175880435, "exp+2": 0.009782785922288895, "exp+1": 0.006932307034730911, "exp0": 0.00477294921875, "obs": 0.002991783984858549}, "95.0": {"exp-2": 0.002688980102539063, "exp-1": 0.0036215305328369143, "exp+2": 0.010606861859560014, "exp+1": 0.007527702301740647, "exp0": 0.005175781250000001, "obs": 0.00241299526834035}, "90.0": {"exp-2": 0.002695322036743164, "exp-1": 0.0036300718784332275, "exp+2": 0.010631877928972244, "exp+1": 0.007545456290245056, "exp0": 0.00518798828125, "obs": 0.0024215405242868806}, "450.0": {"exp-2": 0.035739898681640625, "exp-1": 0.048002737760543826, "exp+2": 0.13547540903091432, "exp+1": 0.09735462665557862, "exp0": 0.0677734375, "obs": 0.0764544397608608}, "150.0": {"exp-2": 0.003189992904663086, "exp-1": 0.004319344833493233, "exp+2": 0.012502904236316682, "exp+1": 0.008893556892871857, "exp0": 0.0061401367187500005, "obs": 0.0033887639365936754}, "75.0": {"exp-2": 0.0024923801422119143, "exp-1": 0.0033567488193511964, "exp+2": 0.009810501337051393, "exp+1": 0.006967766582965851, "exp0": 0.0047973632812500005, "obs": 0.0030248255897094263}, "130.0": {"exp-2": 0.0030606269836425783, "exp-1": 0.004105579853057861, "exp+2": 0.011888158321380616, "exp+1": 0.008469212800264359, "exp0": 0.005847167968750001, "obs": 0.003250951828178488}, "120.0": {"exp-2": 0.0030414581298828128, "exp-1": 0.004079866409301758, "exp+2": 0.011806373298168183, "exp+1": 0.00840458869934082, "exp0": 0.005810546875, "obs": 0.0032356882299232215}, "110.0": {"exp-2": 0.0029583930969238285, "exp-1": 0.003968441486358643, "exp+2": 0.01149984821677208, "exp+1": 0.00818631574511528, "exp0": 0.0056518554687500005, "obs": 0.0030779151059256793}, "400.0": {"exp-2": 0.0153350830078125, "exp-1": 0.020570755004882812, "exp+2": 0.05930829048156738, "exp+1": 0.04231768846511841, "exp0": 0.029296875, "obs": 0.032026411850268416}, "300.0": {"exp-2": 0.006504631042480469, "exp-1": 0.008725428581237793, "exp+2": 0.025265437364578248, "exp+1": 0.01799928694963455, "exp0": 0.012426757812500001, "obs": 0.013153731304389724}, "190.0": {"exp-2": 0.0038051605224609375, "exp-1": 0.005152300000190735, "exp+2": 0.01491183489561081, "exp+1": 0.010623214393854143, "exp0": 0.00732421875, "obs": 0.008370139305845958}, "100.0": {"exp-2": 0.002682638168334961, "exp-1": 0.0036129891872406007, "exp+2": 0.010597845166921617, "exp+1": 0.007509948313236237, "exp0": 0.0051635742187500005, "obs": 0.0023832174223249493}, "170.0": {"exp-2": 0.0038593292236328127, "exp-1": 0.0051769733428955085, "exp+2": 0.014999794960021974, "exp+1": 0.010694035887718202, "exp0": 0.007373046875000001, "obs": 0.00830120508238928}, "60.0": {"exp-2": 0.002561759948730469, "exp-1": 0.0034829989075660706, "exp+2": 0.010175397992134095, "exp+1": 0.007215981930494309, "exp0": 0.00496826171875, "obs": 0.0030993874716167043}, "250.0": {"exp-2": 0.004363250732421875, "exp-1": 0.005907970666885376, "exp+2": 0.017148561775684357, "exp+1": 0.012198023498058319, "exp0": 0.0083984375, "obs": 0.009681114403249159}, "85.0": {"exp-2": 0.002612876892089844, "exp-1": 0.0035190343856811527, "exp+2": 0.01031445935368538, "exp+1": 0.00731465369462967, "exp0": 0.005029296875, "obs": 0.0023610292097574095}}