{"600.0": {"exp-2": 0.012351608276367188, "exp-1": 0.016816648840904235, "exp+2": 0.05484675765037537, "exp+1": 0.03692022264003754, "exp0": 0.02451171875, "obs": 0.013695375209321625}, "80.0": {"exp-2": 0.017498779296875, "exp-1": 0.02455611228942871, "exp+2": 0.08528752326965333, "exp+1": 0.05655087232589722, "exp0": 0.03671875, "obs": 0.03098761284975554}, "70.0": {"exp-2": 0.017778015136718752, "exp-1": 0.024947965145111085, "exp+2": 0.08675783276557923, "exp+1": 0.057453274726867676, "exp0": 0.0373046875, "obs": 0.030404059991844708}, "90.0": {"exp-2": 0.018010711669921877, "exp-1": 0.025274509191513063, "exp+2": 0.08769112825393677, "exp+1": 0.05812996029853821, "exp0": 0.03779296875, "obs": 0.033446847145782714}, "1800.0": {"exp-2": 0.0019042968750000002, "exp-1": 0.0026035308837890625, "exp+2": 0.008590780943632127, "exp+1": 0.005759380385279656, "exp0": 0.0038085937500000003, "obs": 0.0023767171703700427}, "150.0": {"exp-2": 0.01825675964355469, "exp-1": 0.02485648095607758, "exp+2": 0.08143147230148316, "exp+1": 0.05464353561401367, "exp0": 0.03623046875, "obs": 0.026565017622459226}, "1600.0": {"exp-2": 0.002972412109375, "exp-1": 0.004063844680786133, "exp+2": 0.013415414094924928, "exp+1": 0.009001649916172028, "exp0": 0.00594482421875, "obs": 0.003732586527549929}, "300.0": {"exp-2": 0.014713668823242189, "exp-1": 0.02014575004577637, "exp+2": 0.06533538103103638, "exp+1": 0.04398066401481629, "exp0": 0.029199218750000002, "obs": 0.020419934469706774}, "900.0": {"exp-2": 0.00942363739013672, "exp-1": 0.012830232083797456, "exp+2": 0.04192072451114655, "exp+1": 0.02820549011230469, "exp0": 0.018701171875000002, "obs": 0.015079754822702738}, "350.0": {"exp-2": 0.016436004638671876, "exp-1": 0.022503948211669924, "exp+2": 0.07288556694984437, "exp+1": 0.04912890195846558, "exp0": 0.0326171875, "obs": 0.018536628609219445}, "190.0": {"exp-2": 0.017518615722656252, "exp-1": 0.02385150194168091, "exp+2": 0.07789482474327088, "exp+1": 0.05236493945121765, "exp0": 0.034765625, "obs": 0.024942139309596788}, "450.0": {"exp-2": 0.01476287841796875, "exp-1": 0.02009958028793335, "exp+2": 0.06546608209609986, "exp+1": 0.044127756357192995, "exp0": 0.029296875, "obs": 0.016052856209248508}, "1400.0": {"exp-2": 0.0046142578125000005, "exp-1": 0.006308555603027344, "exp+2": 0.020880605280399325, "exp+1": 0.013973814249038697, "exp0": 0.009228515625000001, "obs": 0.0066391945961449}, "100.0": {"exp-2": 0.017778015136718752, "exp-1": 0.024947965145111085, "exp+2": 0.08650342226028443, "exp+1": 0.057378929853439335, "exp0": 0.0373046875, "obs": 0.029790073503300096}, "170.0": {"exp-2": 0.018109130859375, "exp-1": 0.024655485153198244, "exp+2": 0.0806116282939911, "exp+1": 0.05420167446136475, "exp0": 0.035937500000000004, "obs": 0.0262980234225491}, "250.0": {"exp-2": 0.015845489501953126, "exp-1": 0.021573549509048464, "exp+2": 0.07031405568122864, "exp+1": 0.047363793849945074, "exp0": 0.0314453125, "obs": 0.02306559335867813}, "1100.0": {"exp-2": 0.0072998046875000005, "exp-1": 0.009980201721191406, "exp+2": 0.0328509122133255, "exp+1": 0.022048527002334596, "exp0": 0.014599609375000001, "obs": 0.011779896029089292}, "1300.0": {"exp-2": 0.00531463623046875, "exp-1": 0.007235848903656006, "exp+2": 0.023684467375278476, "exp+1": 0.015928032994270324, "exp0": 0.010546875, "obs": 0.006845249849910339}, "2200.0": {"exp-2": 0.0028172492980957035, "exp-1": 0.003846504166722298, "exp+2": 0.012501488626003266, "exp+1": 0.008421047031879425, "exp0": 0.0055908203125000005, "obs": 0.0034438651964754127}, "400.0": {"exp-2": 0.01569786071777344, "exp-1": 0.0214932918548584, "exp+2": 0.06970564126968384, "exp+1": 0.046922513842582704, "exp0": 0.031152343750000002, "obs": 0.017448696382800676}, "650.0": {"exp-2": 0.012007141113281251, "exp-1": 0.01634765863418579, "exp+2": 0.05328145623207092, "exp+1": 0.03589057624340058, "exp0": 0.023828125000000002, "obs": 0.01283632639293508}, "800.0": {"exp-2": 0.01082611083984375, "exp-1": 0.014822959899902344, "exp+2": 0.048008459806442264, "exp+1": 0.03236035406589508, "exp0": 0.021484375, "obs": 0.018007463756340006}, "1200.0": {"exp-2": 0.0066162109375, "exp-1": 0.009045600891113281, "exp+2": 0.02971523404121399, "exp+1": 0.019983781874179842, "exp0": 0.013232421875, "obs": 0.01051765453230227}, "1000.0": {"exp-2": 0.00863628387451172, "exp-1": 0.011758254468441011, "exp+2": 0.0384182095527649, "exp+1": 0.02584889531135559, "exp0": 0.017138671875, "obs": 0.014001466874865455}, "2000.0": {"exp-2": 0.001334810256958008, "exp-1": 0.0018173370510339737, "exp+2": 0.005948529392480851, "exp+1": 0.00400044359266758, "exp0": 0.0026489257812500003, "obs": 0.0017146544070111081}, "120.0": {"exp-2": 0.0171661376953125, "exp-1": 0.024461746215820312, "exp+2": 0.08470331430435181, "exp+1": 0.05632748007774353, "exp0": 0.03662109375, "obs": 0.02568644706233976}, "60.0": {"exp-2": 0.018243408203125002, "exp-1": 0.02560105323791504, "exp+2": 0.08876791000366212, "exp+1": 0.05888099670410157, "exp0": 0.03828125, "obs": 0.03074119090919321}, "550.0": {"exp-2": 0.01336040496826172, "exp-1": 0.018190120160579682, "exp+2": 0.059405744075775146, "exp+1": 0.03993562161922455, "exp0": 0.026513671875000002, "obs": 0.014300187342003046}, "700.0": {"exp-2": 0.011293601989746094, "exp-1": 0.015376178920269013, "exp+2": 0.05032949447631836, "exp+1": 0.03384706974029541, "exp0": 0.022412109375000003, "obs": 0.011893089726197025}, "500.0": {"exp-2": 0.014073944091796875, "exp-1": 0.019161599874496463, "exp+2": 0.06241099834442139, "exp+1": 0.04206846058368683, "exp0": 0.0279296875, "obs": 0.014952292554464248}}