{"350.0": {"exp-2": 0.26894531250000003, "exp-1": 0.3597885131835938, "exp0": 0.50625, "exp+1": 0.7262048244476319, "exp+2": 1.007340145111084, "obs": 0.32533462245234557}, "80.0": {"exp-2": 0.004084205627441407, "exp-1": 0.00550062656402588, "exp0": 0.007861328125, "exp+1": 0.011464921385049821, "exp+2": 0.016202899813652038, "obs": 0.004086831857235009}, "70.0": {"exp-2": 0.004134941101074219, "exp-1": 0.005568957328796387, "exp0": 0.007958984375, "exp+1": 0.011607342213392258, "exp+2": 0.016404177248477935, "obs": 0.003967292073548993}, "95.0": {"exp-2": 0.004154205322265625, "exp-1": 0.005648106336593628, "exp0": 0.008056640625, "exp+1": 0.011733707040548325, "exp+2": 0.01659551411867142, "obs": 0.004035433278473831}, "90.0": {"exp-2": 0.004122257232666016, "exp-1": 0.00555187463760376, "exp0": 0.0079345703125, "exp+1": 0.011555923521518708, "exp+2": 0.016319511830806734, "obs": 0.003970374828591381}, "150.0": {"exp-2": 0.007339096069335938, "exp-1": 0.009924459457397462, "exp0": 0.014233398437500001, "exp+1": 0.020786283910274508, "exp+2": 0.02948567867279053, "obs": 0.006421894928928889}, "75.0": {"exp-2": 0.004046154022216797, "exp-1": 0.005478612333536148, "exp0": 0.0077880859375000005, "exp+1": 0.011358105391263962, "exp+2": 0.016051940619945526, "obs": 0.004014033343694286}, "130.0": {"exp-2": 0.00558929443359375, "exp-1": 0.007558250427246094, "exp0": 0.010839843750000001, "exp+1": 0.015851981937885284, "exp+2": 0.022485603392124177, "obs": 0.0050549937960711906}, "120.0": {"exp-2": 0.005047988891601563, "exp-1": 0.006863304972648621, "exp0": 0.0097900390625, "exp+1": 0.014277742803096773, "exp+2": 0.020223532617092133, "obs": 0.004789290882959254}, "110.0": {"exp-2": 0.004616928100585937, "exp-1": 0.0062180995941162115, "exp0": 0.00888671875, "exp+1": 0.012942634522914886, "exp+2": 0.01829160451889038, "obs": 0.004522475862541452}, "300.0": {"exp-2": 0.139453125, "exp-1": 0.1865570068359375, "exp0": 0.2625, "exp+1": 0.3765506505966187, "exp+2": 0.5231480598449707, "obs": 0.16375876927839025}, "190.0": {"exp-2": 0.015232849121093751, "exp-1": 0.020433616638183594, "exp0": 0.0291015625, "exp+1": 0.04220957159996033, "exp+2": 0.059385287761688235, "obs": 0.012672161861618217}, "100.0": {"exp-2": 0.004363250732421875, "exp-1": 0.005876445770263672, "exp0": 0.0083984375, "exp+1": 0.012214761972427369, "exp+2": 0.017237156629562378, "obs": 0.004348800585372694}, "170.0": {"exp-2": 0.010197830200195313, "exp-1": 0.01380816400051117, "exp0": 0.01962890625, "exp+1": 0.028587576746940613, "exp+2": 0.040371963381767274, "obs": 0.008700312446934024}, "60.0": {"exp-2": 0.004204559326171875, "exp-1": 0.005716568231582642, "exp0": 0.008154296875, "exp+1": 0.011875933408737183, "exp+2": 0.016796672344207765, "obs": 0.003971916549321217}, "250.0": {"exp-2": 0.052752685546875004, "exp-1": 0.07113862037658691, "exp0": 0.10078125, "exp+1": 0.14517112970352172, "exp+2": 0.20266215801239015, "obs": 0.05436803593512529}, "85.0": {"exp-2": 0.004084205627441407, "exp-1": 0.00550062656402588, "exp0": 0.007861328125, "exp+1": 0.01144925355911255, "exp+2": 0.016193199157714843, "obs": 0.004093381712944359}}