{"350.0": {"exp-2": 0.031439208984375, "exp-1": 0.0420586109161377, "exp0": 0.0591796875, "exp+1": 0.08418431878089905, "exp+2": 0.11598377227783203, "obs": 0.04368709003076469}, "80.0": {"exp-2": 0.0073608398437500005, "exp-1": 0.009926319122314453, "exp0": 0.0140625, "exp+1": 0.02020038366317749, "exp+2": 0.028110173344612122, "obs": 0.007718166903261468}, "70.0": {"exp-2": 0.0075653076171875, "exp-1": 0.01020205020904541, "exp0": 0.014453125, "exp+1": 0.02073269933462143, "exp+2": 0.028894975781440735, "obs": 0.007991455334998928}, "95.0": {"exp-2": 0.00766754150390625, "exp-1": 0.010339915752410889, "exp0": 0.0146484375, "exp+1": 0.021012870967388155, "exp+2": 0.029262468218803406, "obs": 0.008089529678623203}, "90.0": {"exp-2": 0.007699012756347656, "exp-1": 0.010340647399425508, "exp0": 0.014599609375000001, "exp+1": 0.0209719255566597, "exp+2": 0.029206699132919314, "obs": 0.008122005317725795}, "450.0": {"exp-2": 0.031620025634765625, "exp-1": 0.04246928095817566, "exp0": 0.059960937500000006, "exp+1": 0.0858931839466095, "exp+2": 0.11904418468475342, "obs": 0.06697322078722699}, "150.0": {"exp-2": 0.009115219116210938, "exp-1": 0.012242773175239564, "exp0": 0.01728515625, "exp+1": 0.024795188009738924, "exp+2": 0.03444836735725403, "obs": 0.009680473593143037}, "75.0": {"exp-2": 0.007544517517089844, "exp-1": 0.010133142769336701, "exp0": 0.014306640625, "exp+1": 0.020551083981990816, "exp+2": 0.02859819531440735, "obs": 0.007840536449969631}, "130.0": {"exp-2": 0.00844573974609375, "exp-1": 0.011343586444854737, "exp0": 0.016015625000000002, "exp+1": 0.02300599217414856, "exp+2": 0.03201436102390289, "obs": 0.00894758385885678}, "120.0": {"exp-2": 0.008316993713378906, "exp-1": 0.011170665919780732, "exp0": 0.015771484375000002, "exp+1": 0.022623857855796816, "exp+2": 0.03145644366741181, "obs": 0.009049196066950314}, "110.0": {"exp-2": 0.008085250854492188, "exp-1": 0.010859408974647523, "exp0": 0.015332031250000001, "exp+1": 0.022054585814476016, "exp+2": 0.030667740106582644, "obs": 0.008480998501299205}, "400.0": {"exp-2": 0.039532470703125, "exp-1": 0.052885580062866214, "exp0": 0.0744140625, "exp+1": 0.1060038447380066, "exp+2": 0.14640988111495973, "obs": 0.06932206579094875}, "550.0": {"exp-2": 0.025006103515625003, "exp-1": 0.03345255851745606, "exp0": 0.0470703125, "exp+1": 0.06733373403549195, "exp+2": 0.09316798448562623, "obs": 0.08292556193347805}, "300.0": {"exp-2": 0.020336914062500003, "exp-1": 0.02720623016357422, "exp0": 0.03828125, "exp+1": 0.054684752225875856, "exp+2": 0.07560063004493714, "obs": 0.025431779673457573}, "190.0": {"exp-2": 0.010685920715332031, "exp-1": 0.014352403581142426, "exp0": 0.020263671875, "exp+1": 0.029027420282363894, "exp+2": 0.04032621383666993, "obs": 0.012108015110090407}, "100.0": {"exp-2": 0.007744216918945313, "exp-1": 0.010443314909934998, "exp0": 0.014794921875, "exp+1": 0.021252486109733584, "exp+2": 0.029551061987876895, "obs": 0.008165164502626969}, "170.0": {"exp-2": 0.009939193725585938, "exp-1": 0.013349464535713196, "exp0": 0.01884765625, "exp+1": 0.027036559581756592, "exp+2": 0.03759191036224366, "obs": 0.011119064448505127}, "60.0": {"exp-2": 0.008229827880859375, "exp-1": 0.01109817624092102, "exp0": 0.01572265625, "exp+1": 0.022553814947605135, "exp+2": 0.031383720040321354, "obs": 0.008832512467688142}, "250.0": {"exp-2": 0.014110565185546875, "exp-1": 0.018952089548110965, "exp0": 0.026757812500000002, "exp+1": 0.03833018243312836, "exp+2": 0.05316597819328309, "obs": 0.017317409357619613}, "500.0": {"exp-2": 0.027963638305664062, "exp-1": 0.03755833804607392, "exp0": 0.053027343750000004, "exp+1": 0.07617228031158448, "exp+2": 0.10583261251449586, "obs": 0.07540890200306453}, "85.0": {"exp-2": 0.0075397491455078125, "exp-1": 0.01016758382320404, "exp0": 0.014404296875, "exp+1": 0.020691365003585815, "exp+2": 0.028815972805023196, "obs": 0.007925891247788353}}