{"600.0": {"exp-2": 0.1095703125, "exp-1": 0.14658050537109377, "exp0": 0.20625000000000002, "exp+1": 0.29298379421234133, "exp+2": 0.4026406288146973, "obs": 0.14842816633418043}, "80.0": {"exp-2": 0.0017635345458984375, "exp-1": 0.0023781806230545044, "exp0": 0.003369140625, "exp+1": 0.004866534098982811, "exp+2": 0.006794191151857376, "obs": 0.0028126681480035117}, "70.0": {"exp-2": 0.002095794677734375, "exp-1": 0.0028262436389923096, "exp0": 0.0040039062500000005, "exp+1": 0.0057594779878854755, "exp+2": 0.008008772879838944, "obs": 0.0031169121973454806}, "90.0": {"exp-2": 0.0016549110412597658, "exp-1": 0.0022316984832286835, "exp0": 0.0031616210937500003, "exp+1": 0.004566783830523491, "exp+2": 0.006375708431005479, "obs": 0.0026910987031544126}, "150.0": {"exp-2": 0.0016676902770996094, "exp-1": 0.002237069606781006, "exp0": 0.00318603515625, "exp+1": 0.004602048546075821, "exp+2": 0.0064299084246158605, "obs": 0.002689562119923315}, "300.0": {"exp-2": 0.0033481597900390627, "exp-1": 0.004491281509399414, "exp0": 0.006396484375000001, "exp+1": 0.009226613491773606, "exp+2": 0.01290092170238495, "obs": 0.005432582876414633}, "400.0": {"exp-2": 0.0078277587890625, "exp-1": 0.010513567924499513, "exp0": 0.014843750000000001, "exp+1": 0.02123387455940247, "exp+2": 0.029380774497985842, "obs": 0.010974513529966557}, "190.0": {"exp-2": 0.001842331886291504, "exp-1": 0.0024945719167590143, "exp0": 0.003546142578125, "exp+1": 0.005129271000623704, "exp+2": 0.007172231376171113, "obs": 0.0030280715142806803}, "450.0": {"exp-2": 0.01356658935546875, "exp-1": 0.01814905405044556, "exp0": 0.025537109375000002, "exp+1": 0.03642885386943817, "exp+2": 0.050197613239288334, "obs": 0.016798702731374373}, "100.0": {"exp-2": 0.0016165733337402345, "exp-1": 0.002179998904466629, "exp0": 0.00308837890625, "exp+1": 0.00446714498102665, "exp+2": 0.006241575255990029, "obs": 0.002635934615123683}, "170.0": {"exp-2": 0.0017635345458984375, "exp-1": 0.0023781806230545044, "exp0": 0.003369140625, "exp+1": 0.004866534098982811, "exp+2": 0.006804695725440979, "obs": 0.002857611589367147}, "250.0": {"exp-2": 0.0024289608001708987, "exp-1": 0.003288884833455086, "exp0": 0.0046752929687500005, "exp+1": 0.006762515753507614, "exp+2": 0.009470547735691072, "obs": 0.003933583176018565}, "85.0": {"exp-2": 0.0017028331756591799, "exp-1": 0.0022963229566812515, "exp0": 0.0032531738281250003, "exp+1": 0.004699026793241501, "exp+2": 0.006560333073139191, "obs": 0.0027608785915839286}, "350.0": {"exp-2": 0.004945564270019531, "exp-1": 0.006669245660305023, "exp0": 0.0094482421875, "exp+1": 0.013590963184833528, "exp+2": 0.01888396590948105, "obs": 0.007657466805594775}, "650.0": {"exp-2": 0.232421875, "exp-1": 0.312530517578125, "exp0": 0.4375, "exp+1": 0.6214807987213136, "exp+2": 0.8527016639709473, "obs": 0.3450365371451476}, "95.0": {"exp-2": 0.0016357421875, "exp-1": 0.0021942138671875, "exp0": 0.0031249999999999997, "exp+1": 0.004507658630609513, "exp+2": 0.006302740424871445, "obs": 0.0026700066440665075}, "75.0": {"exp-2": 0.0019360542297363283, "exp-1": 0.0026108287274837494, "exp0": 0.00369873046875, "exp+1": 0.005327864736318588, "exp+2": 0.007432038336992264, "obs": 0.0029732966975095907}, "130.0": {"exp-2": 0.0016485214233398439, "exp-1": 0.0022113561630249024, "exp0": 0.0031494140625, "exp+1": 0.004542874544858933, "exp+2": 0.006342148035764695, "obs": 0.0026743172248679748}, "120.0": {"exp-2": 0.0016425609588623048, "exp-1": 0.0022240761667490006, "exp0": 0.0031616210937500003, "exp+1": 0.004566783830523491, "exp+2": 0.006385566294193268, "obs": 0.00268847205011295}, "110.0": {"exp-2": 0.0015918254852294923, "exp-1": 0.002155378833413124, "exp0": 0.00306396484375, "exp+1": 0.004419618472456932, "exp+2": 0.00617964006960392, "obs": 0.0026364571311419268}, "550.0": {"exp-2": 0.048144531250000004, "exp-1": 0.06440658569335937, "exp0": 0.09062500000000001, "exp+1": 0.12909654378890992, "exp+2": 0.17758971452713013, "obs": 0.07747588224695735}, "60.0": {"exp-2": 0.0023513793945312503, "exp-1": 0.003170907497406006, "exp0": 0.0044921875000000005, "exp+1": 0.006443946808576584, "exp+2": 0.008952682465314865, "obs": 0.003383881944344403}, "500.0": {"exp-2": 0.0244354248046875, "exp-1": 0.03268911838531494, "exp0": 0.04599609375, "exp+1": 0.06552205681800842, "exp+2": 0.09027963876724243, "obs": 0.03363783848313212}}