{"80.0": {"exp-2": 0.008245468139648438, "exp-1": 0.011210635304450989, "exp0": 0.0159912109375, "exp+1": 0.023385243117809297, "exp+2": 0.03319597840309143, "obs": 0.00907304168264602}, "70.0": {"exp-2": 0.007729339599609375, "exp-1": 0.010508900880813599, "exp0": 0.014990234375000001, "exp+1": 0.02192143350839615, "exp+2": 0.031094956398010257, "obs": 0.00837847150710677}, "95.0": {"exp-2": 0.010700225830078125, "exp-1": 0.014469623565673828, "exp0": 0.020751953125, "exp+1": 0.030388620495796204, "exp+2": 0.0432957261800766, "obs": 0.011680688607927172}, "90.0": {"exp-2": 0.009592437744140626, "exp-1": 0.012971591949462891, "exp0": 0.018603515625, "exp+1": 0.02716835141181946, "exp+2": 0.03862488269805908, "obs": 0.010457987399791042}, "150.0": {"exp-2": 0.045391845703125, "exp-1": 0.06121230125427246, "exp0": 0.08671875000000001, "exp+1": 0.1252603530883789, "exp+2": 0.1755525350570679, "obs": 0.059344723104371916}, "75.0": {"exp-2": 0.0079559326171875, "exp-1": 0.010816979408264161, "exp0": 0.0154296875, "exp+1": 0.02250257730484009, "exp+2": 0.031873497366905215, "obs": 0.008632504760812653}, "130.0": {"exp-2": 0.02627410888671875, "exp-1": 0.03524456024169922, "exp0": 0.050195312500000006, "exp+1": 0.07260434627532959, "exp+2": 0.10191303491592407, "obs": 0.033566353747219384}, "120.0": {"exp-2": 0.019533157348632812, "exp-1": 0.026307344436645508, "exp0": 0.03759765625, "exp+1": 0.05468236804008484, "exp+2": 0.07722459435462953, "obs": 0.02400906721546654}, "110.0": {"exp-2": 0.01485443115234375, "exp-1": 0.020196259021759033, "exp0": 0.02880859375, "exp+1": 0.04212913811206818, "exp+2": 0.05980344414710999, "obs": 0.017689064143611693}, "190.0": {"exp-2": 0.11700439453125, "exp-1": 0.15715017318725588, "exp0": 0.22187500000000002, "exp+1": 0.3196015596389771, "exp+2": 0.4458241939544678, "obs": 0.13845929806055}, "100.0": {"exp-2": 0.0115814208984375, "exp-1": 0.015661239624023438, "exp0": 0.0224609375, "exp+1": 0.0329359769821167, "exp+2": 0.046888360381126405, "obs": 0.013018342388736698}, "170.0": {"exp-2": 0.0729217529296875, "exp-1": 0.09794218540191652, "exp0": 0.13828125, "exp+1": 0.19946389198303224, "exp+2": 0.27846455574035645, "obs": 0.09105020434120514}, "60.0": {"exp-2": 0.0074523925781250005, "exp-1": 0.010132360458374024, "exp0": 0.014453125, "exp+1": 0.021135975420475007, "exp+2": 0.030025362968444824, "obs": 0.008162498735138432}, "250.0": {"exp-2": 0.26907958984375, "exp-1": 0.36286211013793945, "exp0": 0.5140625, "exp+1": 0.7394607543945313, "exp+2": 1.0306615829467773, "obs": 0.3114484475227666}, "85.0": {"exp-2": 0.00881195068359375, "exp-1": 0.011980831623077393, "exp0": 0.01708984375, "exp+1": 0.024957801401615146, "exp+2": 0.035403043031692505, "obs": 0.00994551949290189}}