{"600.0": {"exp-2": 0.012007141113281251, "exp-1": 0.016440010070800783, "exp0": 0.023828125000000002, "exp+1": 0.03579559624195099, "exp+2": 0.053016829490661624, "obs": 0.017835985228369048}, "80.0": {"exp-2": 0.01804771423339844, "exp-1": 0.025441357493400575, "exp0": 0.03818359375, "exp+1": 0.058730787038803106, "exp+2": 0.08831732273101807, "obs": 0.028569913078978684}, "70.0": {"exp-2": 0.018324661254882812, "exp-1": 0.025831761956214908, "exp0": 0.03876953125, "exp+1": 0.059554761648178106, "exp+2": 0.0896351456642151, "obs": 0.02773948807815928}, "90.0": {"exp-2": 0.01812744140625, "exp-1": 0.02583160400390625, "exp0": 0.038671875, "exp+1": 0.0594047486782074, "exp+2": 0.08935254216194154, "obs": 0.029923463089205155}, "150.0": {"exp-2": 0.01825675964355469, "exp-1": 0.02485648095607758, "exp0": 0.03623046875, "exp+1": 0.05464353561401367, "exp+2": 0.08143147230148316, "obs": 0.026565017622459226}, "1400.0": {"exp-2": 0.005191612243652344, "exp-1": 0.007088317722082138, "exp0": 0.010302734375, "exp+1": 0.015497727692127228, "exp+2": 0.022980529069900515, "obs": 0.007892606549817372}, "300.0": {"exp-2": 0.014713668823242189, "exp-1": 0.02014575004577637, "exp0": 0.029199218750000002, "exp+1": 0.04398066401481629, "exp+2": 0.06533538103103638, "obs": 0.020419934469706774}, "900.0": {"exp-2": 0.009372711181640625, "exp-1": 0.012708359956741334, "exp0": 0.018457031250000002, "exp+1": 0.02769013047218323, "exp+2": 0.04096350371837616, "obs": 0.012736430140906117}, "400.0": {"exp-2": 0.013975524902343751, "exp-1": 0.019135093688964846, "exp0": 0.027734375000000002, "exp+1": 0.04177427589893341, "exp+2": 0.061974555253982544, "obs": 0.020694768814809847}, "1600.0": {"exp-2": 0.0033708572387695316, "exp-1": 0.0046153306961059576, "exp0": 0.0066894531250000005, "exp+1": 0.010035841166973114, "exp+2": 0.01484656035900116, "obs": 0.0045392246031255535}, "190.0": {"exp-2": 0.017518615722656252, "exp-1": 0.02385150194168091, "exp0": 0.034765625, "exp+1": 0.05236493945121765, "exp+2": 0.07789482474327088, "obs": 0.024942139309596788}, "450.0": {"exp-2": 0.013385009765625, "exp-1": 0.018326568603515624, "exp0": 0.026562500000000003, "exp+1": 0.0399562269449234, "exp+2": 0.05924838185310364, "obs": 0.01894941993395412}, "250.0": {"exp-2": 0.015845489501953126, "exp-1": 0.021573549509048464, "exp0": 0.0314453125, "exp+1": 0.047363793849945074, "exp+2": 0.07031405568122864, "obs": 0.02306559335867813}, "170.0": {"exp-2": 0.018109130859375, "exp-1": 0.024655485153198244, "exp0": 0.035937500000000004, "exp+1": 0.05420167446136475, "exp+2": 0.0806116282939911, "obs": 0.0262980234225491}, "100.0": {"exp-2": 0.0179443359375, "exp-1": 0.025570678710937503, "exp0": 0.03828125, "exp+1": 0.05872840285301209, "exp+2": 0.08835663199424744, "obs": 0.027286773035280876}, "1100.0": {"exp-2": 0.0076122283935546875, "exp-1": 0.010321339964866639, "exp0": 0.014990234375000001, "exp+1": 0.02251895070075989, "exp+2": 0.0332852303981781, "obs": 0.010275406125499363}, "1300.0": {"exp-2": 0.00585174560546875, "exp-1": 0.007934319972991944, "exp0": 0.0115234375, "exp+1": 0.017310984432697296, "exp+2": 0.025587341189384463, "obs": 0.008046856957100718}, "2200.0": {"exp-2": 0.004128456115722656, "exp-1": 0.005597729980945588, "exp0": 0.008129882812500001, "exp+1": 0.012213046848773957, "exp+2": 0.018052087724208833, "obs": 0.005186895659309576}, "350.0": {"exp-2": 0.014024734497070312, "exp-1": 0.019202470779418945, "exp0": 0.02783203125, "exp+1": 0.041921368241310125, "exp+2": 0.06227619647979737, "obs": 0.020755528664167813}, "650.0": {"exp-2": 0.012075424194335938, "exp-1": 0.016372939944267275, "exp0": 0.023779296875, "exp+1": 0.03572224378585816, "exp+2": 0.05287246108055115, "obs": 0.01687000657698029}, "800.0": {"exp-2": 0.01041412353515625, "exp-1": 0.014120399951934814, "exp0": 0.0205078125, "exp+1": 0.030725941061973572, "exp+2": 0.04543142318725586, "obs": 0.014900071544524152}, "60.0": {"exp-2": 0.0188323974609375, "exp-1": 0.026547503471374512, "exp0": 0.039843750000000004, "exp+1": 0.06112548112869263, "exp+2": 0.0919630229473114, "obs": 0.028318071814022107}, "1000.0": {"exp-2": 0.008802413940429688, "exp-1": 0.011935099959373474, "exp0": 0.017333984375, "exp+1": 0.025970736145973207, "exp+2": 0.03840036988258362, "obs": 0.01202693198220564}, "2000.0": {"exp-2": 0.0016854286193847658, "exp-1": 0.002294702082872391, "exp0": 0.0033447265625000003, "exp+1": 0.0050245866179466254, "exp+2": 0.007446937263011932, "obs": 0.0021919688242819473}, "120.0": {"exp-2": 0.0171661376953125, "exp-1": 0.024461746215820312, "exp0": 0.03662109375, "exp+1": 0.05632748007774353, "exp+2": 0.08470331430435181, "obs": 0.02568644706233976}, "1800.0": {"exp-2": 0.00215907096862793, "exp-1": 0.0029561698436737062, "exp0": 0.00428466796875, "exp+1": 0.0064366057515144355, "exp+2": 0.00952681377530098, "obs": 0.0029086999963910303}, "1200.0": {"exp-2": 0.006893157958984375, "exp-1": 0.009346359968185424, "exp0": 0.01357421875, "exp+1": 0.0203917533159256, "exp+2": 0.03014102280139923, "obs": 0.009262361478775044}, "550.0": {"exp-2": 0.012745285034179689, "exp-1": 0.017450666427612307, "exp0": 0.025292968750000002, "exp+1": 0.037996146082878116, "exp+2": 0.05639007091522217, "obs": 0.017848217758945885}, "700.0": {"exp-2": 0.011490440368652344, "exp-1": 0.015732550621032716, "exp0": 0.022802734375, "exp+1": 0.034255212545394896, "exp+2": 0.05076963305473328, "obs": 0.015871151174595942}, "500.0": {"exp-2": 0.013141632080078125, "exp-1": 0.017818599939346313, "exp0": 0.02587890625, "exp+1": 0.038979518413543704, "exp+2": 0.057750803232193, "obs": 0.01760156387582913}}