{"350.0": {"exp-2": 0.010070037841796876, "exp-1": 0.013508129119873048, "exp0": 0.019238281250000003, "exp+1": 0.027826958894729616, "exp+2": 0.03903010189533234, "obs": 0.021032374445933488}, "80.0": {"exp-2": 0.011961364746093751, "exp-1": 0.016130268573760986, "exp0": 0.022851562500000002, "exp+1": 0.03287116587162018, "exp+2": 0.04581588208675385, "obs": 0.014086724671349391}, "70.0": {"exp-2": 0.011731338500976563, "exp-1": 0.01582007110118866, "exp0": 0.022412109375000003, "exp+1": 0.032239028811454774, "exp+2": 0.04504002034664154, "obs": 0.013972845508796395}, "95.0": {"exp-2": 0.013034820556640625, "exp-1": 0.01757785677909851, "exp0": 0.02490234375, "exp+1": 0.035821142792701724, "exp+2": 0.04992756545543671, "obs": 0.016022949526473398}, "90.0": {"exp-2": 0.012855911254882814, "exp-1": 0.017336592078208923, "exp0": 0.024560546875000002, "exp+1": 0.03532947897911072, "exp+2": 0.049242281913757326, "obs": 0.01532777988343704}, "450.0": {"exp-2": 0.035739898681640625, "exp-1": 0.048002737760543826, "exp0": 0.0677734375, "exp+1": 0.09735462665557862, "exp+2": 0.13547540903091432, "obs": 0.0764544397608608}, "150.0": {"exp-2": 0.018024444580078125, "exp-1": 0.024208873510360718, "exp0": 0.0341796875, "exp+1": 0.04882566928863526, "exp+2": 0.06771583557128906, "obs": 0.0249768714388052}, "75.0": {"exp-2": 0.011833572387695314, "exp-1": 0.015957936644554138, "exp0": 0.022607421875000002, "exp+1": 0.03256503641605377, "exp+2": 0.04542618989944458, "obs": 0.01401778217440346}, "130.0": {"exp-2": 0.016016006469726562, "exp-1": 0.02151131331920624, "exp0": 0.03037109375, "exp+1": 0.04356668591499329, "exp+2": 0.060527920722961426, "obs": 0.0202596697117539}, "120.0": {"exp-2": 0.015089035034179688, "exp-1": 0.020266285538673403, "exp0": 0.02861328125, "exp+1": 0.04110216796398163, "exp+2": 0.05715156197547913, "obs": 0.01853984026992718}, "110.0": {"exp-2": 0.01390380859375, "exp-1": 0.018749713897705078, "exp0": 0.026562500000000003, "exp+1": 0.03810333907604218, "exp+2": 0.053104281425476074, "obs": 0.01722788610811689}, "400.0": {"exp-2": 0.0153350830078125, "exp-1": 0.020570755004882812, "exp0": 0.029296875, "exp+1": 0.04231768846511841, "exp+2": 0.05930829048156738, "obs": 0.032026411850268416}, "300.0": {"exp-2": 0.009891128540039063, "exp-1": 0.013338491320610046, "exp0": 0.018896484375, "exp+1": 0.02737023234367371, "exp+2": 0.03836057782173157, "obs": 0.01871516817125188}, "190.0": {"exp-2": 0.018899917602539062, "exp-1": 0.025384733080863954, "exp0": 0.03583984375, "exp+1": 0.05134006142616272, "exp+2": 0.07121136784553528, "obs": 0.02669393836731046}, "100.0": {"exp-2": 0.013239288330078126, "exp-1": 0.017853587865829468, "exp0": 0.025292968750000002, "exp+1": 0.03638304173946381, "exp+2": 0.050671160221099854, "obs": 0.016021335995979644}, "170.0": {"exp-2": 0.01915740966796875, "exp-1": 0.025730574131011964, "exp0": 0.036328125, "exp+1": 0.051967114210128784, "exp+2": 0.07201984524726868, "obs": 0.02614491055502314}, "60.0": {"exp-2": 0.011399078369140626, "exp-1": 0.015372008085250854, "exp0": 0.02177734375, "exp+1": 0.03132593929767609, "exp+2": 0.043764376640319826, "obs": 0.013069890620905217}, "250.0": {"exp-2": 0.013188171386718751, "exp-1": 0.01778465509414673, "exp0": 0.0251953125, "exp+1": 0.036242568492889406, "exp+2": 0.05059379935264588, "obs": 0.019638839593943275}, "85.0": {"exp-2": 0.012165832519531251, "exp-1": 0.016405999660491943, "exp0": 0.0232421875, "exp+1": 0.0334793895483017, "exp+2": 0.04670165777206421, "obs": 0.014504696756511053}}