{"600.0": {"exp-2": 0.005551528930664063, "exp-1": 0.007507181167602539, "exp0": 0.0107666015625, "exp+1": 0.01585216373205185, "exp+2": 0.022778676450252534, "obs": 0.008902518968505002}, "80.0": {"exp-2": 0.007987022399902344, "exp-1": 0.011125922203063965, "exp0": 0.016357421875, "exp+1": 0.024409793317317963, "exp+2": 0.035343569517135624, "obs": 0.013479463211720341}, "70.0": {"exp-2": 0.008291244506835938, "exp-1": 0.011499166488647461, "exp0": 0.016845703125, "exp+1": 0.025205591320991518, "exp+2": 0.036538404226303105, "obs": 0.013436977792288723}, "90.0": {"exp-2": 0.007891654968261719, "exp-1": 0.010993075370788575, "exp0": 0.016162109375, "exp+1": 0.024150544404983522, "exp+2": 0.03503750562667847, "obs": 0.012608152820721946}, "150.0": {"exp-2": 0.008081817626953125, "exp-1": 0.010928821563720704, "exp0": 0.015673828125, "exp+1": 0.02307729870080948, "exp+2": 0.03313678503036499, "obs": 0.013289845107633286}, "1400.0": {"exp-2": 0.0013947486877441406, "exp-1": 0.0019016861915588379, "exp0": 0.00274658203125, "exp+1": 0.00407128930091858, "exp+2": 0.005902276933193207, "obs": 0.0020611661495223196}, "300.0": {"exp-2": 0.006999206542968751, "exp-1": 0.009464836120605469, "exp0": 0.01357421875, "exp+1": 0.01998594701290131, "exp+2": 0.028739485144615176, "obs": 0.010511205690805282}, "900.0": {"exp-2": 0.0037729263305664065, "exp-1": 0.005122971534729005, "exp0": 0.007373046875000001, "exp+1": 0.010899760574102402, "exp+2": 0.015692509710788727, "obs": 0.005780257682940878}, "400.0": {"exp-2": 0.0065214157104492194, "exp-1": 0.008854937553405762, "exp0": 0.012744140625, "exp+1": 0.018738386034965516, "exp+2": 0.02694753408432007, "obs": 0.010417841232405654}, "1600.0": {"exp-2": 0.002105093002319336, "exp-1": 0.0028583467006683353, "exp0": 0.00411376953125, "exp+1": 0.006097886711359024, "exp+2": 0.008821515738964081, "obs": 0.0030959958733742933}, "190.0": {"exp-2": 0.007754516601562501, "exp-1": 0.010486221313476563, "exp0": 0.0150390625, "exp+1": 0.022112731635570527, "exp+2": 0.0318001538515091, "obs": 0.012342132611374327}, "450.0": {"exp-2": 0.0063571929931640625, "exp-1": 0.008596658706665039, "exp0": 0.0123291015625, "exp+1": 0.01815270483493805, "exp+2": 0.02608442604541779, "obs": 0.009916272375070279}, "250.0": {"exp-2": 0.007427215576171875, "exp-1": 0.010043621063232422, "exp0": 0.014404296875, "exp+1": 0.021208110451698306, "exp+2": 0.030474874377250674, "obs": 0.012118393923396434}, "170.0": {"exp-2": 0.0081573486328125, "exp-1": 0.011030960083007814, "exp0": 0.0158203125, "exp+1": 0.02326144427061081, "exp+2": 0.033403584361076356, "obs": 0.014116654307266982}, "100.0": {"exp-2": 0.0076393127441406255, "exp-1": 0.010688877105712891, "exp0": 0.015771484375000002, "exp+1": 0.02359827756881714, "exp+2": 0.034255996346473694, "obs": 0.012210588903531223}, "1100.0": {"exp-2": 0.002723503112792969, "exp-1": 0.0036980390548706056, "exp0": 0.005322265625, "exp+1": 0.00784682407975197, "exp+2": 0.011315315961837769, "obs": 0.004124518198054997}, "1300.0": {"exp-2": 0.0017170906066894531, "exp-1": 0.002341187000274658, "exp0": 0.0033813476562500003, "exp+1": 0.0049987312406301505, "exp+2": 0.007238007336854935, "obs": 0.0025475836178603765}, "350.0": {"exp-2": 0.00689849853515625, "exp-1": 0.009328651428222657, "exp0": 0.013378906250000001, "exp+1": 0.019698379933834078, "exp+2": 0.028325968980789186, "obs": 0.011128460779033919}, "650.0": {"exp-2": 0.005322074890136719, "exp-1": 0.0072264432907104496, "exp0": 0.010400390625, "exp+1": 0.015292246639728547, "exp+2": 0.021991665661334994, "obs": 0.008350404686582276}, "800.0": {"exp-2": 0.004443740844726563, "exp-1": 0.006009149551391602, "exp0": 0.008618164062500001, "exp+1": 0.012706096470355989, "exp+2": 0.018269771337509157, "obs": 0.0068803620440110866}, "60.0": {"exp-2": 0.00817108154296875, "exp-1": 0.011332511901855469, "exp0": 0.0166015625, "exp+1": 0.024774117767810824, "exp+2": 0.035871085524559025, "obs": 0.013046621558438816}, "1000.0": {"exp-2": 0.003316926956176758, "exp-1": 0.004503804445266724, "exp0": 0.00648193359375, "exp+1": 0.009556568413972856, "exp+2": 0.013760977983474733, "obs": 0.005444160510031182}, "120.0": {"exp-2": 0.0075210571289062505, "exp-1": 0.010523414611816407, "exp0": 0.01552734375, "exp+1": 0.023232980072498324, "exp+2": 0.0337257206439972, "obs": 0.011974160118381816}, "1800.0": {"exp-2": 0.011052703857421875, "exp-1": 0.014946269989013673, "exp0": 0.021435546875000003, "exp+1": 0.031517821550369265, "exp+2": 0.04519404172897339, "obs": 0.01620991533907165}, "1200.0": {"exp-2": 0.0021925449371337892, "exp-1": 0.0029770910739898683, "exp0": 0.00428466796875, "exp+1": 0.006334132701158524, "exp+2": 0.009152013063430787, "obs": 0.0033488044775077485}, "550.0": {"exp-2": 0.005866241455078126, "exp-1": 0.007932758331298828, "exp0": 0.011376953125, "exp+1": 0.016773486137390138, "exp+2": 0.024100764095783236, "obs": 0.008965103062622255}, "700.0": {"exp-2": 0.005047988891601563, "exp-1": 0.006826257705688477, "exp0": 0.0097900390625, "exp+1": 0.01441432535648346, "exp+2": 0.020727579295635224, "obs": 0.00789109249683556}, "500.0": {"exp-2": 0.006168365478515625, "exp-1": 0.008341312408447266, "exp0": 0.011962890625, "exp+1": 0.017589673399925232, "exp+2": 0.025295579433441163, "obs": 0.00965914729825369}}