{"110.0": {"exp-2": 0.0382354736328125, "exp-1": 0.05128974914550782, "exp0": 0.073046875, "exp+1": 0.10580327510833741, "exp+2": 0.14885590076446534, "obs": 0.03740509005682755}, "80.0": {"exp-2": 0.1586151123046875, "exp-1": 0.21303808689117432, "exp0": 0.30078125, "exp+1": 0.43206377029418946, "exp+2": 0.6017166137695313, "obs": 0.09192008997237222}, "70.0": {"exp-2": 0.200225830078125, "exp-1": 0.2689260005950928, "exp0": 0.3796875, "exp+1": 0.544653606414795, "exp+2": 0.7590788364410401, "obs": 0.14975147594051277}, "95.0": {"exp-2": 0.090374755859375, "exp-1": 0.12123031616210939, "exp0": 0.17265625, "exp+1": 0.2500804662704468, "exp+2": 0.3518412113189697, "obs": 0.06197683081420825}, "90.0": {"exp-2": 0.114910888671875, "exp-1": 0.15496087074279785, "exp0": 0.21953125, "exp+1": 0.3171005487442017, "exp+2": 0.4444168090820313, "obs": 0.0790821889727203}, "100.0": {"exp-2": 0.0670654296875, "exp-1": 0.0899627685546875, "exp0": 0.12812500000000002, "exp+1": 0.18583542108535767, "exp+2": 0.26185266971588134, "obs": 0.051121220198226826}, "60.0": {"exp-2": 0.208465576171875, "exp-1": 0.27999291419982913, "exp0": 0.3953125, "exp+1": 0.5678552150726318, "exp+2": 0.7926856517791748, "obs": 0.17108369398164344}, "75.0": {"exp-2": 0.1845703125, "exp-1": 0.24789886474609377, "exp0": 0.35000000000000003, "exp+1": 0.504160213470459, "exp+2": 0.7038190364837646, "obs": 0.11805682191836567}, "85.0": {"exp-2": 0.13740234375000002, "exp-1": 0.18529129028320312, "exp0": 0.2625, "exp+1": 0.37864332199096684, "exp+2": 0.5302496910095215, "obs": 0.0938597835728825}}