{"80.0": {"exp-2": 0.005488586425781251, "exp-1": 0.007422065734863282, "exp0": 0.01064453125, "exp+1": 0.015587574243545533, "exp+2": 0.022158996760845186, "obs": 0.0054448337195820195}, "70.0": {"exp-2": 0.005614471435546876, "exp-1": 0.007592296600341797, "exp0": 0.010888671875, "exp+1": 0.015945087373256683, "exp+2": 0.022683994472026826, "obs": 0.005543452465311185}, "95.0": {"exp-2": 0.0056018829345703125, "exp-1": 0.007575273513793945, "exp0": 0.0108642578125, "exp+1": 0.015909336507320404, "exp+2": 0.022633133828639986, "obs": 0.005560333901741474}, "90.0": {"exp-2": 0.005526351928710938, "exp-1": 0.0074731349945068365, "exp0": 0.010717773437500001, "exp+1": 0.01569482833147049, "exp+2": 0.02232796847820282, "obs": 0.005465564750351988}, "150.0": {"exp-2": 0.013318634033203125, "exp-1": 0.018108171224594117, "exp0": 0.025830078125000003, "exp+1": 0.03767045438289643, "exp+2": 0.053397762775421145, "obs": 0.012670279637429388}, "75.0": {"exp-2": 0.0054382324218750005, "exp-1": 0.007353973388671876, "exp0": 0.010546875, "exp+1": 0.015465588867664339, "exp+2": 0.021984708309173585, "obs": 0.005358499180969635}, "130.0": {"exp-2": 0.008345413208007814, "exp-1": 0.011331605911254884, "exp0": 0.01630859375, "exp+1": 0.02397939115762711, "exp+2": 0.034284484386444096, "obs": 0.008010645469627813}, "120.0": {"exp-2": 0.007376861572265626, "exp-1": 0.009975528717041016, "exp0": 0.014306640625, "exp+1": 0.02095027267932892, "exp+2": 0.02982655763626099, "obs": 0.007043285492566502}, "110.0": {"exp-2": 0.00629425048828125, "exp-1": 0.008511543273925781, "exp0": 0.01220703125, "exp+1": 0.017875659465789794, "exp+2": 0.025430488586425784, "obs": 0.006136204842556356}, "300.0": {"exp-2": 0.274383544921875, "exp-1": 0.36852822303771976, "exp0": 0.5203125000000001, "exp+1": 0.7474141597747803, "exp+2": 1.0400763511657716, "obs": 0.32115466904506146}, "190.0": {"exp-2": 0.037213134765625, "exp-1": 0.05018305778503418, "exp0": 0.07109375, "exp+1": 0.1028326153755188, "exp+2": 0.14434375762939453, "obs": 0.035542329617018274}, "100.0": {"exp-2": 0.0056396484375, "exp-1": 0.0076263427734375, "exp0": 0.010937500000000001, "exp+1": 0.01601659059524536, "exp+2": 0.022819393873214723, "obs": 0.005602963126192573}, "170.0": {"exp-2": 0.02300262451171875, "exp-1": 0.03085613250732422, "exp0": 0.0439453125, "exp+1": 0.06356411576271058, "exp+2": 0.0892234742641449, "obs": 0.02118216504243126}, "60.0": {"exp-2": 0.005904006958007813, "exp-1": 0.007983827590942382, "exp0": 0.011450195312500001, "exp+1": 0.016744548082351686, "exp+2": 0.02380463480949402, "obs": 0.00577330049249849}, "250.0": {"exp-2": 0.13739776611328125, "exp-1": 0.18454078435897828, "exp0": 0.260546875, "exp+1": 0.3742682218551636, "exp+2": 0.5204108238220215, "obs": 0.1521101260963484}, "85.0": {"exp-2": 0.0054759979248046875, "exp-1": 0.00740504264831543, "exp0": 0.0106201171875, "exp+1": 0.015530657768249512, "exp+2": 0.022078926861286166, "obs": 0.005380627048881961}}