{"600.0": {"exp-2": 0.026264190673828125, "exp-1": 0.035275787115097046, "exp0": 0.0498046875, "exp+1": 0.07164228558540345, "exp+2": 0.09946544766426087, "obs": 0.035502317465028944}, "80.0": {"exp-2": 0.00843048095703125, "exp-1": 0.011336207389831543, "exp0": 0.015869140625, "exp+1": 0.022574178874492645, "exp+2": 0.03100094199180603, "obs": 0.00931099552678899}, "70.0": {"exp-2": 0.0087158203125, "exp-1": 0.011659812927246094, "exp0": 0.01640625, "exp+1": 0.02330552935600281, "exp+2": 0.03200227320194245, "obs": 0.00990851604568336}, "90.0": {"exp-2": 0.00843048095703125, "exp-1": 0.011278092861175537, "exp0": 0.015869140625, "exp+1": 0.022510923445224762, "exp+2": 0.03090815842151642, "obs": 0.009723505732504351}, "150.0": {"exp-2": 0.0070037841796875, "exp-1": 0.009369492530822754, "exp0": 0.01318359375, "exp+1": 0.018753932416439058, "exp+2": 0.025817131996154787, "obs": 0.010601312236918988}, "300.0": {"exp-2": 0.0027922630310058595, "exp-1": 0.003765452653169632, "exp0": 0.00533447265625, "exp+1": 0.007673450559377671, "exp+2": 0.010670224577188492, "obs": 0.006960998260012322}, "400.0": {"exp-2": 0.00276031494140625, "exp-1": 0.00372236967086792, "exp0": 0.0052734375, "exp+1": 0.00758565366268158, "exp+2": 0.010556391626596452, "obs": 0.0071731457395502185}, "190.0": {"exp-2": 0.005381584167480469, "exp-1": 0.007228077948093415, "exp0": 0.010205078125000001, "exp+1": 0.014557610452175141, "exp+2": 0.020108115673065186, "obs": 0.010059095517471568}, "450.0": {"exp-2": 0.0032970428466796878, "exp-1": 0.004446163773536682, "exp0": 0.006298828125, "exp+1": 0.009060642123222351, "exp+2": 0.012599167227745057, "obs": 0.008602600702514913}, "100.0": {"exp-2": 0.0082489013671875, "exp-1": 0.011092042922973633, "exp0": 0.01552734375, "exp+1": 0.022087965905666352, "exp+2": 0.030333226919174196, "obs": 0.00973635060110338}, "170.0": {"exp-2": 0.00630340576171875, "exp-1": 0.008432543277740479, "exp0": 0.011865234375, "exp+1": 0.0169021874666214, "exp+2": 0.023307426273822787, "obs": 0.010563531480822952}, "250.0": {"exp-2": 0.003501510620117188, "exp-1": 0.004721894860267639, "exp0": 0.0066894531250000005, "exp+1": 0.009595877677202226, "exp+2": 0.013310724496841432, "obs": 0.008019744178065304}, "85.0": {"exp-2": 0.00848236083984375, "exp-1": 0.011405968666076662, "exp0": 0.015966796875, "exp+1": 0.02268127501010895, "exp+2": 0.031170335412025452, "obs": 0.009663605678474883}, "350.0": {"exp-2": 0.0026197433471679688, "exp-1": 0.003532804548740387, "exp0": 0.0050048828125, "exp+1": 0.007209321856498719, "exp+2": 0.010040909796953202, "obs": 0.006713923412822578}, "650.0": {"exp-2": 0.11123046875, "exp-1": 0.14880142211914063, "exp0": 0.209375, "exp+1": 0.2978402376174927, "exp+2": 0.4103452205657959, "obs": 0.09929995799218655}, "95.0": {"exp-2": 0.00837860107421875, "exp-1": 0.011208689212799073, "exp0": 0.015771484375000002, "exp+1": 0.02240382730960846, "exp+2": 0.030739134550094607, "obs": 0.009723920562459649}, "75.0": {"exp-2": 0.008663940429687501, "exp-1": 0.01159040927886963, "exp0": 0.01630859375, "exp+1": 0.023166805505752563, "exp+2": 0.03178597688674927, "obs": 0.009649986348346826}, "130.0": {"exp-2": 0.0077301025390625, "exp-1": 0.010341143608093262, "exp0": 0.01455078125, "exp+1": 0.02069878578186035, "exp+2": 0.028448474407196046, "obs": 0.011038523047471917}, "120.0": {"exp-2": 0.0080413818359375, "exp-1": 0.01075756549835205, "exp0": 0.01513671875, "exp+1": 0.02153229266405106, "exp+2": 0.02961797118186951, "obs": 0.010510145541696223}, "110.0": {"exp-2": 0.00809326171875, "exp-1": 0.010826969146728517, "exp0": 0.015234375000000001, "exp+1": 0.021640849113464356, "exp+2": 0.029740503430366518, "obs": 0.010216698694937208}, "550.0": {"exp-2": 0.008306503295898438, "exp-1": 0.01120157539844513, "exp0": 0.015869140625, "exp+1": 0.02282719910144806, "exp+2": 0.03171725571155548, "obs": 0.01869199623701105}, "60.0": {"exp-2": 0.0075744628906250005, "exp-1": 0.010132932662963869, "exp0": 0.014257812500000001, "exp+1": 0.020338863134384155, "exp+2": 0.027981248497962952, "obs": 0.008959983331754198}, "500.0": {"exp-2": 0.004498291015625, "exp-1": 0.006066083908081055, "exp0": 0.00859375, "exp+1": 0.01234467849135399, "exp+2": 0.01717843860387802, "obs": 0.01140745109806508}}