{"80.0": {"exp-2": 1.409912109375e+17, "exp-1": 1.9169330596923827e+17, "exp+2": 5.664486885070801e+17, "exp+1": 3.9932483434677126e+17, "exp0": 2.734375e+17, "obs": 2.4852505044607453e+17}, "70.0": {"exp-2": 1.19842529296875e+17, "exp-1": 1.6293931007385254e+17, "exp+2": 4.831985533237457e+17, "exp+1": 3.398893177509308e+17, "exp0": 2.32421875e+17, "obs": 2.0622148327716352e+17}, "95.0": {"exp-2": 1.4627838134765626e+17, "exp-1": 1.9888180494308474e+17, "exp+2": 5.87252676486969e+17, "exp+1": 4.142995178699493e+17, "exp0": 2.8369140625e+17, "obs": 1.6352879270389597e+17}, "90.0": {"exp-2": 1.4199829101562501e+17, "exp-1": 1.9306254386901856e+17, "exp+2": 5.696446895599366e+17, "exp+1": 4.021771550178528e+17, "exp0": 2.7539062500000003e+17, "obs": 1.620190129305113e+17}, "150.0": {"exp-2": 3.302154541015625e+17, "exp-1": 4.453057050704956e+17, "exp+2": 1.2863656282424927e+18, "exp+1": 9.150128364562989e+17, "exp0": 6.308593750000001e+17, "obs": 3.32687591326498e+17}, "75.0": {"exp-2": 1.2991333007812501e+17, "exp-1": 1.7567825317382813e+17, "exp+2": 5.2163404226303104e+17, "exp+1": 3.6744716763496403e+17, "exp0": 2.51953125e+17, "obs": 2.4513204202446538e+17}, "130.0": {"exp-2": 2.130889892578125e+17, "exp-1": 2.8852880001068115e+17, "exp+2": 8.382478952407837e+17, "exp+1": 5.949000120162964e+17, "exp0": 4.1015625e+17, "obs": 2.084618511284196e+17}, "120.0": {"exp-2": 1.8924331665039066e+17, "exp-1": 2.5624105334281923e+17, "exp+2": 7.487402558326721e+17, "exp+1": 5.2977979183197024e+17, "exp0": 3.6425781250000006e+17, "obs": 1.961843351312876e+17}, "110.0": {"exp-2": 2.0294189453125e+17, "exp-1": 2.7478933334350586e+17, "exp+2": 8.011230826377869e+17, "exp+1": 5.6812846660614016e+17, "exp0": 3.90625e+17, "obs": 2.0625059596163757e+17}, "190.0": {"exp-2": 4.099578857421875e+17, "exp-1": 5.499248504638672e+17, "exp+2": 1.5938191413879396e+18, "exp+1": 1.1328538656234742e+18, "exp0": 7.83203125e+17, "obs": 4.370358135045302e+17}, "100.0": {"exp-2": 1.586151123046875e+17, "exp-1": 2.1565496921539306e+17, "exp+2": 6.390533447265626e+17, "exp+1": 4.4985350966453555e+17, "exp0": 3.076171875e+17, "obs": 1.8030942816714886e+17}, "170.0": {"exp-2": 3.5168457031250003e+17, "exp-1": 4.742574691772461e+17, "exp+2": 1.3649765253067018e+18, "exp+1": 9.731637835502625e+17, "exp0": 6.71875e+17, "obs": 4.005889025524336e+17}, "60.0": {"exp-2": 1.1455535888671875e+17, "exp-1": 1.549100875854492e+17, "exp+2": 4.635189473628998e+17, "exp+1": 3.253369927406311e+17, "exp0": 2.2216796875e+17, "obs": 1.9780007210729472e+17}, "85.0": {"exp-2": 1.3570404052734376e+17, "exp-1": 1.8350887298583984e+17, "exp+2": 5.478761196136475e+17, "exp+1": 3.8539922237396243e+17, "exp0": 2.6318359375000003e+17, "obs": 1.5026343335213446e+17}}