{"600.0": {"exp-2": 0.003915023803710937, "exp-1": 0.0053229123353958135, "exp0": 0.0075927734375, "exp+1": 0.011058129370212555, "exp+2": 0.01568700820207596, "obs": 0.003972898051960223}, "80.0": {"exp-2": 0.002429580688476563, "exp-1": 0.0032854557037353517, "exp0": 0.0047119140625, "exp+1": 0.0069375678896904, "exp+2": 0.009968899190425873, "obs": 0.002796660962546943}, "70.0": {"exp-2": 0.002794647216796875, "exp-1": 0.003779125213623047, "exp0": 0.005419921875000001, "exp+1": 0.007947594672441483, "exp+2": 0.011381033807992935, "obs": 0.0032327639550237576}, "90.0": {"exp-2": 0.0020863533020019534, "exp-1": 0.002832901477813721, "exp0": 0.0040771484375, "exp+1": 0.006027350947260857, "exp+2": 0.008690088242292405, "obs": 0.0020844994110968077}, "150.0": {"exp-2": 0.008638763427734375, "exp-1": 0.011649638414382935, "exp0": 0.016503906250000002, "exp+1": 0.023937642574310303, "exp+2": 0.03367823362350464, "obs": 0.009634432429282474}, "1400.0": {"exp-2": 0.002023887634277344, "exp-1": 0.00274808406829834, "exp0": 0.003955078125, "exp+1": 0.0058311264961957935, "exp+2": 0.00837232694029808, "obs": 0.0023863614793848604}, "300.0": {"exp-2": 0.006312942504882813, "exp-1": 0.008468294143676757, "exp0": 0.012060546875000001, "exp+1": 0.017516928911209106, "exp+2": 0.02471967488527298, "obs": 0.00665393894114012}, "900.0": {"exp-2": 0.0023414611816406253, "exp-1": 0.003166294097900391, "exp0": 0.004541015625, "exp+1": 0.006649745255708695, "exp+2": 0.009488105773925781, "obs": 0.0027240776924764877}, "400.0": {"exp-2": 0.005352592468261719, "exp-1": 0.0072475686669349676, "exp0": 0.010302734375, "exp+1": 0.014963854849338532, "exp+2": 0.02113278955221176, "obs": 0.0055722732461573}, "1600.0": {"exp-2": 0.0117828369140625, "exp-1": 0.0160200834274292, "exp0": 0.022851562500000002, "exp+1": 0.0333266019821167, "exp+2": 0.04738162159919739, "obs": 0.013764553779306738}, "190.0": {"exp-2": 0.007897567749023438, "exp-1": 0.01059393882751465, "exp0": 0.015087890625000001, "exp+1": 0.021853750944137575, "exp+2": 0.03079323172569275, "obs": 0.008662265356768803}, "450.0": {"exp-2": 0.005022811889648438, "exp-1": 0.006801036000251771, "exp0": 0.00966796875, "exp+1": 0.014041911065578462, "exp+2": 0.019860762357711795, "obs": 0.005147753997091594}, "250.0": {"exp-2": 0.006951904296875, "exp-1": 0.009325408935546875, "exp0": 0.013281250000000001, "exp+1": 0.019263428449630738, "exp+2": 0.027184522151947024, "obs": 0.007472250065272779}, "170.0": {"exp-2": 0.008102035522460938, "exp-1": 0.010925844311714172, "exp0": 0.015478515625000001, "exp+1": 0.022450391948223115, "exp+2": 0.03158579766750336, "obs": 0.008696166817319355}, "100.0": {"exp-2": 0.0017865180969238283, "exp-1": 0.0024257779121398928, "exp0": 0.0034912109375, "exp+1": 0.005161144956946373, "exp+2": 0.007462522387504578, "obs": 0.002070596927840386}, "1100.0": {"exp-2": 0.0015735626220703125, "exp-1": 0.0021278858184814453, "exp0": 0.0030517578125, "exp+1": 0.004487161338329315, "exp+2": 0.006415509432554246, "obs": 0.0015780277808023838}, "1300.0": {"exp-2": 0.0014741897583007814, "exp-1": 0.0020016908645629885, "exp0": 0.002880859375, "exp+1": 0.004247363656759262, "exp+2": 0.006093954294919968, "obs": 0.0014807185333814803}, "350.0": {"exp-2": 0.005809211730957032, "exp-1": 0.007865844666957856, "exp0": 0.011181640625000001, "exp+1": 0.01626267731189728, "exp+2": 0.022966794669628143, "obs": 0.006100963162827613}, "650.0": {"exp-2": 0.0036529541015625, "exp-1": 0.004919815063476563, "exp0": 0.00703125, "exp+1": 0.01028236597776413, "exp+2": 0.014596094191074372, "obs": 0.0037315792447107803}, "800.0": {"exp-2": 0.0028324127197265625, "exp-1": 0.0038301944732666016, "exp0": 0.0054931640625, "exp+1": 0.00803309828042984, "exp+2": 0.011428601294755937, "obs": 0.002857407498421734}, "60.0": {"exp-2": 0.0030841827392578125, "exp-1": 0.004170656204223633, "exp0": 0.0059814453125, "exp+1": 0.008759073168039323, "exp+2": 0.012516190111637116, "obs": 0.003589084360296635}, "1000.0": {"exp-2": 0.0019449234008789063, "exp-1": 0.0026300668716430667, "exp0": 0.0037719726562500003, "exp+1": 0.005531096458435059, "exp+2": 0.007897385209798814, "obs": 0.0022509525673298815}, "120.0": {"exp-2": 0.001280069351196289, "exp-1": 0.0017453253269195557, "exp0": 0.0025207519531250003, "exp+1": 0.003741562739014626, "exp+2": 0.005442843958735466, "obs": 0.001267175067200441}, "1200.0": {"exp-2": 0.0013336420059204103, "exp-1": 0.0018108516931533815, "exp0": 0.002606201171875, "exp+1": 0.0038320358842611315, "exp+2": 0.005486839637160301, "obs": 0.0013352872668818832}, "550.0": {"exp-2": 0.0041793823242187505, "exp-1": 0.005682337284088135, "exp0": 0.00810546875, "exp+1": 0.011837128549814224, "exp+2": 0.01681617796421051, "obs": 0.004321763660852432}, "700.0": {"exp-2": 0.0033863067626953127, "exp-1": 0.00460406243801117, "exp0": 0.0065673828125000005, "exp+1": 0.009577837586402894, "exp+2": 0.013607005774974824, "obs": 0.0034579200974598893}, "500.0": {"exp-2": 0.004604244232177735, "exp-1": 0.006201016902923584, "exp0": 0.008862304687500001, "exp+1": 0.01288941502571106, "exp+2": 0.018271589279174806, "obs": 0.0047055383404862}}