{"80.0": {"exp-2": 0.04079132080078125, "exp-1": 0.05523265600204468, "exp+2": 0.16034265756607058, "exp+1": 0.11388086080551148, "exp0": 0.078515625, "obs": 0.04532572850709019}, "70.0": {"exp-2": 0.03581924438476563, "exp-1": 0.04850031733512879, "exp+2": 0.14049767255783083, "exp+1": 0.09986244440078736, "exp0": 0.06894531250000001, "obs": 0.041116986408431457}, "95.0": {"exp-2": 0.04160308837890625, "exp-1": 0.0563318133354187, "exp+2": 0.16413062810897827, "exp+1": 0.11630673408508302, "exp0": 0.080078125, "obs": 0.04639210309875996}, "90.0": {"exp-2": 0.0408935546875, "exp-1": 0.0548553466796875, "exp+2": 0.1600062608718872, "exp+1": 0.11346999406814576, "exp0": 0.078125, "obs": 0.047391908471626075}, "150.0": {"exp-2": 0.04332809448242188, "exp-1": 0.058667522668838505, "exp+2": 0.17142739295959475, "exp+1": 0.12129542827606202, "exp0": 0.0833984375, "obs": 0.04516495639387318}, "75.0": {"exp-2": 0.03772430419921875, "exp-1": 0.05060405731201172, "exp+2": 0.1472921371459961, "exp+1": 0.10453243255615235, "exp0": 0.0720703125, "obs": 0.04356307646515306}, "130.0": {"exp-2": 0.05183258056640625, "exp-1": 0.06952915191650391, "exp+2": 0.20194528102874756, "exp+1": 0.1434285044670105, "exp0": 0.0990234375, "obs": 0.0538343690753377}, "120.0": {"exp-2": 0.055615234375, "exp-1": 0.074603271484375, "exp+2": 0.21638429164886475, "exp+1": 0.15368391275405885, "exp0": 0.10625000000000001, "obs": 0.057416360307412165}, "110.0": {"exp-2": 0.0664520263671875, "exp-1": 0.08961260318756104, "exp+2": 0.25775671005249023, "exp+1": 0.18362966775894166, "exp0": 0.126953125, "obs": 0.0626305130530497}, "100.0": {"exp-2": 0.04498291015625, "exp-1": 0.06034088134765625, "exp+2": 0.1761139273643494, "exp+1": 0.12498825788497925, "exp0": 0.0859375, "obs": 0.04928074861401805}, "60.0": {"exp-2": 0.0361236572265625, "exp-1": 0.04891250133514405, "exp+2": 0.14179983139038085, "exp+1": 0.10071113109588624, "exp0": 0.06953125, "obs": 0.04390690987652068}, "85.0": {"exp-2": 0.04344940185546875, "exp-1": 0.05828380584716797, "exp+2": 0.1690253496170044, "exp+1": 0.12023099660873414, "exp0": 0.0830078125, "obs": 0.050165061841484775}}