{"350.0": {"exp-2": 0.0186767578125, "exp-1": 0.024985313415527344, "exp0": 0.03515625, "exp+1": 0.050290757417678834, "exp+2": 0.06947547197341919, "obs": 0.025767922366070437}, "80.0": {"exp-2": 0.0019616127014160157, "exp-1": 0.00263134241104126, "exp0": 0.0037475585937500003, "exp+1": 0.00543554462492466, "exp+2": 0.007612426578998566, "obs": 0.00403160961418208}, "70.0": {"exp-2": 0.0019786834716796877, "exp-1": 0.0026791960000991824, "exp0": 0.0038085937500000003, "exp+1": 0.005516480654478073, "exp+2": 0.007731589674949646, "obs": 0.004077020020433024}, "95.0": {"exp-2": 0.002048444747924805, "exp-1": 0.0027736548334360124, "exp0": 0.0039428710937500005, "exp+1": 0.0057031139731407166, "exp+2": 0.00799918919801712, "obs": 0.00413148363074308}, "90.0": {"exp-2": 0.0020262479782104494, "exp-1": 0.0027435997501015666, "exp0": 0.0039001464843750003, "exp+1": 0.005641315504908562, "exp+2": 0.007912510633468628, "obs": 0.0040987015814577706}, "450.0": {"exp-2": 0.06744384765625, "exp-1": 0.0902247428894043, "exp0": 0.126953125, "exp+1": 0.1808464527130127, "exp+2": 0.24978065490722656, "obs": 0.12609388388452106}, "150.0": {"exp-2": 0.002853870391845703, "exp-1": 0.003864225000143051, "exp0": 0.0054931640625, "exp+1": 0.007956462353467942, "exp+2": 0.011185500770807266, "obs": 0.0051474832547537056}, "75.0": {"exp-2": 0.0019628286361694338, "exp-1": 0.002657728083431721, "exp0": 0.0037780761718750003, "exp+1": 0.005464748293161393, "exp+2": 0.007664857804775238, "obs": 0.004062379555098026}, "130.0": {"exp-2": 0.002447986602783203, "exp-1": 0.0033146463334560398, "exp0": 0.0047119140625, "exp+1": 0.0068342678248882295, "exp+2": 0.009593279659748079, "obs": 0.004628879430932871}, "120.0": {"exp-2": 0.002295780181884766, "exp-1": 0.0031085543334484103, "exp0": 0.0044189453125, "exp+1": 0.006409338861703873, "exp+2": 0.008996806293725968, "obs": 0.004388604369827461}, "110.0": {"exp-2": 0.0022006511688232424, "exp-1": 0.002979746833443642, "exp0": 0.00423583984375, "exp+1": 0.00613531656563282, "exp+2": 0.008612089604139329, "obs": 0.0043538663558484484}, "400.0": {"exp-2": 0.034344482421875, "exp-1": 0.04594521522521973, "exp0": 0.0646484375, "exp+1": 0.09235026836395265, "exp+2": 0.12736711502075196, "obs": 0.05672210456573623}, "550.0": {"exp-2": 0.286376953125, "exp-1": 0.38310813903808594, "exp0": 0.5390625, "exp+1": 0.7668274879455567, "exp+2": 1.0556339263916017, "obs": 0.44455947623028785}, "300.0": {"exp-2": 0.01091766357421875, "exp-1": 0.014663660526275636, "exp0": 0.020703125000000003, "exp+1": 0.029698190093040467, "exp+2": 0.04116275906562805, "obs": 0.015534931982321401}, "190.0": {"exp-2": 0.003948783874511719, "exp-1": 0.005325056612491608, "exp0": 0.0075439453125000005, "exp+1": 0.010926875472068788, "exp+2": 0.015326225757598878, "obs": 0.006457576795778595}, "100.0": {"exp-2": 0.0020830154418945315, "exp-1": 0.002794194221496582, "exp0": 0.0039794921875, "exp+1": 0.0057719465345144275, "exp+2": 0.008095915615558625, "obs": 0.0043284350032198665}, "170.0": {"exp-2": 0.003380250930786133, "exp-1": 0.00457695983350277, "exp0": 0.0065063476562500005, "exp+1": 0.009423988312482834, "exp+2": 0.01320813149213791, "obs": 0.005825350394043418}, "60.0": {"exp-2": 0.002086496353149414, "exp-1": 0.0028251778334379197, "exp0": 0.00401611328125, "exp+1": 0.005809054151177407, "exp+2": 0.00814778134226799, "obs": 0.004281599676114612}, "250.0": {"exp-2": 0.006696319580078125, "exp-1": 0.009030193090438843, "exp0": 0.012792968750000001, "exp+1": 0.018402233719825745, "exp+2": 0.02560902535915375, "obs": 0.009781081414254576}, "500.0": {"exp-2": 0.13862304687500002, "exp-1": 0.18544654846191408, "exp0": 0.2609375, "exp+1": 0.37222905158996583, "exp+2": 0.5141520023345948, "obs": 0.1996202699023374}, "85.0": {"exp-2": 0.0019786834716796877, "exp-1": 0.0026791960000991824, "exp0": 0.0038085937500000003, "exp+1": 0.005508890002965928, "exp+2": 0.007726771384477616, "obs": 0.004054123761066635}}