{"350.0": {"exp-2": 0.045391845703125, "exp-1": 0.06121230125427246, "exp0": 0.08671875000000001, "exp+1": 0.12508752346038818, "exp+2": 0.17503640651702881, "obs": 0.03838561220421273}, "80.0": {"exp-2": 0.009277725219726562, "exp-1": 0.012511298060417175, "exp0": 0.017724609375000002, "exp+1": 0.02556687593460083, "exp+2": 0.03580369055271149, "obs": 0.009131399027647761}, "70.0": {"exp-2": 0.010121154785156251, "exp-1": 0.013648688793182373, "exp0": 0.0193359375, "exp+1": 0.02785260081291199, "exp+2": 0.03891307711601258, "obs": 0.009449680048032294}, "95.0": {"exp-2": 0.008127593994140625, "exp-1": 0.010960310697555542, "exp0": 0.01552734375, "exp+1": 0.022459320724010468, "exp+2": 0.03145309686660767, "obs": 0.008989550667469348}, "90.0": {"exp-2": 0.008766555786132812, "exp-1": 0.011821970343589783, "exp0": 0.016748046875000002, "exp+1": 0.024158233404159547, "exp+2": 0.03377874791622162, "obs": 0.00920096771870525}, "150.0": {"exp-2": 0.005367279052734375, "exp-1": 0.007199764251708984, "exp0": 0.01025390625, "exp+1": 0.014852063357830049, "exp+2": 0.020847709476947786, "obs": 0.007228992463391854}, "75.0": {"exp-2": 0.009533309936523439, "exp-1": 0.012855961918830872, "exp0": 0.018212890625000002, "exp+1": 0.026271197199821475, "exp+2": 0.03673315644264221, "obs": 0.00933701887766544}, "130.0": {"exp-2": 0.0060829162597656255, "exp-1": 0.008159732818603516, "exp0": 0.01162109375, "exp+1": 0.01680917739868164, "exp+2": 0.023594652116298676, "obs": 0.007795327847545379}, "120.0": {"exp-2": 0.006619644165039063, "exp-1": 0.008926793932914734, "exp0": 0.012646484375000001, "exp+1": 0.018317544460296632, "exp+2": 0.0257121741771698, "obs": 0.00813356813599587}, "110.0": {"exp-2": 0.007079696655273438, "exp-1": 0.009547188878059387, "exp0": 0.013525390625000001, "exp+1": 0.019563622772693634, "exp+2": 0.027439942955970766, "obs": 0.008341468238481899}, "400.0": {"exp-2": 0.24072265625, "exp-1": 0.3220329284667969, "exp0": 0.453125, "exp+1": 0.6481919765472413, "exp+2": 0.898311996459961, "obs": 0.21827567041794513}, "300.0": {"exp-2": 0.011694526672363282, "exp-1": 0.015834735333919527, "exp0": 0.022509765625, "exp+1": 0.03264867961406708, "exp+2": 0.045898959040641785, "obs": 0.01432193763332748}, "190.0": {"exp-2": 0.005035495758056641, "exp-1": 0.00681821033358574, "exp0": 0.0096923828125, "exp+1": 0.014077369868755341, "exp+2": 0.019835741817951204, "obs": 0.006920435769825309}, "100.0": {"exp-2": 0.007897567749023438, "exp-1": 0.010650113224983215, "exp0": 0.015087890625000001, "exp+1": 0.02182368040084839, "exp+2": 0.030562916398048402, "obs": 0.008598230936142868}, "170.0": {"exp-2": 0.005149650573730469, "exp-1": 0.006972779333591462, "exp0": 0.009912109375, "exp+1": 0.014376749098300935, "exp+2": 0.020242261886596682, "obs": 0.007053293782241565}, "60.0": {"exp-2": 0.011450195312500001, "exp-1": 0.015440940856933594, "exp0": 0.021875000000000002, "exp+1": 0.031466415524482726, "exp+2": 0.043960630893707275, "obs": 0.009697044044521451}, "250.0": {"exp-2": 0.006456089019775391, "exp-1": 0.008741735666990281, "exp0": 0.012426757812500001, "exp+1": 0.018024052679538726, "exp+2": 0.02531971335411072, "obs": 0.009033846491928153}, "85.0": {"exp-2": 0.008766555786132812, "exp-1": 0.011821970343589783, "exp0": 0.016748046875000002, "exp+1": 0.024158233404159547, "exp+2": 0.03377874791622162, "obs": 0.008818936082983722}}