{"600.0": {"exp-2": 0.02537841796875, "exp-1": 0.034992885589599614, "exp0": 0.051562500000000004, "exp+1": 0.07951462268829346, "exp+2": 0.12177679538726807, "obs": 0.02921337841683157}, "2600.0": {"exp-2": 0.003328514099121094, "exp-1": 0.004562672972679138, "exp0": 0.006762695312500001, "exp+1": 0.010482677817344667, "exp+2": 0.01607486605644226, "obs": 0.004001767307779038}, "80.0": {"exp-2": 0.016486358642578126, "exp-1": 0.022732120752334595, "exp0": 0.033496093750000004, "exp+1": 0.05192142128944397, "exp+2": 0.07991250157356262, "obs": 0.018105213764586157}, "70.0": {"exp-2": 0.018937683105468752, "exp-1": 0.026112115383148195, "exp0": 0.038476562500000006, "exp+1": 0.05964151620864869, "exp+2": 0.09168250560760499, "obs": 0.021410257982968986}, "90.0": {"exp-2": 0.016053771972656252, "exp-1": 0.022135651111602785, "exp0": 0.0326171875, "exp+1": 0.05042904019355774, "exp+2": 0.07756808996200562, "obs": 0.017893406628032262}, "150.0": {"exp-2": 0.0505645751953125, "exp-1": 0.0697206735610962, "exp0": 0.102734375, "exp+1": 0.15883637666702272, "exp+2": 0.244616174697876, "obs": 0.06142585402060799}, "1400.0": {"exp-2": 0.011824035644531251, "exp-1": 0.016303503513336183, "exp0": 0.0240234375, "exp+1": 0.0370465874671936, "exp+2": 0.05652595162391663, "obs": 0.012641225734582182}, "300.0": {"exp-2": 0.03431854248046875, "exp-1": 0.047319924831390386, "exp0": 0.0697265625, "exp+1": 0.10780339241027832, "exp+2": 0.16541208028793336, "obs": 0.03920856307801531}, "900.0": {"exp-2": 0.01912994384765625, "exp-1": 0.02637721300125122, "exp0": 0.038867187500000004, "exp+1": 0.059859699010849005, "exp+2": 0.09153092503547669, "obs": 0.02108071551871679}, "400.0": {"exp-2": 0.032107543945312504, "exp-1": 0.04427130222320557, "exp0": 0.065234375, "exp+1": 0.10085808038711548, "exp+2": 0.15456483364105225, "obs": 0.036189228344676305}, "1600.0": {"exp-2": 0.009108352661132814, "exp-1": 0.012558999657630921, "exp0": 0.018505859375, "exp+1": 0.028537920117378237, "exp+2": 0.04365170598030091, "obs": 0.00989801065799382}, "190.0": {"exp-2": 0.044123840332031254, "exp-1": 0.060484242439270024, "exp0": 0.08964843750000001, "exp+1": 0.13896170854568482, "exp+2": 0.2141376256942749, "obs": 0.05134455266477218}, "450.0": {"exp-2": 0.02835845947265625, "exp-1": 0.03910189867019653, "exp0": 0.0576171875, "exp+1": 0.08885157108306885, "exp+2": 0.1362450122833252, "obs": 0.03293890022693241}, "250.0": {"exp-2": 0.03922119140625, "exp-1": 0.053921842575073244, "exp0": 0.07968750000000001, "exp+1": 0.12304506301879883, "exp+2": 0.18920429944992068, "obs": 0.04696510763905021}, "170.0": {"exp-2": 0.046046447753906254, "exp-1": 0.06311972141265869, "exp0": 0.09355468750000001, "exp+1": 0.14483022689819336, "exp+2": 0.22311391830444338, "obs": 0.05544902623242079}, "100.0": {"exp-2": 0.015044403076171876, "exp-1": 0.02074388861656189, "exp0": 0.03056640625, "exp+1": 0.047258350253105166, "exp+2": 0.07260181307792664, "obs": 0.016641848212497003}, "1100.0": {"exp-2": 0.0167266845703125, "exp-1": 0.02306349277496338, "exp0": 0.033984375000000004, "exp+1": 0.05220417380332947, "exp+2": 0.07967052459716797, "obs": 0.01817867977214446}, "1300.0": {"exp-2": 0.013121795654296876, "exp-1": 0.018092912435531617, "exp0": 0.02666015625, "exp+1": 0.04111267626285553, "exp+2": 0.06288610100746155, "obs": 0.014141233530027865}, "2400.0": {"exp-2": 0.002187490463256836, "exp-1": 0.003011354058980942, "exp0": 0.00447998046875, "exp+1": 0.00694430097937584, "exp+2": 0.010688006132841111, "obs": 0.002657198325121261}, "2200.0": {"exp-2": 0.003230571746826172, "exp-1": 0.004473736137151719, "exp0": 0.0066162109375, "exp+1": 0.01026880219578743, "exp+2": 0.015790261328220367, "obs": 0.00397825099674855}, "350.0": {"exp-2": 0.0324920654296875, "exp-1": 0.04480149745941162, "exp0": 0.06601562500000001, "exp+1": 0.10180281400680542, "exp+2": 0.15591120719909668, "obs": 0.03690989971492482}, "650.0": {"exp-2": 0.024993896484375, "exp-1": 0.034462690353393555, "exp0": 0.05078125, "exp+1": 0.0783098578453064, "exp+2": 0.11993169784545898, "obs": 0.027022709318680362}, "800.0": {"exp-2": 0.020379638671875002, "exp-1": 0.0281003475189209, "exp0": 0.041406250000000006, "exp+1": 0.06393517851829529, "exp+2": 0.0979489028453827, "obs": 0.022326080526768738}, "60.0": {"exp-2": 0.019322204589843753, "exp-1": 0.02664231061935425, "exp0": 0.0392578125, "exp+1": 0.060852509737014775, "exp+2": 0.09354407787322999, "obs": 0.02209912798486889}, "2800.0": {"exp-2": 0.020832061767578125, "exp-1": 0.028601795434951782, "exp0": 0.0419921875, "exp+1": 0.06442146301269532, "exp+2": 0.09803399443626404, "obs": 0.026976087533833366}, "1000.0": {"exp-2": 0.01778411865234375, "exp-1": 0.02452152967453003, "exp0": 0.0361328125, "exp+1": 0.05557644963264466, "exp+2": 0.0847404956817627, "obs": 0.019660815515640178}, "2000.0": {"exp-2": 0.004866600036621094, "exp-1": 0.006671056151390076, "exp0": 0.0098876953125, "exp+1": 0.015287245810031892, "exp+2": 0.023427677154541016, "obs": 0.005169912484342182}, "120.0": {"exp-2": 0.013025665283203126, "exp-1": 0.017855370044708253, "exp0": 0.02646484375, "exp+1": 0.04091697335243225, "exp+2": 0.06285971999168397, "obs": 0.014206564755446363}, "1800.0": {"exp-2": 0.006681060791015625, "exp-1": 0.0092121422290802, "exp0": 0.01357421875, "exp+1": 0.020986935496330263, "exp+2": 0.03220207095146179, "obs": 0.007147168374179507}, "1200.0": {"exp-2": 0.014921569824218751, "exp-1": 0.02048686742782593, "exp0": 0.030078125, "exp+1": 0.04638353288173676, "exp+2": 0.07077232599258423, "obs": 0.01617683665988706}, "550.0": {"exp-2": 0.02778167724609375, "exp-1": 0.038306605815887455, "exp0": 0.056445312500000004, "exp+1": 0.08704441785812378, "exp+2": 0.1333086967468262, "obs": 0.03182200805453634}, "700.0": {"exp-2": 0.024080657958984376, "exp-1": 0.033203476667404176, "exp0": 0.04892578125, "exp+1": 0.07544853687286378, "exp+2": 0.11540635824203492, "obs": 0.02670688476612858}, "500.0": {"exp-2": 0.027108764648437502, "exp-1": 0.037378764152526854, "exp0": 0.055078125000000006, "exp+1": 0.08493607640266419, "exp+2": 0.13007975816726686, "obs": 0.03062485443265376}}