{"600.0": {"exp-2": 0.00173797607421875, "exp-1": 0.0023437142372131348, "exp0": 0.0033203125000000003, "exp+1": 0.004756300151348114, "exp+2": 0.006576377898454666, "obs": 0.002282191139955843}, "80.0": {"exp-2": 0.001789093017578125, "exp-1": 0.002412647008895874, "exp0": 0.00341796875, "exp+1": 0.0049438755959272385, "exp+2": 0.006918315589427949, "obs": 0.0025371086415624062}, "70.0": {"exp-2": 0.0014696121215820312, "exp-1": 0.0019818171858787537, "exp0": 0.0028076171875, "exp+1": 0.004055445268750191, "exp+2": 0.0056749571114778526, "obs": 0.002011159606749163}, "90.0": {"exp-2": 0.0024204254150390625, "exp-1": 0.0032509058713912965, "exp0": 0.00458984375, "exp+1": 0.006593180447816849, "exp+2": 0.009131699800491333, "obs": 0.0033925798033421443}, "150.0": {"exp-2": 0.0047210693359375005, "exp-1": 0.006315732002258301, "exp0": 0.00888671875, "exp+1": 0.012606117129325868, "exp+2": 0.017224092781543732, "obs": 0.005879793987896717}, "300.0": {"exp-2": 0.0033981323242187503, "exp-1": 0.004545938968658447, "exp0": 0.006396484375000001, "exp+1": 0.009099130332469941, "exp+2": 0.012465436756610871, "obs": 0.004237702118058156}, "900.0": {"exp-2": 0.003772258758544922, "exp-1": 0.005066571384668351, "exp0": 0.0071533203125, "exp+1": 0.010232771933078767, "exp+2": 0.014080081880092622, "obs": 0.005343243806441009}, "400.0": {"exp-2": 0.0025234222412109375, "exp-1": 0.0033892422914505007, "exp0": 0.00478515625, "exp+1": 0.0068165197968482975, "exp+2": 0.009377042949199678, "obs": 0.003159642641981511}, "190.0": {"exp-2": 0.00438385009765625, "exp-1": 0.0058646082878112795, "exp0": 0.008251953125000001, "exp+1": 0.011705680191516877, "exp+2": 0.016019947826862335, "obs": 0.005407211460926063}, "450.0": {"exp-2": 0.0022208690643310547, "exp-1": 0.0029828790575265884, "exp0": 0.00421142578125, "exp+1": 0.00600762665271759, "exp+2": 0.00826500877737999, "obs": 0.0027909498738295643}, "250.0": {"exp-2": 0.003826141357421875, "exp-1": 0.005118519067764282, "exp0": 0.0072021484375, "exp+1": 0.010245203971862793, "exp+2": 0.014024128019809724, "obs": 0.004666653941164729}, "170.0": {"exp-2": 0.00453948974609375, "exp-1": 0.006072819232940674, "exp0": 0.008544921875, "exp+1": 0.01212126612663269, "exp+2": 0.0165751650929451, "obs": 0.005566305568312044}, "100.0": {"exp-2": 0.003741836547851563, "exp-1": 0.005005738139152527, "exp0": 0.00704345703125, "exp+1": 0.010019462555646896, "exp+2": 0.01375964879989624, "obs": 0.005191923510571645}, "350.0": {"exp-2": 0.0028839111328125, "exp-1": 0.003873419761657715, "exp0": 0.0054687500000000005, "exp+1": 0.007779408991336823, "exp+2": 0.010692043602466584, "obs": 0.00358652392604832}, "650.0": {"exp-2": 0.0017699241638183595, "exp-1": 0.002386797219514847, "exp0": 0.0033813476562500003, "exp+1": 0.004850471019744874, "exp+2": 0.0067123182117939, "obs": 0.0023282330396287}, "800.0": {"exp-2": 0.0023641586303710938, "exp-1": 0.0031881406903266907, "exp0": 0.0045166015625, "exp+1": 0.006469967216253281, "exp+2": 0.008952902257442474, "obs": 0.003388619664402913}, "60.0": {"exp-2": 0.0014121055603027344, "exp-1": 0.0018942236900329592, "exp0": 0.00269775390625, "exp+1": 0.003896753862500191, "exp+2": 0.005452893674373627, "obs": 0.0019108532724600846}, "1000.0": {"exp-2": 0.010479736328125001, "exp-1": 0.0140195369720459, "exp0": 0.019726562500000003, "exp+1": 0.028022125363349915, "exp+2": 0.03838528096675873, "obs": 0.015347528275547907}, "120.0": {"exp-2": 0.00505828857421875, "exp-1": 0.006801724433898926, "exp0": 0.009521484375, "exp+1": 0.013506554067134857, "exp+2": 0.018424215912818908, "obs": 0.006598427554900538}, "550.0": {"exp-2": 0.0018018722534179688, "exp-1": 0.002429880201816559, "exp0": 0.0034423828125000003, "exp+1": 0.00492430329322815, "exp+2": 0.0068136341869831085, "obs": 0.00232778472774184}, "700.0": {"exp-2": 0.0018146514892578127, "exp-1": 0.0024471133947372437, "exp0": 0.0034667968750000003, "exp+1": 0.004966136813163758, "exp+2": 0.006871957331895828, "obs": 0.002433027251068309}, "500.0": {"exp-2": 0.001956939697265625, "exp-1": 0.0026283919811248783, "exp0": 0.0037109375000000003, "exp+1": 0.0053010728210210805, "exp+2": 0.007305260002613068, "obs": 0.002569999131587411}}