{"80.0": {"exp-2": 0.024200820922851564, "exp-1": 0.03259377479553223, "exp+2": 0.09602432250976563, "exp+1": 0.06784216165542603, "exp0": 0.04658203125, "obs": 0.03934243039398066}, "70.0": {"exp-2": 0.02110595703125, "exp-1": 0.02842559814453125, "exp+2": 0.08374448418617249, "exp+1": 0.05916633009910584, "exp0": 0.040625, "obs": 0.03509848807077522}, "95.0": {"exp-2": 0.02531700134277344, "exp-1": 0.03427996933460236, "exp+2": 0.09980390667915345, "exp+1": 0.07077690362930299, "exp0": 0.048730468750000006, "obs": 0.03127266151484946}, "90.0": {"exp-2": 0.024251556396484377, "exp-1": 0.03283732533454895, "exp+2": 0.09567614793777467, "exp+1": 0.06779831647872925, "exp0": 0.046679687500000004, "obs": 0.029078557970568592}, "150.0": {"exp-2": 0.055206298828125, "exp-1": 0.0744473934173584, "exp+2": 0.21522183418273927, "exp+1": 0.15297428369522095, "exp0": 0.10546875, "obs": 0.04232807943786069}, "75.0": {"exp-2": 0.02210540771484375, "exp-1": 0.030054771900177003, "exp+2": 0.08850725293159485, "exp+1": 0.062437540292739874, "exp0": 0.042871093750000006, "obs": 0.0383138899999219}, "130.0": {"exp-2": 0.03521041870117188, "exp-1": 0.04767594933509827, "exp+2": 0.13821500539779663, "exp+1": 0.09816506505012512, "exp0": 0.0677734375, "obs": 0.030691845829493365}, "120.0": {"exp-2": 0.033586883544921876, "exp-1": 0.045477634668350225, "exp+2": 0.1321238398551941, "exp+1": 0.09376757144927979, "exp0": 0.0646484375, "obs": 0.030505651859959338}, "110.0": {"exp-2": 0.035616302490234376, "exp-1": 0.048225528001785284, "exp+2": 0.1402991533279419, "exp+1": 0.09956991672515869, "exp0": 0.0685546875, "obs": 0.03292646782867994}, "190.0": {"exp-2": 0.0341461181640625, "exp-1": 0.04580421447753907, "exp+2": 0.13285359144210815, "exp+1": 0.09435740113258362, "exp0": 0.065234375, "obs": 0.07443263431126389}, "100.0": {"exp-2": 0.028107452392578128, "exp-1": 0.038058322668075566, "exp+2": 0.11103936433792115, "exp+1": 0.07868579030036926, "exp0": 0.054101562500000006, "obs": 0.03253742321946409}, "170.0": {"exp-2": 0.055206298828125, "exp-1": 0.0744473934173584, "exp+2": 0.21383869647979736, "exp+1": 0.1523436784744263, "exp0": 0.10546875, "obs": 0.08094119991621201}, "60.0": {"exp-2": 0.0201416015625, "exp-1": 0.02738475799560547, "exp+2": 0.08058398365974427, "exp+1": 0.056890702247619634, "exp0": 0.0390625, "obs": 0.0333885772845278}, "85.0": {"exp-2": 0.02536773681640625, "exp-1": 0.03434866666793823, "exp+2": 0.09979141354560853, "exp+1": 0.0708214282989502, "exp0": 0.048828125, "obs": 0.03027720699071191}}