{"600.0": {"exp-2": 175714.49279785156, "exp-1": 236956.4026594162, "exp+2": 670416.6531562805, "exp+1": 482883.0435872078, "exp0": 335693.359375, "obs": 173540.86684428464}, "80.0": {"exp-2": 283412.9333496094, "exp-1": 393615.51403999334, "exp+2": 1158366.2778139114, "exp+1": 830887.8540992737, "exp0": 571289.0625, "obs": 453345.0814092767}, "70.0": {"exp-2": 291748.046875, "exp-1": 403432.84606933594, "exp+2": 1184021.756052971, "exp+1": 848641.9171094896, "exp0": 583496.09375, "obs": 440021.90889192774}, "90.0": {"exp-2": 281982.421875, "exp-1": 389928.81774902344, "exp+2": 1142641.7529582977, "exp+1": 820235.4609966279, "exp0": 563964.84375, "obs": 438558.8133180576}, "150.0": {"exp-2": 285816.1926269531, "exp-1": 383883.56566429144, "exp+2": 1060514.4500732422, "exp+1": 770995.020866394, "exp0": 541992.1875000001, "obs": 362393.10357205564}, "300.0": {"exp-2": 256204.60510253906, "exp-1": 344111.8448972702, "exp+2": 953470.6175327302, "exp+1": 693053.7521839142, "exp0": 485839.84375000006, "obs": 329584.0041030881}, "900.0": {"exp-2": 155906.67724609378, "exp-1": 210244.95363235474, "exp+2": 597940.3480887413, "exp+1": 429636.20275259024, "exp0": 297851.5625, "obs": 213508.93829024455}, "350.0": {"exp-2": 305771.8276977539, "exp-1": 410686.2470507622, "exp+2": 1141446.828842163, "exp+1": 828292.5933599472, "exp0": 579833.984375, "obs": 312267.6553410459}, "190.0": {"exp-2": 276260.3759765625, "exp-1": 369574.4276046753, "exp+2": 1019035.8012914659, "exp+1": 740774.8699188232, "exp0": 520019.53125, "obs": 356031.5282407469}, "450.0": {"exp-2": 246548.65264892578, "exp-1": 331142.8055167198, "exp+2": 925277.6950597763, "exp+1": 669729.0390729905, "exp0": 467529.29687500006, "obs": 244333.75209984434}, "100.0": {"exp-2": 280761.71875, "exp-1": 388240.8142089844, "exp+2": 1135391.4439678192, "exp+1": 814446.434378624, "exp0": 561523.4375, "obs": 435125.68212814565}, "170.0": {"exp-2": 280666.3513183594, "exp-1": 376966.7446613312, "exp+2": 1042956.7843675615, "exp+1": 758163.9289855957, "exp0": 532226.5625, "obs": 367998.5895038478}, "250.0": {"exp-2": 265216.8273925781, "exp-1": 356216.28165245056, "exp+2": 985546.3355779649, "exp+1": 716430.1723241806, "exp0": 502929.68750000006, "obs": 343457.7345243552}, "1100.0": {"exp-2": 332899.0936279297, "exp-1": 448924.6755838394, "exp+2": 1263495.0876235962, "exp+1": 912308.8419437408, "exp0": 635986.328125, "obs": 480643.42094151105}, "400.0": {"exp-2": 272297.85919189453, "exp-1": 365726.91053152084, "exp+2": 1019608.9744567871, "exp+1": 738645.4939842224, "exp0": 516357.42187500006, "obs": 277344.73263747344}, "650.0": {"exp-2": 162615.77606201172, "exp-1": 219292.37991571426, "exp+2": 620926.2460470201, "exp+1": 446886.30849123, "exp0": 310668.94531250006, "obs": 159739.05213601745}, "800.0": {"exp-2": 139613.15155029297, "exp-1": 188272.6326584816, "exp+2": 535450.6894946098, "exp+1": 384735.68856716156, "exp0": 266723.6328125, "obs": 191611.74256340452}, "1200.0": {"exp-2": 936431.8847656251, "exp-1": 1252735.8531951904, "exp+2": 3456546.366214752, "exp+1": 2514496.4456558228, "exp0": 1762695.3125, "obs": 1413841.6715193016}, "1000.0": {"exp-2": 202870.36895751953, "exp-1": 273576.93761587143, "exp+2": 774026.4385938644, "exp+1": 557510.443031788, "exp0": 387573.2421875, "obs": 289180.35801476333}, "120.0": {"exp-2": 291728.9733886719, "exp-1": 395009.6666812897, "exp+2": 1116296.2764501572, "exp+1": 806612.5214099884, "exp0": 561523.4375, "obs": 425375.88517131435}, "60.0": {"exp-2": 294189.453125, "exp-1": 406808.85314941406, "exp+2": 1190444.0075159073, "exp+1": 854570.8656311036, "exp0": 588378.90625, "obs": 455474.9428885671}, "550.0": {"exp-2": 195522.3083496094, "exp-1": 263667.85168647766, "exp+2": 744335.4278802873, "exp+1": 536572.6724267006, "exp0": 373535.15625, "obs": 194688.600455592}, "700.0": {"exp-2": 146961.21215820312, "exp-1": 198181.71858787537, "exp+2": 562030.1142334938, "exp+1": 403865.8365607262, "exp0": 280761.71875, "obs": 143227.17805465293}, "500.0": {"exp-2": 219802.85644531253, "exp-1": 296410.9182357788, "exp+2": 833037.4956130981, "exp+1": 601532.0494771004, "exp0": 419921.875, "obs": 218436.59907945126}}