{"600.0": {"exp-2": 0.00800628662109375, "exp-1": 0.010885441303253175, "exp0": 0.01552734375, "exp+1": 0.022768785059452058, "exp+2": 0.03258124887943268, "obs": 0.009604438007127347}, "80.0": {"exp-2": 0.004609966278076172, "exp-1": 0.006259524822235108, "exp0": 0.0090087890625, "exp+1": 0.01331791877746582, "exp+2": 0.019283932447433472, "obs": 0.004598477923136031}, "70.0": {"exp-2": 0.005359554290771485, "exp-1": 0.007277333736419678, "exp0": 0.010473632812500001, "exp+1": 0.015462560951709748, "exp+2": 0.02234349548816681, "obs": 0.005216781386896187}, "90.0": {"exp-2": 0.003947830200195313, "exp-1": 0.005360460281372071, "exp0": 0.00771484375, "exp+1": 0.011435799300670624, "exp+2": 0.01662580817937851, "obs": 0.003929507121795005}, "150.0": {"exp-2": 0.0162353515625, "exp-1": 0.0218658447265625, "exp0": 0.03125, "exp+1": 0.04569940567016602, "exp+2": 0.06516056060791016, "obs": 0.018486824424972636}, "1400.0": {"exp-2": 0.0012808799743652345, "exp-1": 0.0017320990562438967, "exp0": 0.002484130859375, "exp+1": 0.003662451356649399, "exp+2": 0.005281345918774605, "obs": 0.0015901844137453044}, "300.0": {"exp-2": 0.012311553955078125, "exp-1": 0.016738933324813843, "exp0": 0.023876953125000003, "exp+1": 0.03491720259189606, "exp+2": 0.049933964014053346, "obs": 0.014056925033681434}, "900.0": {"exp-2": 0.0043304443359375, "exp-1": 0.005855941772460938, "exp0": 0.0083984375, "exp+1": 0.012331929802894593, "exp+2": 0.017697067558765413, "obs": 0.005183456766435048}, "400.0": {"exp-2": 0.010901641845703126, "exp-1": 0.014822000265121461, "exp0": 0.021142578125000002, "exp+1": 0.030960640311241152, "exp+2": 0.044306001067161566, "obs": 0.012331601779310067}, "1600.0": {"exp-2": 0.0016994476318359375, "exp-1": 0.002298116683959961, "exp0": 0.0032958984375, "exp+1": 0.004846134409308434, "exp+2": 0.00697929933667183, "obs": 0.0020628315572009566}, "190.0": {"exp-2": 0.015271377563476563, "exp-1": 0.020567560195922853, "exp0": 0.02939453125, "exp+1": 0.04298600256443024, "exp+2": 0.061336958408355714, "obs": 0.017163195224041593}, "450.0": {"exp-2": 0.010297393798828125, "exp-1": 0.014000457525253297, "exp0": 0.019970703125000003, "exp+1": 0.029244577884674074, "exp+2": 0.041788750886917116, "obs": 0.011868741346217133}, "250.0": {"exp-2": 0.013698577880859375, "exp-1": 0.01844930648803711, "exp0": 0.0263671875, "exp+1": 0.0386114239692688, "exp+2": 0.0551328182220459, "obs": 0.015030512327866404}, "170.0": {"exp-2": 0.0156097412109375, "exp-1": 0.02122318744659424, "exp0": 0.0302734375, "exp+1": 0.04427129924297333, "exp+2": 0.06321762204170227, "obs": 0.017635496870186684}, "100.0": {"exp-2": 0.00327301025390625, "exp-1": 0.004462623596191407, "exp0": 0.0064453125000000005, "exp+1": 0.009579650312662126, "exp+2": 0.013982796669006349, "obs": 0.0033395149269847832}, "1100.0": {"exp-2": 0.0027317047119140626, "exp-1": 0.0036940097808837893, "exp0": 0.005297851562500001, "exp+1": 0.007779153436422348, "exp+2": 0.011179827898740769, "obs": 0.003276101603273181}, "1300.0": {"exp-2": 0.0016239166259765627, "exp-1": 0.0021959781646728516, "exp0": 0.0031494140625, "exp+1": 0.004643304273486137, "exp+2": 0.006686124950647354, "obs": 0.0020017778580431423}, "350.0": {"exp-2": 0.0117828369140625, "exp-1": 0.0160200834274292, "exp0": 0.022851562500000002, "exp+1": 0.03346323370933533, "exp+2": 0.04781695604324341, "obs": 0.01388599072077483}, "650.0": {"exp-2": 0.0074523925781250005, "exp-1": 0.010077667236328126, "exp0": 0.014453125, "exp+1": 0.02119358628988266, "exp+2": 0.0303049772977829, "obs": 0.008670392747974362}, "800.0": {"exp-2": 0.005425643920898438, "exp-1": 0.007336950302124024, "exp0": 0.0105224609375, "exp+1": 0.01545076072216034, "exp+2": 0.02214046120643616, "obs": 0.006335260960954623}, "60.0": {"exp-2": 0.006004714965820313, "exp-1": 0.008120012283325196, "exp0": 0.0116455078125, "exp+1": 0.017169427871704102, "exp+2": 0.02475874274969101, "obs": 0.005917205917969514}, "1000.0": {"exp-2": 0.0034744262695312503, "exp-1": 0.004698371887207032, "exp0": 0.00673828125, "exp+1": 0.009921082109212876, "exp+2": 0.014235399663448334, "obs": 0.004205121736034933}, "120.0": {"exp-2": 0.002151012420654297, "exp-1": 0.0029165349900722505, "exp0": 0.00423583984375, "exp+1": 0.0063210435211658485, "exp+2": 0.00926770567893982, "obs": 0.0022859911881904626}, "1800.0": {"exp-2": 0.00609283447265625, "exp-1": 0.008239173889160156, "exp0": 0.011816406250000001, "exp+1": 0.017350739240646364, "exp+2": 0.02493565380573273, "obs": 0.007343929656738995}, "1200.0": {"exp-2": 0.0021148681640625, "exp-1": 0.0028598785400390627, "exp0": 0.0041015625, "exp+1": 0.0060307450592517855, "exp+2": 0.008672769367694856, "obs": 0.002598963766344996}, "550.0": {"exp-2": 0.008862304687500001, "exp-1": 0.011984252929687501, "exp0": 0.0171875, "exp+1": 0.025168928503990176, "exp+2": 0.03599135279655457, "obs": 0.009952265922454073}, "700.0": {"exp-2": 0.006646728515625, "exp-1": 0.009036970138549805, "exp0": 0.012890625000000001, "exp+1": 0.018928077816963196, "exp+2": 0.027083757519721988, "obs": 0.007703036433621477}, "500.0": {"exp-2": 0.009592437744140626, "exp-1": 0.013041990995407106, "exp0": 0.018603515625, "exp+1": 0.027242505550384523, "exp+2": 0.038985189795494084, "obs": 0.011141020299166754}}