{"600.0": {"exp-2": 0.011816406250000001, "exp-1": 0.01624755859375, "exp0": 0.023632812500000003, "exp+1": 0.03564349114894867, "exp+2": 0.05304628014564514, "obs": 0.02005972102610299}, "80.0": {"exp-2": 0.017498779296875, "exp-1": 0.02455611228942871, "exp0": 0.03671875, "exp+1": 0.05655087232589722, "exp+2": 0.08528752326965333, "obs": 0.03098761284975554}, "70.0": {"exp-2": 0.017778015136718752, "exp-1": 0.024947965145111085, "exp0": 0.0373046875, "exp+1": 0.057453274726867676, "exp+2": 0.08675783276557923, "obs": 0.030404059991844708}, "90.0": {"exp-2": 0.018010711669921877, "exp-1": 0.025274509191513063, "exp0": 0.03779296875, "exp+1": 0.05812996029853821, "exp+2": 0.08769112825393677, "obs": 0.033446847145782714}, "150.0": {"exp-2": 0.01787109375, "exp-1": 0.024433135986328125, "exp0": 0.0357421875, "exp+1": 0.0541208028793335, "exp+2": 0.08087091445922852, "obs": 0.02965945499622649}, "1400.0": {"exp-2": 0.0049072265625, "exp-1": 0.006709098815917969, "exp0": 0.009814453125, "exp+1": 0.014880600571632386, "exp+2": 0.022245556116104126, "obs": 0.009188800820069766}, "300.0": {"exp-2": 0.014501953125000001, "exp-1": 0.019826889038085938, "exp0": 0.029003906250000003, "exp+1": 0.043802091479301454, "exp+2": 0.06539241075515748, "obs": 0.023179493600786905}, "900.0": {"exp-2": 0.008935546875, "exp-1": 0.012286376953125, "exp0": 0.01787109375, "exp+1": 0.026953548192977905, "exp+2": 0.040086761116981506, "obs": 0.013934616288325506}, "400.0": {"exp-2": 0.013926315307617189, "exp-1": 0.018960604071617128, "exp0": 0.02763671875, "exp+1": 0.04184750616550446, "exp+2": 0.06228411793708802, "obs": 0.023753970267887076}, "1600.0": {"exp-2": 0.003173828125, "exp-1": 0.004364013671875, "exp0": 0.00634765625, "exp+1": 0.009624268859624863, "exp+2": 0.014349867403507233, "obs": 0.004907591421468724}, "190.0": {"exp-2": 0.017041015625, "exp-1": 0.023298263549804688, "exp0": 0.03408203125, "exp+1": 0.05160699486732483, "exp+2": 0.07711461782455445, "obs": 0.028299225338528317}, "450.0": {"exp-2": 0.013385009765625, "exp-1": 0.018223619461059572, "exp0": 0.026562500000000003, "exp+1": 0.040167984366416935, "exp+2": 0.059756577014923096, "obs": 0.021706090061820026}, "250.0": {"exp-2": 0.01572265625, "exp-1": 0.021618652343750003, "exp0": 0.0314453125, "exp+1": 0.047551804780960084, "exp+2": 0.07092901468276978, "obs": 0.025966705367351857}, "170.0": {"exp-2": 0.0177734375, "exp-1": 0.024438476562500002, "exp0": 0.035546875, "exp+1": 0.053825062513351445, "exp+2": 0.08032301068305969, "obs": 0.030193635991535503}, "100.0": {"exp-2": 0.017778015136718752, "exp-1": 0.024947965145111085, "exp0": 0.0373046875, "exp+1": 0.057378929853439335, "exp+2": 0.08650342226028443, "obs": 0.029790073503300096}, "1100.0": {"exp-2": 0.007209205627441407, "exp-1": 0.009815295040607453, "exp0": 0.014306640625, "exp+1": 0.0216345950961113, "exp+2": 0.03220642805099488, "obs": 0.011192169172614664}, "1300.0": {"exp-2": 0.0054931640625, "exp-1": 0.007510185241699219, "exp0": 0.010986328125, "exp+1": 0.016569805145263673, "exp+2": 0.024643501639366152, "obs": 0.008813999487737624}, "2200.0": {"exp-2": 0.004355049133300782, "exp-1": 0.005929376184940338, "exp0": 0.008642578125, "exp+1": 0.013017688691616059, "exp+2": 0.01935135126113892, "obs": 0.006568849771445783}, "350.0": {"exp-2": 0.0140625, "exp-1": 0.0193359375, "exp0": 0.028125, "exp+1": 0.04241870045661927, "exp+2": 0.06317155361175537, "obs": 0.02425067866428021}, "650.0": {"exp-2": 0.011711883544921876, "exp-1": 0.015945667028427125, "exp0": 0.0232421875, "exp+1": 0.03505434393882752, "exp+2": 0.05213469862937928, "obs": 0.018709105164803782}, "800.0": {"exp-2": 0.010210990905761719, "exp-1": 0.0139022096991539, "exp0": 0.020263671875, "exp+1": 0.03052169978618622, "exp+2": 0.04528070688247681, "obs": 0.016859117740538433}, "60.0": {"exp-2": 0.018243408203125002, "exp-1": 0.02560105323791504, "exp0": 0.03828125, "exp+1": 0.05888099670410157, "exp+2": 0.08876791000366212, "obs": 0.03074119090919321}, "1000.0": {"exp-2": 0.0082763671875, "exp-1": 0.011380004882812501, "exp0": 0.016552734375, "exp+1": 0.02493218332529068, "exp+2": 0.03708756268024445, "obs": 0.013184000318410913}, "2000.0": {"exp-2": 0.0016113281250000001, "exp-1": 0.0022029876708984375, "exp0": 0.0032226562500000003, "exp+1": 0.004892590269446374, "exp+2": 0.007307772338390351, "obs": 0.0023879934937507817}, "120.0": {"exp-2": 0.016986083984375, "exp-1": 0.024092864990234376, "exp0": 0.035937500000000004, "exp+1": 0.055419284105300906, "exp+2": 0.08361236453056337, "obs": 0.028681404380016946}, "1800.0": {"exp-2": 0.00205078125, "exp-1": 0.002803802490234375, "exp0": 0.0041015625, "exp+1": 0.006202409416437149, "exp+2": 0.009251610189676285, "obs": 0.0031358795518750815}, "1200.0": {"exp-2": 0.00654296875, "exp-1": 0.00899658203125, "exp0": 0.0130859375, "exp+1": 0.01976255923509598, "exp+2": 0.029347163438796998, "obs": 0.010236418429223106}, "550.0": {"exp-2": 0.0125, "exp-1": 0.0171875, "exp0": 0.024999999999999998, "exp+1": 0.03775533735752106, "exp+2": 0.056215697526931764, "obs": 0.020326070560939186}, "700.0": {"exp-2": 0.011083984375000001, "exp-1": 0.015240478515625001, "exp0": 0.022167968750000003, "exp+1": 0.03347836434841156, "exp+2": 0.04984751343727112, "obs": 0.01755833806898657}, "500.0": {"exp-2": 0.0128173828125, "exp-1": 0.0176239013671875, "exp0": 0.025634765625, "exp+1": 0.038713967800140386, "exp+2": 0.05764304995536804, "obs": 0.020151434264390033}}