{"600.0": {"exp-2": 0.0027475357055664062, "exp-1": 0.003705136477947235, "exp0": 0.0052490234375, "exp+1": 0.00755053535103798, "exp+2": 0.010523947328329087, "obs": 0.0034627170867652574}, "80.0": {"exp-2": 0.0042057037353515625, "exp-1": 0.00586681067943573, "exp0": 0.008544921875, "exp+1": 0.01249593123793602, "exp+2": 0.017501217126846314, "obs": 0.0058524974808342786}, "70.0": {"exp-2": 0.004193687438964844, "exp-1": 0.005850048363208771, "exp0": 0.0085205078125, "exp+1": 0.012460228800773621, "exp+2": 0.017464347183704376, "obs": 0.005884749960873776}, "90.0": {"exp-2": 0.004041194915771484, "exp-1": 0.0056624718010425575, "exp0": 0.0082763671875, "exp+1": 0.01208670660853386, "exp+2": 0.016966353356838226, "obs": 0.005793558373875567}, "150.0": {"exp-2": 0.004042625427246094, "exp-1": 0.005429704487323762, "exp0": 0.0076660156250000005, "exp+1": 0.011027292907238008, "exp+2": 0.015321873128414154, "obs": 0.0052642596312256346}, "1400.0": {"exp-2": 0.011896133422851562, "exp-1": 0.015977856516838074, "exp0": 0.02255859375, "exp+1": 0.03240478038787842, "exp+2": 0.045093399286270146, "obs": 0.013668831169679041}, "300.0": {"exp-2": 0.0036420822143554688, "exp-1": 0.004911459982395172, "exp0": 0.0069580078125, "exp+1": 0.01000884845852852, "exp+2": 0.013917684555053711, "obs": 0.0046783592421260406}, "900.0": {"exp-2": 0.001744365692138672, "exp-1": 0.002352330833673477, "exp0": 0.00333251953125, "exp+1": 0.004806995391845703, "exp+2": 0.006721282005310059, "obs": 0.0021376109805151776}, "400.0": {"exp-2": 0.0033609390258789065, "exp-1": 0.004532329738140106, "exp0": 0.0064208984375, "exp+1": 0.00921064168214798, "exp+2": 0.012826715409755707, "obs": 0.004335409723229122}, "190.0": {"exp-2": 0.004016876220703125, "exp-1": 0.00539512038230896, "exp0": 0.007617187500000001, "exp+1": 0.010957055538892747, "exp+2": 0.015236201882362367, "obs": 0.0053130054995996}, "450.0": {"exp-2": 0.0031692504882812503, "exp-1": 0.004273831844329834, "exp0": 0.0060546875, "exp+1": 0.008685319870710374, "exp+2": 0.012104652076959611, "obs": 0.004138208311811595}, "250.0": {"exp-2": 0.003833770751953125, "exp-1": 0.005169957876205444, "exp0": 0.00732421875, "exp+1": 0.010506435483694078, "exp+2": 0.014631234109401703, "obs": 0.005191521798679537}, "170.0": {"exp-2": 0.004094123840332031, "exp-1": 0.0054988726973533636, "exp0": 0.007763671875, "exp+1": 0.011152295023202898, "exp+2": 0.015506993234157563, "obs": 0.005564456121927801}, "100.0": {"exp-2": 0.003945827484130859, "exp-1": 0.005528844147920609, "exp0": 0.0080810546875, "exp+1": 0.011817580461502076, "exp+2": 0.016588521003723145, "obs": 0.005655951308329292}, "1100.0": {"exp-2": 0.0017795085906982422, "exp-1": 0.0023997221142053604, "exp0": 0.003399658203125, "exp+1": 0.004903839528560639, "exp+2": 0.006846078485250474, "obs": 0.0021947011661367513}, "1300.0": {"exp-2": 0.004204368591308594, "exp-1": 0.005669720470905304, "exp0": 0.0080322265625, "exp+1": 0.011554074287414551, "exp+2": 0.016116656363010406, "obs": 0.004989634755772451}, "350.0": {"exp-2": 0.003539848327636719, "exp-1": 0.004773594439029694, "exp0": 0.006762695312500001, "exp+1": 0.009714420139789582, "exp+2": 0.013507664203643799, "obs": 0.004643066831135647}, "650.0": {"exp-2": 0.0025877952575683594, "exp-1": 0.003489721566438675, "exp0": 0.00494384765625, "exp+1": 0.007111550122499467, "exp+2": 0.00991209000349045, "obs": 0.0032246633072633966}, "800.0": {"exp-2": 0.002089405059814453, "exp-1": 0.002817627042531967, "exp0": 0.00399169921875, "exp+1": 0.005741918459534645, "exp+2": 0.00800934135913849, "obs": 0.0026075899989680875}, "60.0": {"exp-2": 0.004337882995605469, "exp-1": 0.006051196157932282, "exp0": 0.0088134765625, "exp+1": 0.012888661026954651, "exp+2": 0.01809201240539551, "obs": 0.006072459276547888}, "1000.0": {"exp-2": 0.0015558719635009766, "exp-1": 0.002098141238093376, "exp0": 0.002972412109375, "exp+1": 0.004281634092330933, "exp+2": 0.0059865485876798635, "obs": 0.0019067055487745196}, "120.0": {"exp-2": 0.0037851333618164062, "exp-1": 0.005280129611492157, "exp0": 0.0076904296875, "exp+1": 0.011215683817863465, "exp+2": 0.015755586326122284, "obs": 0.0053245150504709635}, "1200.0": {"exp-2": 0.002460002899169922, "exp-1": 0.0033173896372318268, "exp0": 0.00469970703125, "exp+1": 0.006779096275568009, "exp+2": 0.009471394866704941, "obs": 0.0028690183093057816}, "550.0": {"exp-2": 0.002907276153564453, "exp-1": 0.003920551389455795, "exp0": 0.00555419921875, "exp+1": 0.007989519834518432, "exp+2": 0.011127113550901414, "obs": 0.0037628422724397905}, "700.0": {"exp-2": 0.002415275573730469, "exp-1": 0.00325707346200943, "exp0": 0.0046142578125000005, "exp+1": 0.006646643579006195, "exp+2": 0.009264440834522247, "obs": 0.0030829787476541835}, "500.0": {"exp-2": 0.0031500816345214847, "exp-1": 0.004247982054948807, "exp0": 0.0060180664062500005, "exp+1": 0.00864478200674057, "exp+2": 0.012039215862751008, "obs": 0.004105505134776477}}