{"80.0": {"exp-2": 8245468139648438.0, "exp-1": 1.1210635304450988e+16, "exp+2": 3.3195978403091428e+16, "exp+1": 2.3385243117809296e+16, "exp0": 1.59912109375e+16, "obs": 9073041682646020.0}, "70.0": {"exp-2": 7729339599609375.0, "exp-1": 1.0508900880813598e+16, "exp+2": 3.1094956398010256e+16, "exp+1": 2.1921433508396148e+16, "exp0": 1.4990234375000002e+16, "obs": 8378471507106770.0}, "95.0": {"exp-2": 9335327148437502.0, "exp-1": 1.2572860717773438e+16, "exp+2": 3.714627027511597e+16, "exp+1": 2.6205533742904664e+16, "exp0": 1.7968750000000002e+16, "obs": 1.5460965076782924e+16}, "90.0": {"exp-2": 8878707885742188.0, "exp-1": 1.1957883834838868e+16, "exp+2": 3.5276514291763308e+16, "exp+1": 2.4923741817474364e+16, "exp0": 1.708984375e+16, "obs": 1.5383123618806952e+16}, "150.0": {"exp-2": 1.6314697265625e+16, "exp-1": 2.218165397644043e+16, "exp+2": 6.5311944484710696e+16, "exp+1": 4.614452719688416e+16, "exp0": 3.1640625e+16, "obs": 1.5856848240626338e+16}, "75.0": {"exp-2": 7955932617187500.0, "exp-1": 1.0816979408264162e+16, "exp+2": 3.1873497366905216e+16, "exp+1": 2.250257730484009e+16, "exp0": 1.54296875e+16, "obs": 8632504760812653.0}, "130.0": {"exp-2": 1.2151145935058596e+16, "exp-1": 1.636521816253662e+16, "exp+2": 4.811218380928039e+16, "exp+1": 3.401669263839722e+16, "exp0": 2.3388671875000004e+16, "obs": 1.1143673512816824e+16}, "120.0": {"exp-2": 1.143035888671875e+16, "exp-1": 1.5540850162506104e+16, "exp+2": 4.569711089134217e+16, "exp+1": 3.2285472750663756e+16, "exp0": 2.2167968750000004e+16, "obs": 1.0152421779347164e+16}, "110.0": {"exp-2": 1.1480712890625002e+16, "exp-1": 1.5609312057495118e+16, "exp+2": 4.583649039268494e+16, "exp+1": 3.2383322715759276e+16, "exp0": 2.2265625e+16, "obs": 1.0545065400786852e+16}, "190.0": {"exp-2": 2.463836669921875e+16, "exp-1": 3.305034637451172e+16, "exp+2": 9.597960114479066e+16, "exp+1": 6.827185750007629e+16, "exp0": 4.70703125e+16, "obs": 2.055645830000299e+16}, "100.0": {"exp-2": 9617614746093752.0, "exp-1": 1.3076221942901612e+16, "exp+2": 3.847885131835938e+16, "exp+1": 2.7165308594703676e+16, "exp0": 1.865234375e+16, "obs": 1.678636265649875e+16}, "170.0": {"exp-2": 2.0804595947265624e+16, "exp-1": 2.790765762329102e+16, "exp+2": 8.110674619674683e+16, "exp+1": 5.7648640871047976e+16, "exp0": 3.974609375e+16, "obs": 1.8580441789877468e+16}, "60.0": {"exp-2": 7452392578125001.0, "exp-1": 1.0132360458374024e+16, "exp+2": 3.0025362968444824e+16, "exp+1": 2.113597542047501e+16, "exp0": 1.4453125e+16, "obs": 8162498735138432.0}, "250.0": {"exp-2": 8.4869384765625e+16, "exp-1": 1.139892101287842e+17, "exp+2": 3.2287647724151616e+17, "exp+1": 2.318236589431763e+17, "exp0": 1.609375e+17, "obs": 6.784003927617946e+16}, "85.0": {"exp-2": 8827972412109376.0, "exp-1": 1.188955307006836e+16, "exp+2": 3.5027739405632024e+16, "exp+1": 2.474745362997055e+16, "exp0": 1.6992187500000002e+16, "obs": 1.5082543229812912e+16}}