{"600.0": {"exp-2": 24847984.313964844, "exp-1": 33373661.33928299, "exp+2": 92820033.43105318, "exp+1": 67403584.71870422, "exp0": 47119140.625, "obs": 57176341.84500615}, "80.0": {"exp-2": 15462875.366210938, "exp-1": 20742177.963256836, "exp+2": 60107197.61252403, "exp+1": 42788088.32168579, "exp0": 29541015.625000004, "obs": 42466809.85822793}, "70.0": {"exp-2": 13548374.17602539, "exp-1": 18681097.775697708, "exp+2": 60087438.672781, "exp+1": 41790876.53756142, "exp0": 27526855.46875, "obs": 41338416.40893649}, "90.0": {"exp-2": 15303134.91821289, "exp-1": 20636748.522520065, "exp+2": 58303434.40175057, "exp+1": 41996456.68268204, "exp0": 29235839.843750004, "obs": 24679335.61579413}, "150.0": {"exp-2": 15385150.909423828, "exp-1": 20664002.746343613, "exp+2": 57171255.35011292, "exp+1": 41559904.81376648, "exp0": 29174804.687500004, "obs": 16319039.023898918}, "300.0": {"exp-2": 14709234.237670898, "exp-1": 19756169.989705086, "exp+2": 55370565.50383568, "exp+1": 40012009.44185257, "exp0": 27893066.40625, "obs": 32749213.084318597}, "350.0": {"exp-2": 13857126.235961914, "exp-1": 18762959.16736126, "exp+2": 53787346.92931175, "exp+1": 38526728.74927521, "exp0": 26672363.28125, "obs": 53485292.8682205}, "550.0": {"exp-2": 22273063.65966797, "exp-1": 29915250.837802887, "exp+2": 83155997.09749223, "exp+1": 60250401.496887214, "exp0": 42236328.125, "obs": 50714645.462241314}, "450.0": {"exp-2": 15015602.111816406, "exp-1": 20249001.681804657, "exp+2": 57804368.436336525, "exp+1": 41436068.71366501, "exp0": 28686523.4375, "obs": 58367037.67735426}, "100.0": {"exp-2": 14887809.75341797, "exp-1": 20076669.75259781, "exp+2": 56684106.588363655, "exp+1": 40799990.29636384, "exp0": 28442382.8125, "obs": 23944919.963891163}, "170.0": {"exp-2": 14504432.678222656, "exp-1": 19559673.964977264, "exp+2": 54963614.7916317, "exp+1": 39749346.673488624, "exp0": 27709960.937500004, "obs": 32288777.91154148}, "250.0": {"exp-2": 14121055.603027344, "exp-1": 19042678.17735672, "exp+2": 53517814.72563744, "exp+1": 38644935.9357357, "exp0": 26977539.0625, "obs": 31586857.17217467}, "85.0": {"exp-2": 14696121.215820312, "exp-1": 19818171.858787537, "exp+2": 55990770.45917511, "exp+1": 40330626.07049942, "exp0": 28076171.875, "obs": 23253556.073850557}, "400.0": {"exp-2": 14015674.591064453, "exp-1": 18977638.334035873, "exp+2": 54284043.610095985, "exp+1": 38913771.51012421, "exp0": 26977539.0625, "obs": 54825199.776235126}, "850.0": {"exp-2": 162902832.03125003, "exp-1": 217927455.90209964, "exp+2": 597167313.0989075, "exp+1": 435591459.27429205, "exp0": 306640625.0, "obs": 442886684.14410233}, "650.0": {"exp-2": 29482841.49169922, "exp-1": 39598800.241947174, "exp+2": 109897270.79868318, "exp+1": 79753421.24700546, "exp0": 55908203.12500001, "obs": 68902791.60621119}, "800.0": {"exp-2": 87289810.18066406, "exp-1": 117240116.00017549, "exp+2": 325331777.33421326, "exp+1": 236455738.5444641, "exp0": 165527343.75, "obs": 245624593.40635118}, "95.0": {"exp-2": 15207290.649414064, "exp-1": 20507499.57561493, "exp+2": 57938273.99611474, "exp+1": 41733428.835868835, "exp0": 29052734.375, "obs": 24306621.004536577}, "700.0": {"exp-2": 38366317.74902344, "exp-1": 51530316.472053535, "exp+2": 143106982.11193085, "exp+1": 103928923.60687257, "exp0": 72753906.25, "obs": 91180020.73606862}, "75.0": {"exp-2": 14319419.860839844, "exp-1": 19523978.233337402, "exp+2": 59566676.6166687, "exp+1": 41798569.26202774, "exp0": 28198242.1875, "obs": 41605073.6407933}, "130.0": {"exp-2": 15239715.576171875, "exp-1": 20387321.710586548, "exp+2": 56336075.06752014, "exp+1": 40978688.74669075, "exp0": 28686523.4375, "obs": 16675618.482344424}, "120.0": {"exp-2": 15369415.283203127, "exp-1": 20560830.83152771, "exp+2": 56777015.328407295, "exp+1": 41269782.930612564, "exp0": 28930664.062500004, "obs": 16835599.619135506}, "110.0": {"exp-2": 15481710.433959961, "exp-1": 20793693.14014912, "exp+2": 57576414.197683334, "exp+1": 41820742.189884186, "exp0": 29357910.15625, "obs": 17104921.56858927}, "190.0": {"exp-2": 14376640.319824219, "exp-1": 19387342.035770416, "exp+2": 54400183.26044083, "exp+1": 39344392.71688461, "exp0": 27465820.3125, "obs": 32009276.49231524}, "60.0": {"exp-2": 12738943.099975586, "exp-1": 17894903.19788456, "exp+2": 61251930.8924675, "exp+1": 42370207.607746124, "exp0": 27404785.156250004, "obs": 42369898.42572822}, "500.0": {"exp-2": 16868591.30859375, "exp-1": 22627830.505371097, "exp+2": 64795792.10281372, "exp+1": 46485230.326652534, "exp0": 32226562.500000004, "obs": 65795012.200580634}, "750.0": {"exp-2": 54183959.9609375, "exp-1": 73068737.98370361, "exp+2": 205326631.66522983, "exp+1": 148490950.46520233, "exp0": 103515625.00000001, "obs": 151885347.93750957}}