{"600.0": {"exp-2": 0.024993896484375, "exp-1": 0.034261226654052734, "exp0": 0.05078125, "exp+1": 0.07851227521896363, "exp+2": 0.12061643600463867, "obs": 0.04501873410762718}, "2600.0": {"exp-2": 0.0031122207641601563, "exp-1": 0.004291267693042756, "exp0": 0.0063232421875000005, "exp+1": 0.009751082956790925, "exp+2": 0.014896783232688905, "obs": 0.0047283512302052425}, "80.0": {"exp-2": 0.03531723022460938, "exp-1": 0.049929177761077886, "exp0": 0.07597656250000001, "exp+1": 0.12019205093383789, "exp+2": 0.18838560581207275, "obs": 0.06021174290365409}, "70.0": {"exp-2": 0.037768554687500004, "exp-1": 0.0537343978881836, "exp0": 0.08125, "exp+1": 0.1285344362258911, "exp+2": 0.20122969150543213, "obs": 0.07574442110181953}, "90.0": {"exp-2": 0.03613433837890625, "exp-1": 0.05108435153961182, "exp0": 0.07773437500000001, "exp+1": 0.12297284603118896, "exp+2": 0.19252264499664307, "obs": 0.06705570198028958}, "150.0": {"exp-2": 0.03757476806640625, "exp-1": 0.05203400850296021, "exp0": 0.07695312500000001, "exp+1": 0.1198965072631836, "exp+2": 0.1856415867805481, "obs": 0.07102061079102552}, "1400.0": {"exp-2": 0.012304687500000001, "exp-1": 0.01696624755859375, "exp0": 0.024999999999999998, "exp+1": 0.03840306997299195, "exp+2": 0.05853472948074341, "obs": 0.020631212233234598}, "300.0": {"exp-2": 0.028839111328125, "exp-1": 0.03953218460083008, "exp0": 0.05859375, "exp+1": 0.09094142317771912, "exp+2": 0.1403510808944702, "obs": 0.0494217927398103}, "900.0": {"exp-2": 0.019418334960937502, "exp-1": 0.026774859428405764, "exp0": 0.039453125000000006, "exp+1": 0.060840737819671635, "exp+2": 0.0930622160434723, "obs": 0.03357282449155659}, "400.0": {"exp-2": 0.028454589843750003, "exp-1": 0.03923444747924805, "exp0": 0.0578125, "exp+1": 0.0896136462688446, "exp+2": 0.13809311389923096, "obs": 0.048738815595360946}, "1600.0": {"exp-2": 0.009300613403320312, "exp-1": 0.01282409727573395, "exp0": 0.018896484375, "exp+1": 0.029102641344070437, "exp+2": 0.04438981115818024, "obs": 0.015493729412819067}, "190.0": {"exp-2": 0.034236907958984375, "exp-1": 0.04713138341903687, "exp0": 0.0701171875, "exp+1": 0.10938555002212524, "exp+2": 0.16981818675994875, "obs": 0.05719223193784704}, "450.0": {"exp-2": 0.02585906982421875, "exp-1": 0.03544719219207764, "exp0": 0.052539062500000004, "exp+1": 0.08143942952156068, "exp+2": 0.12549678087234498, "obs": 0.04634439525633885}, "250.0": {"exp-2": 0.032684326171875, "exp-1": 0.04480314254760742, "exp0": 0.06640625, "exp+1": 0.10319929122924805, "exp+2": 0.15950762033462526, "obs": 0.05737961754109582}, "170.0": {"exp-2": 0.03509521484375, "exp-1": 0.048312950134277347, "exp0": 0.07187500000000001, "exp+1": 0.11198455095291138, "exp+2": 0.17401559352874757, "obs": 0.06009857331007508}, "100.0": {"exp-2": 0.03395538330078125, "exp-1": 0.048003888130187994, "exp0": 0.073046875, "exp+1": 0.11584856510162354, "exp+2": 0.18164855241775513, "obs": 0.059435722956759696}, "1100.0": {"exp-2": 0.017255401611328127, "exp-1": 0.023792511224746706, "exp0": 0.03505859375, "exp+1": 0.05385430455207825, "exp+2": 0.08218884468078613, "obs": 0.03066061053625286}, "1300.0": {"exp-2": 0.013506317138671876, "exp-1": 0.018623107671737672, "exp0": 0.02744140625, "exp+1": 0.04226275086402893, "exp+2": 0.06454315781593323, "obs": 0.02283580009877929}, "2400.0": {"exp-2": 0.0021028518676757812, "exp-1": 0.00288255512714386, "exp0": 0.0042724609375, "exp+1": 0.0065885700285434725, "exp+2": 0.010090406984090805, "obs": 0.0032118771439320205}, "2200.0": {"exp-2": 0.0032564163208007816, "exp-1": 0.004463842511177063, "exp0": 0.0066162109375, "exp+1": 0.010202871263027193, "exp+2": 0.01560634970664978, "obs": 0.005158807747771832}, "350.0": {"exp-2": 0.02874298095703125, "exp-1": 0.03940041065216065, "exp0": 0.058398437500000004, "exp+1": 0.09028911590576172, "exp+2": 0.13904988765716553, "obs": 0.0532490154877375}, "650.0": {"exp-2": 0.0244171142578125, "exp-1": 0.03347058296203614, "exp0": 0.049609375000000004, "exp+1": 0.0765027105808258, "exp+2": 0.11745448112487794, "obs": 0.042391842887077535}, "800.0": {"exp-2": 0.02047576904296875, "exp-1": 0.028232896327972413, "exp0": 0.0416015625, "exp+1": 0.0643196702003479, "exp+2": 0.09856978654861451, "obs": 0.034583193440262026}, "60.0": {"exp-2": 0.03607177734375, "exp-1": 0.050763511657714845, "exp0": 0.07695312500000001, "exp+1": 0.12143020629882813, "exp+2": 0.19024925231933595, "obs": 0.06743208869497888}, "2800.0": {"exp-2": 0.019726562500000003, "exp-1": 0.02696990966796875, "exp0": 0.039453125000000006, "exp+1": 0.06036894917488098, "exp+2": 0.09156699776649475, "obs": 0.030540810208794483}, "1000.0": {"exp-2": 0.018457031250000002, "exp-1": 0.025449371337890627, "exp0": 0.037500000000000006, "exp+1": 0.05767934322357178, "exp+2": 0.08794689774513245, "obs": 0.032199809976329444}, "2000.0": {"exp-2": 0.00490264892578125, "exp-1": 0.0067599892616271974, "exp0": 0.009960937500000001, "exp+1": 0.015340927243232728, "exp+2": 0.023428477346897125, "obs": 0.007861759164996379}, "120.0": {"exp-2": 0.036730957031250004, "exp-1": 0.05250406265258789, "exp0": 0.07968750000000001, "exp+1": 0.12622143030166627, "exp+2": 0.19764806032180787, "obs": 0.0674287794951624}, "1800.0": {"exp-2": 0.0068492889404296875, "exp-1": 0.009444102644920349, "exp0": 0.013916015625, "exp+1": 0.021432177722454072, "exp+2": 0.03273096084594727, "obs": 0.011187105844652087}, "1200.0": {"exp-2": 0.015309143066406251, "exp-1": 0.021018993854522706, "exp0": 0.030859375, "exp+1": 0.047465291619300846, "exp+2": 0.07246353626251222, "obs": 0.027191694121756795}, "550.0": {"exp-2": 0.02643585205078125, "exp-1": 0.03645092248916626, "exp0": 0.0537109375, "exp+1": 0.08304182887077333, "exp+2": 0.1275750756263733, "obs": 0.047846112293238235}, "700.0": {"exp-2": 0.023648071289062503, "exp-1": 0.032607007026672366, "exp0": 0.048046875, "exp+1": 0.0740931749343872, "exp+2": 0.11375513076782227, "obs": 0.04099060510890934}, "500.0": {"exp-2": 0.025090026855468753, "exp-1": 0.03459523916244507, "exp0": 0.0509765625, "exp+1": 0.07881424427032471, "exp+2": 0.12122917175292969, "obs": 0.043942723054207836}}