{"350.0": {"exp-2": 0.0618408203125, "exp-1": 0.0827291488647461, "exp0": 0.11640625, "exp+1": 0.16675028800964356, "exp+2": 0.23110857009887698, "obs": 0.05780923097654748}, "80.0": {"exp-2": 0.002669954299926758, "exp-1": 0.003595906496047974, "exp0": 0.00513916015625, "exp+1": 0.007474440336227417, "exp+2": 0.010539775341749193, "obs": 0.002387422909551423}, "70.0": {"exp-2": 0.002682638168334961, "exp-1": 0.0036129891872406007, "exp0": 0.0051635742187500005, "exp+1": 0.007499656826257706, "exp+2": 0.01058342307806015, "obs": 0.002397994749473707}, "95.0": {"exp-2": 0.002688980102539063, "exp-1": 0.0036215305328369143, "exp0": 0.005175781250000001, "exp+1": 0.007527702301740647, "exp+2": 0.010606861859560014, "obs": 0.00241299526834035}, "90.0": {"exp-2": 0.002695322036743164, "exp-1": 0.0036300718784332275, "exp0": 0.00518798828125, "exp+1": 0.007545456290245056, "exp+2": 0.010631877928972244, "obs": 0.0024215405242868806}, "450.0": {"exp-2": 0.270263671875, "exp-1": 0.3629947662353516, "exp0": 0.5125000000000001, "exp+1": 0.7341488838195801, "exp+2": 1.0199130058288575, "obs": 0.30178336564514296}, "150.0": {"exp-2": 0.003688430786132813, "exp-1": 0.005014833807945252, "exp0": 0.0071533203125, "exp+1": 0.010432366281747818, "exp+2": 0.014743632078170777, "obs": 0.003379502283540512}, "75.0": {"exp-2": 0.0026636123657226562, "exp-1": 0.0036066100001335144, "exp0": 0.005126953125, "exp+1": 0.007446467876434326, "exp+2": 0.010484504699707032, "obs": 0.002407247309375575}, "130.0": {"exp-2": 0.003166007995605469, "exp-1": 0.004304541647434235, "exp0": 0.0061401367187500005, "exp+1": 0.008930269628763199, "exp+2": 0.012592653930187226, "obs": 0.0029045691268033197}, "120.0": {"exp-2": 0.003006076812744141, "exp-1": 0.004048597812652588, "exp0": 0.005786132812500001, "exp+1": 0.008392339199781417, "exp+2": 0.011834269762039185, "obs": 0.0026923106566874837}, "110.0": {"exp-2": 0.0028094768524169924, "exp-1": 0.00378381609916687, "exp0": 0.0054077148437500005, "exp+1": 0.007854250818490982, "exp+2": 0.01107543334364891, "obs": 0.0025248444332806835}, "400.0": {"exp-2": 0.1373779296875, "exp-1": 0.18378086090087892, "exp0": 0.25859375, "exp+1": 0.3704318284988404, "exp+2": 0.5138084411621094, "obs": 0.1326981775773537}, "300.0": {"exp-2": 0.026470184326171875, "exp-1": 0.03555245995521546, "exp0": 0.050195312500000006, "exp+1": 0.07190406322479248, "exp+2": 0.09981355667114258, "obs": 0.02325813344595481}, "190.0": {"exp-2": 0.005618953704833985, "exp-1": 0.007608229666948319, "exp0": 0.010815429687500001, "exp+1": 0.015708501636981963, "exp+2": 0.022100535035133363, "obs": 0.005356772627382006}, "100.0": {"exp-2": 0.002682638168334961, "exp-1": 0.0036129891872406007, "exp0": 0.0051635742187500005, "exp+1": 0.007509948313236237, "exp+2": 0.010597845166921617, "obs": 0.0023832174223249493}, "170.0": {"exp-2": 0.004490089416503906, "exp-1": 0.006047272682189942, "exp0": 0.008642578125, "exp+1": 0.012587067484855653, "exp+2": 0.01777571439743042, "obs": 0.004185945116365534}, "60.0": {"exp-2": 0.002974367141723633, "exp-1": 0.004027381166815758, "exp0": 0.005725097656250001, "exp+1": 0.008303812146186829, "exp+2": 0.0116827592253685, "obs": 0.002687907291769514}, "250.0": {"exp-2": 0.012523651123046875, "exp-1": 0.016888529062271118, "exp0": 0.02392578125, "exp+1": 0.03441639244556427, "exp+2": 0.04796962141990662, "obs": 0.01144957863269121}, "85.0": {"exp-2": 0.002612876892089844, "exp-1": 0.0035190343856811527, "exp0": 0.005029296875, "exp+1": 0.00731465369462967, "exp+2": 0.01031445935368538, "obs": 0.0023610292097574095}}