{"600.0": {"exp-2": 0.0033087730407714844, "exp-1": 0.004444057494401932, "exp0": 0.006274414062500001, "exp+1": 0.00898800790309906, "exp+2": 0.01243727430701256, "obs": 0.008323629204404553}, "80.0": {"exp-2": 0.0015462875366210938, "exp-1": 0.0020742177963256835, "exp0": 0.0029541015625000003, "exp+1": 0.004278808832168579, "exp+2": 0.006010719761252403, "obs": 0.004246680985822793}, "70.0": {"exp-2": 0.0013548374176025391, "exp-1": 0.001868109777569771, "exp0": 0.002752685546875, "exp+1": 0.004179087653756142, "exp+2": 0.0060087438672781, "obs": 0.004133841640893649}, "90.0": {"exp-2": 0.0017058849334716797, "exp-1": 0.002291196957230568, "exp0": 0.00323486328125, "exp+1": 0.004621000960469246, "exp+2": 0.006378258764743805, "obs": 0.0047046250298256355}, "150.0": {"exp-2": 0.001924753189086914, "exp-1": 0.002585161849856377, "exp0": 0.0036499023437500003, "exp+1": 0.005221158266067505, "exp+2": 0.007195685058832169, "obs": 0.005159685155711042}, "300.0": {"exp-2": 0.002433300018310547, "exp-1": 0.003268197923898697, "exp0": 0.0046142578125000005, "exp+1": 0.006591465324163437, "exp+2": 0.009083513915538789, "obs": 0.006101627711696148}, "400.0": {"exp-2": 0.0026199817657470703, "exp-1": 0.0035189326852560045, "exp0": 0.00496826171875, "exp+1": 0.0071070618927478795, "exp+2": 0.009818235039711, "obs": 0.006439947270307502}, "190.0": {"exp-2": 0.002092123031616211, "exp-1": 0.0028099585324525833, "exp0": 0.00396728515625, "exp+1": 0.005659358575940132, "exp+2": 0.00779213234782219, "obs": 0.005579515973522213}, "450.0": {"exp-2": 0.0026907920837402344, "exp-1": 0.0036140389740467074, "exp0": 0.0051025390625000005, "exp+1": 0.007309313863515854, "exp+2": 0.010106345266103746, "obs": 0.006719370412504592}, "100.0": {"exp-2": 0.0017316341400146484, "exp-1": 0.002325781062245369, "exp0": 0.0032836914062500003, "exp+1": 0.004697296395897866, "exp+2": 0.006478874385356903, "obs": 0.004716983172801263}, "170.0": {"exp-2": 0.0020084381103515625, "exp-1": 0.00269756019115448, "exp0": 0.0038085937500000003, "exp+1": 0.005440574511885643, "exp+2": 0.007491506636142731, "obs": 0.005352614691054008}, "250.0": {"exp-2": 0.0022788047790527344, "exp-1": 0.003060693293809891, "exp0": 0.0043212890625, "exp+1": 0.0061643473803997045, "exp+2": 0.008501055836677552, "obs": 0.005835547852142561}, "85.0": {"exp-2": 0.0016286373138427734, "exp-1": 0.002187444642186165, "exp0": 0.00308837890625, "exp+1": 0.004424058273434639, "exp+2": 0.006126699969172478, "obs": 0.004443734908531497}, "350.0": {"exp-2": 0.0025298595428466797, "exp-1": 0.003397888317704201, "exp0": 0.0047973632812500005, "exp+1": 0.006853031367063523, "exp+2": 0.009466632455587388, "obs": 0.006238579345278036}, "850.0": {"exp-2": 0.031208038330078125, "exp-1": 0.04191593527793885, "exp0": 0.0591796875, "exp+1": 0.08430227041244508, "exp+2": 0.11624938249588013, "obs": 0.07306248036253651}, "650.0": {"exp-2": 0.00391387939453125, "exp-1": 0.0052567839622497566, "exp0": 0.0074218750000000005, "exp+1": 0.010631729662418366, "exp+2": 0.014711795747280121, "obs": 0.010309505500535505}, "800.0": {"exp-2": 0.013286590576171875, "exp-1": 0.01784539818763733, "exp0": 0.0251953125, "exp+1": 0.03599149286746979, "exp+2": 0.049678212404251104, "obs": 0.03518112520754419}, "95.0": {"exp-2": 0.0017316341400146484, "exp-1": 0.002325781062245369, "exp0": 0.0032836914062500003, "exp+1": 0.004697296395897866, "exp+2": 0.006478874385356903, "obs": 0.004724585497432179}, "700.0": {"exp-2": 0.004905223846435547, "exp-1": 0.0065882720053195955, "exp0": 0.0093017578125, "exp+1": 0.013324634730815889, "exp+2": 0.018423528969287874, "obs": 0.013091642202546156}, "75.0": {"exp-2": 0.0014319419860839844, "exp-1": 0.0019523978233337404, "exp0": 0.00281982421875, "exp+1": 0.004179856926202774, "exp+2": 0.00595666766166687, "obs": 0.00416050736407933}, "130.0": {"exp-2": 0.001818537712097168, "exp-1": 0.0024425024166703224, "exp0": 0.003448486328125, "exp+1": 0.0049192883074283605, "exp+2": 0.00678403452038765, "obs": 0.004956406291884767}, "120.0": {"exp-2": 0.0017960071563720703, "exp-1": 0.002412241324782372, "exp0": 0.0034057617187500003, "exp+1": 0.004865129292011262, "exp+2": 0.006704498827457429, "obs": 0.004888700341920735}, "110.0": {"exp-2": 0.0017638206481933594, "exp-1": 0.0023690111935138706, "exp0": 0.0033447265625000003, "exp+1": 0.00477794073522091, "exp+2": 0.006589613109827042, "obs": 0.0047946282831017725}, "550.0": {"exp-2": 0.0029675960540771484, "exp-1": 0.003985818102955819, "exp0": 0.00562744140625, "exp+1": 0.008061228692531586, "exp+2": 0.01116367056965828, "obs": 0.007537449522173692}, "60.0": {"exp-2": 0.0012738943099975587, "exp-1": 0.001789490319788456, "exp0": 0.0027404785156250003, "exp+1": 0.004237020760774613, "exp+2": 0.00612519308924675, "obs": 0.0042369898425728214}, "500.0": {"exp-2": 0.0027937889099121094, "exp-1": 0.0037523753941059116, "exp0": 0.005297851562500001, "exp+1": 0.0075890965759754184, "exp+2": 0.010493191331624985, "obs": 0.007086355954028224}, "750.0": {"exp-2": 0.0072612762451171875, "exp-1": 0.00975271761417389, "exp0": 0.013769531250000001, "exp+1": 0.0196972131729126, "exp+2": 0.027189573645591738, "obs": 0.019139368605480205}}