{"350.0": {"exp-2": 0.142718505859375, "exp-1": 0.192460298538208, "exp0": 0.27265625, "exp+1": 0.3911195755004883, "exp+2": 0.5450998306274414, "obs": 0.13091369738185196}, "80.0": {"exp-2": 0.013367080688476564, "exp-1": 0.018025919795036316, "exp0": 0.025537109375000002, "exp+1": 0.03688691854476929, "exp+2": 0.05161743760108948, "obs": 0.014945831567546464}, "70.0": {"exp-2": 0.014491653442382813, "exp-1": 0.01954244077205658, "exp0": 0.027685546875, "exp+1": 0.03993503749370575, "exp+2": 0.05596798658370972, "obs": 0.017516833879550414}, "95.0": {"exp-2": 0.011808013916015625, "exp-1": 0.01592347025871277, "exp0": 0.02255859375, "exp+1": 0.032629579305648804, "exp+2": 0.045801383256912236, "obs": 0.012578065475101383}, "90.0": {"exp-2": 0.01226806640625, "exp-1": 0.016543865203857422, "exp0": 0.0234375, "exp+1": 0.03385415077209473, "exp+2": 0.04741009473800659, "obs": 0.013493085851680907}, "150.0": {"exp-2": 0.007534217834472657, "exp-1": 0.010201554000377656, "exp0": 0.014501953125000001, "exp+1": 0.02109176963567734, "exp+2": 0.029741692543029788, "obs": 0.007170670052331962}, "75.0": {"exp-2": 0.013878250122070314, "exp-1": 0.01871524751186371, "exp0": 0.026513671875000002, "exp+1": 0.038244664669036865, "exp+2": 0.05347481369972229, "obs": 0.01602471302126047}, "130.0": {"exp-2": 0.008751869201660156, "exp-1": 0.01185029000043869, "exp0": 0.016845703125, "exp+1": 0.024433392286300662, "exp+2": 0.03442803919315338, "obs": 0.008449514710676965}, "120.0": {"exp-2": 0.009665107727050782, "exp-1": 0.013086842000484468, "exp0": 0.018603515625, "exp+1": 0.02694588601589203, "exp+2": 0.03791049122810364, "obs": 0.009237503745003574}, "110.0": {"exp-2": 0.010657882690429688, "exp-1": 0.014372482895851135, "exp0": 0.020361328125, "exp+1": 0.029491955041885377, "exp+2": 0.041397595405578615, "obs": 0.010510127570671926}, "300.0": {"exp-2": 0.031079101562500003, "exp-1": 0.041690063476562504, "exp0": 0.059375000000000004, "exp+1": 0.08611885905265809, "exp+2": 0.1211619257926941, "obs": 0.02779720082852822}, "190.0": {"exp-2": 0.0073566436767578125, "exp-1": 0.009907960891723633, "exp0": 0.01416015625, "exp+1": 0.020651100575923922, "exp+2": 0.02922911047935486, "obs": 0.007190456653496072}, "100.0": {"exp-2": 0.011654663085937501, "exp-1": 0.01571667194366455, "exp0": 0.022265625, "exp+1": 0.032161444425582886, "exp+2": 0.04507430195808411, "obs": 0.011722617923718051}, "170.0": {"exp-2": 0.007077598571777344, "exp-1": 0.009583278000354767, "exp0": 0.013623046875000001, "exp+1": 0.019840630888938907, "exp+2": 0.028019347786903383, "obs": 0.006864892650415182}, "60.0": {"exp-2": 0.015181732177734376, "exp-1": 0.02047303318977356, "exp0": 0.029003906250000003, "exp+1": 0.04183670580387116, "exp+2": 0.05858785510063172, "obs": 0.019328553408748773}, "250.0": {"exp-2": 0.011669158935546875, "exp-1": 0.015716075897216797, "exp0": 0.0224609375, "exp+1": 0.03271215260028839, "exp+2": 0.04626628160476685, "obs": 0.010946280089331701}, "85.0": {"exp-2": 0.012830352783203125, "exp-1": 0.017302125692367554, "exp0": 0.02451171875, "exp+1": 0.03540579974651337, "exp+2": 0.04962126910686493, "obs": 0.013996994985562018}}