{"350.0": {"exp-2": 0.015948486328125, "exp-1": 0.02150702476501465, "exp0": 0.030468750000000003, "exp+1": 0.04401039779186249, "exp+2": 0.06158562302589417, "obs": 0.02062583094792782}, "80.0": {"exp-2": 0.006709098815917969, "exp-1": 0.009047426283359528, "exp0": 0.0128173828125, "exp+1": 0.01846289783716202, "exp+2": 0.02575458884239197, "obs": 0.008473017421442899}, "70.0": {"exp-2": 0.007386398315429688, "exp-1": 0.009960785508155823, "exp0": 0.014111328125000001, "exp+1": 0.020298647880554202, "exp+2": 0.028314366936683655, "obs": 0.008875245876125681}, "95.0": {"exp-2": 0.005955123901367188, "exp-1": 0.008030667901039124, "exp0": 0.011376953125, "exp+1": 0.016410695016384126, "exp+2": 0.02291039675474167, "obs": 0.008902270732714343}, "90.0": {"exp-2": 0.006287384033203125, "exp-1": 0.008478730916976929, "exp0": 0.01201171875, "exp+1": 0.017326313257217407, "exp+2": 0.024169909954071048, "obs": 0.008804855483090153}, "450.0": {"exp-2": 0.229888916015625, "exp-1": 0.3087668895721436, "exp0": 0.43593750000000003, "exp+1": 0.6244741916656494, "exp+2": 0.8668632507324219, "obs": 0.24117335490808314}, "150.0": {"exp-2": 0.004063796997070312, "exp-1": 0.0054512500762939455, "exp0": 0.007763671875, "exp+1": 0.011229660362005234, "exp+2": 0.01577490270137787, "obs": 0.008167210120260353}, "75.0": {"exp-2": 0.0070552825927734375, "exp-1": 0.009476044774055482, "exp0": 0.013378906250000001, "exp+1": 0.019271749258041385, "exp+2": 0.026841068267822267, "obs": 0.008800078500049886}, "130.0": {"exp-2": 0.004523849487304688, "exp-1": 0.006100550293922424, "exp0": 0.008642578125, "exp+1": 0.012500943243503572, "exp+2": 0.017506913840770723, "obs": 0.008763151333118106}, "120.0": {"exp-2": 0.0049072265625, "exp-1": 0.006617546081542969, "exp0": 0.009375000000000001, "exp+1": 0.013522975146770477, "exp+2": 0.018908220529556277, "obs": 0.008867636242065758}, "110.0": {"exp-2": 0.005265045166015625, "exp-1": 0.0071000754833221436, "exp0": 0.01005859375, "exp+1": 0.01450902670621872, "exp+2": 0.020286945998668673, "obs": 0.008901996175825409}, "400.0": {"exp-2": 0.0605621337890625, "exp-1": 0.08134181499481202, "exp0": 0.11484375000000001, "exp+1": 0.1651986837387085, "exp+2": 0.2302541732788086, "obs": 0.05083488454426212}, "300.0": {"exp-2": 0.006504631042480469, "exp-1": 0.008725428581237793, "exp0": 0.012426757812500001, "exp+1": 0.01799928694963455, "exp+2": 0.025265437364578248, "obs": 0.013153731304389724}, "190.0": {"exp-2": 0.0038051605224609375, "exp-1": 0.005152300000190735, "exp0": 0.00732421875, "exp+1": 0.010623214393854143, "exp+2": 0.01491183489561081, "obs": 0.008370139305845958}, "100.0": {"exp-2": 0.005661201477050782, "exp-1": 0.007634304463863373, "exp0": 0.010815429687500001, "exp+1": 0.015600724518299103, "exp+2": 0.02179650813341141, "obs": 0.00870080324363178}, "170.0": {"exp-2": 0.0038593292236328127, "exp-1": 0.0051769733428955085, "exp0": 0.007373046875000001, "exp+1": 0.010694035887718202, "exp+2": 0.014999794960021974, "obs": 0.00830120508238928}, "60.0": {"exp-2": 0.008574485778808594, "exp-1": 0.011516506969928742, "exp0": 0.016259765625000002, "exp+1": 0.023324286937713625, "exp+2": 0.03248134255409241, "obs": 0.009611160824413462}, "250.0": {"exp-2": 0.004363250732421875, "exp-1": 0.005907970666885376, "exp0": 0.0083984375, "exp+1": 0.012198023498058319, "exp+2": 0.017148561775684357, "obs": 0.009681114403249159}, "85.0": {"exp-2": 0.006376838684082032, "exp-1": 0.008599363267421722, "exp0": 0.012182617187500001, "exp+1": 0.017548544704914095, "exp+2": 0.024498164653778076, "obs": 0.00871585470760408}}