{"600.0": {"exp-2": 0.005290603637695313, "exp-1": 0.007134541869163513, "exp0": 0.010107421875000001, "exp+1": 0.014478737115859987, "exp+2": 0.02005101889371872, "obs": 0.011434129386969714}, "80.0": {"exp-2": 0.004557609558105469, "exp-1": 0.006121386587619782, "exp0": 0.008642578125, "exp+1": 0.012294244766235352, "exp+2": 0.016951882839202882, "obs": 0.005315234388752742}, "70.0": {"exp-2": 0.0036420822143554688, "exp-1": 0.004911459982395172, "exp0": 0.0069580078125, "exp+1": 0.009967246651649476, "exp+2": 0.013792309165000917, "obs": 0.005594938942287808}, "90.0": {"exp-2": 0.004930973052978516, "exp-1": 0.006622856110334397, "exp0": 0.009350585937500001, "exp+1": 0.013375943899154663, "exp+2": 0.018478545546531677, "obs": 0.004365390280584864}, "150.0": {"exp-2": 0.004557609558105469, "exp-1": 0.006121386587619782, "exp0": 0.008642578125, "exp+1": 0.012345919758081437, "exp+2": 0.01706800013780594, "obs": 0.0039611888734868905}, "300.0": {"exp-2": 0.005870819091796875, "exp-1": 0.00792628526687622, "exp0": 0.0111328125, "exp+1": 0.015881030261516573, "exp+2": 0.021883472800254822, "obs": 0.005415590836888074}, "400.0": {"exp-2": 0.008145141601562501, "exp-1": 0.010896372795104982, "exp0": 0.015332031250000001, "exp+1": 0.021810129284858704, "exp+2": 0.02992744743824005, "obs": 0.008464199279427808}, "190.0": {"exp-2": 0.004905223846435547, "exp-1": 0.0065882720053195955, "exp0": 0.0093017578125, "exp+1": 0.013287557661533356, "exp+2": 0.01836979538202286, "obs": 0.004301111157538845}, "450.0": {"exp-2": 0.009130859375, "exp-1": 0.012277984619140626, "exp0": 0.0171875, "exp+1": 0.024415317177772525, "exp+2": 0.03344460129737854, "obs": 0.0044076475707455955}, "100.0": {"exp-2": 0.004621982574462891, "exp-1": 0.006207846850156785, "exp0": 0.0087646484375, "exp+1": 0.01252029687166214, "exp+2": 0.01733667403459549, "obs": 0.004023983165054265}, "170.0": {"exp-2": 0.004750728607177734, "exp-1": 0.00638076737523079, "exp0": 0.0090087890625, "exp+1": 0.01285109668970108, "exp+2": 0.017765146493911744, "obs": 0.004093404942619799}, "250.0": {"exp-2": 0.005278587341308594, "exp-1": 0.00708974152803421, "exp0": 0.010009765625, "exp+1": 0.014259046316146851, "exp+2": 0.019694241881370547, "obs": 0.004723247555466033}, "85.0": {"exp-2": 0.0048507690429687505, "exp-1": 0.006489241123199463, "exp0": 0.009130859375, "exp+1": 0.013043428957462312, "exp+2": 0.018003538250923157, "obs": 0.004939941163051823}, "350.0": {"exp-2": 0.006809234619140625, "exp-1": 0.00910922884941101, "exp0": 0.0128173828125, "exp+1": 0.01828408092260361, "exp+2": 0.025134167075157168, "obs": 0.006554845677032281}, "850.0": {"exp-2": 0.016290283203125002, "exp-1": 0.021792745590209963, "exp0": 0.030664062500000002, "exp+1": 0.0435591459274292, "exp+2": 0.05971673130989075, "obs": 0.04428866841441023}, "650.0": {"exp-2": 0.004574966430664062, "exp-1": 0.006169483065605164, "exp0": 0.008740234375000001, "exp+1": 0.012555098533630371, "exp+2": 0.01738908737897873, "obs": 0.011443342341198483}, "800.0": {"exp-2": 0.008728981018066406, "exp-1": 0.011724011600017549, "exp0": 0.016552734375, "exp+1": 0.023645573854446413, "exp+2": 0.03253317773342133, "obs": 0.02456245934063512}, "95.0": {"exp-2": 0.004763603210449219, "exp-1": 0.00639805942773819, "exp0": 0.009033203125, "exp+1": 0.012903927266597748, "exp+2": 0.017853657901287078, "obs": 0.004202164767543824}, "700.0": {"exp-2": 0.004408836364746094, "exp-1": 0.005945451557636261, "exp0": 0.0084228515625, "exp+1": 0.012082400918006898, "exp+2": 0.016733427345752717, "obs": 0.012091395160538318}, "75.0": {"exp-2": 0.004029750823974609, "exp-1": 0.005412412434816361, "exp0": 0.0076416015625, "exp+1": 0.010916024446487427, "exp+2": 0.01505510061979294, "obs": 0.005727258269371835}, "130.0": {"exp-2": 0.004441738128662109, "exp-1": 0.005996860563755035, "exp0": 0.0084228515625, "exp+1": 0.01204882711172104, "exp+2": 0.01665841192007065, "obs": 0.003911980701841798}, "120.0": {"exp-2": 0.004441738128662109, "exp-1": 0.005996860563755035, "exp0": 0.0084228515625, "exp+1": 0.01204882711172104, "exp+2": 0.01665841192007065, "obs": 0.0038350786518585056}, "110.0": {"exp-2": 0.004518985748291016, "exp-1": 0.00606951043009758, "exp0": 0.0085693359375, "exp+1": 0.012241292744874954, "exp+2": 0.01695034056901932, "obs": 0.00392099852882023}, "550.0": {"exp-2": 0.006566047668457031, "exp-1": 0.008818946778774261, "exp0": 0.012451171875, "exp+1": 0.01778649389743805, "exp+2": 0.02455027997493744, "obs": 0.012706896632430487}, "60.0": {"exp-2": 0.004106998443603516, "exp-1": 0.005516164749860764, "exp0": 0.0077880859375000005, "exp+1": 0.011125277727842331, "exp+2": 0.015368221700191498, "obs": 0.005100333763110504}, "500.0": {"exp-2": 0.008404541015625001, "exp-1": 0.011243391036987306, "exp0": 0.0158203125, "exp+1": 0.022504720091819766, "exp+2": 0.030905553698539735, "obs": 0.013357595092024771}, "750.0": {"exp-2": 0.00541839599609375, "exp-1": 0.007306873798370361, "exp0": 0.010351562500000001, "exp+1": 0.014849095046520234, "exp+2": 0.020532663166522983, "obs": 0.015188534793750956}}