{"80.0": {"exp-2": 0.014300537109375, "exp-1": 0.019338226318359377, "exp0": 0.027734375000000002, "exp+1": 0.04044767320156098, "exp+2": 0.057334464788436894, "obs": 0.015837547872808066}, "70.0": {"exp-2": 0.014904785156250001, "exp-1": 0.02015533447265625, "exp0": 0.02890625, "exp+1": 0.04238717257976532, "exp+2": 0.0603432834148407, "obs": 0.01811527818954789}, "95.0": {"exp-2": 0.014627838134765626, "exp-1": 0.019888180494308474, "exp0": 0.028369140625, "exp+1": 0.041429951786994934, "exp+2": 0.0587252676486969, "obs": 0.016352879270389597}, "90.0": {"exp-2": 0.0141998291015625, "exp-1": 0.019306254386901856, "exp0": 0.027539062500000003, "exp+1": 0.04021771550178528, "exp+2": 0.056964468955993657, "obs": 0.01620190129305113}, "150.0": {"exp-2": 0.07483520507812501, "exp-1": 0.10091757774353027, "exp0": 0.14296875, "exp+1": 0.20622537136077881, "exp+2": 0.28835036754608157, "obs": 0.09413588991143625}, "75.0": {"exp-2": 0.014703369140625, "exp-1": 0.019882965087890628, "exp0": 0.028515625000000003, "exp+1": 0.041700705885887146, "exp+2": 0.05928318500518799, "obs": 0.01866116861848288}, "130.0": {"exp-2": 0.038951110839843754, "exp-1": 0.052249717712402347, "exp0": 0.0744140625, "exp+1": 0.10778354406356812, "exp+2": 0.15164196491241455, "obs": 0.0500412611487796}, "120.0": {"exp-2": 0.02653465270996094, "exp-1": 0.03573698997497559, "exp0": 0.051074218750000004, "exp+1": 0.07438458800315857, "exp+2": 0.10520550012588502, "obs": 0.03428698477117419}, "110.0": {"exp-2": 0.020242309570312502, "exp-1": 0.027521681785583497, "exp0": 0.0392578125, "exp+1": 0.05733163356781006, "exp+2": 0.08132584691047669, "obs": 0.023999621030527187}, "190.0": {"exp-2": 0.204345703125, "exp-1": 0.27445945739746097, "exp0": 0.3875, "exp+1": 0.558177375793457, "exp+2": 0.7810450553894044, "obs": 0.2893306355856675}, "100.0": {"exp-2": 0.01586151123046875, "exp-1": 0.021565496921539307, "exp0": 0.03076171875, "exp+1": 0.044985350966453556, "exp+2": 0.06390533447265626, "obs": 0.018030942816714888}, "170.0": {"exp-2": 0.1371917724609375, "exp-1": 0.18426411151885988, "exp0": 0.26015625000000003, "exp+1": 0.373188591003418, "exp+2": 0.5201095581054688, "obs": 0.17446360214126444}, "60.0": {"exp-2": 0.015509033203125001, "exp-1": 0.020972442626953126, "exp0": 0.030078125, "exp+1": 0.044165515899658205, "exp+2": 0.06305686831474304, "obs": 0.019946000283001725}, "85.0": {"exp-2": 0.013570404052734375, "exp-1": 0.018350887298583984, "exp0": 0.026318359375000003, "exp+1": 0.038539922237396246, "exp+2": 0.05478761196136475, "obs": 0.015026343335213447}}