{"110.0": {"exp-2": 0.104718017578125, "exp-1": 0.14179129600524903, "exp0": 0.2015625, "exp+1": 0.2931542873382568, "exp+2": 0.41431632041931155, "obs": 0.12615421186523731}, "80.0": {"exp-2": 0.061135864257812506, "exp-1": 0.08244359493255615, "exp0": 0.11679687500000001, "exp+1": 0.16917207241058352, "exp+2": 0.23746533393859864, "obs": 0.08073331165720732}, "70.0": {"exp-2": 0.05643310546875, "exp-1": 0.07610177993774414, "exp0": 0.1078125, "exp+1": 0.1563737154006958, "exp+2": 0.22000455856323242, "obs": 0.07148877416496413}, "95.0": {"exp-2": 0.08929443359375, "exp-1": 0.12090730667114258, "exp0": 0.171875, "exp+1": 0.2496339797973633, "exp+2": 0.35201377868652345, "obs": 0.09534506630605799}, "90.0": {"exp-2": 0.07691497802734376, "exp-1": 0.10414515733718872, "exp0": 0.148046875, "exp+1": 0.2147305727005005, "exp+2": 0.3025675773620606, "obs": 0.08601672453546487}, "100.0": {"exp-2": 0.09587402343750001, "exp-1": 0.13035144805908203, "exp0": 0.1859375, "exp+1": 0.2711703062057495, "exp+2": 0.3843831539154053, "obs": 0.10291928761860468}, "60.0": {"exp-2": 0.059091186523437506, "exp-1": 0.07926597595214845, "exp0": 0.11289062500000001, "exp+1": 0.16351414918899537, "exp+2": 0.23022558689117434, "obs": 0.07757718754376748}, "75.0": {"exp-2": 0.0586822509765625, "exp-1": 0.07913482189178467, "exp0": 0.11210937500000001, "exp+1": 0.16238256692886355, "exp+2": 0.22828364372253418, "obs": 0.0685106829216074}, "85.0": {"exp-2": 0.06798553466796875, "exp-1": 0.09205442667007446, "exp0": 0.130859375, "exp+1": 0.18980143070220948, "exp+2": 0.26703450679779056, "obs": 0.08397992820767598}}