{"80.0": {"exp-2": 0.01409912109375, "exp-1": 0.019169330596923828, "exp+2": 0.05664486885070801, "exp+1": 0.039932483434677125, "exp0": 0.02734375, "obs": 0.024852505044607454}, "70.0": {"exp-2": 0.011984252929687501, "exp-1": 0.016293931007385253, "exp+2": 0.048319855332374574, "exp+1": 0.03398893177509308, "exp0": 0.0232421875, "obs": 0.02062214832771635}, "95.0": {"exp-2": 0.014627838134765626, "exp-1": 0.019888180494308474, "exp+2": 0.0587252676486969, "exp+1": 0.041429951786994934, "exp0": 0.028369140625, "obs": 0.016352879270389597}, "90.0": {"exp-2": 0.0141998291015625, "exp-1": 0.019306254386901856, "exp+2": 0.056964468955993657, "exp+1": 0.04021771550178528, "exp0": 0.027539062500000003, "obs": 0.01620190129305113}, "150.0": {"exp-2": 0.03302154541015625, "exp-1": 0.04453057050704956, "exp+2": 0.12863656282424926, "exp+1": 0.09150128364562989, "exp0": 0.06308593750000001, "obs": 0.033268759132649796}, "75.0": {"exp-2": 0.012991333007812501, "exp-1": 0.017567825317382813, "exp+2": 0.052163404226303105, "exp+1": 0.0367447167634964, "exp0": 0.0251953125, "obs": 0.02451320420244654}, "130.0": {"exp-2": 0.02130889892578125, "exp-1": 0.028852880001068115, "exp+2": 0.08382478952407837, "exp+1": 0.059490001201629644, "exp0": 0.041015625, "obs": 0.020846185112841958}, "120.0": {"exp-2": 0.018924331665039065, "exp-1": 0.025624105334281923, "exp+2": 0.07487402558326721, "exp+1": 0.05297797918319702, "exp0": 0.036425781250000004, "obs": 0.019618433513128763}, "110.0": {"exp-2": 0.020294189453125, "exp-1": 0.027478933334350586, "exp+2": 0.08011230826377869, "exp+1": 0.056812846660614015, "exp0": 0.0390625, "obs": 0.02062505959616376}, "190.0": {"exp-2": 0.040995788574218754, "exp-1": 0.05499248504638672, "exp+2": 0.15938191413879396, "exp+1": 0.11328538656234742, "exp0": 0.0783203125, "obs": 0.04370358135045302}, "100.0": {"exp-2": 0.01586151123046875, "exp-1": 0.021565496921539307, "exp+2": 0.06390533447265626, "exp+1": 0.044985350966453556, "exp0": 0.03076171875, "obs": 0.018030942816714888}, "170.0": {"exp-2": 0.03516845703125, "exp-1": 0.04742574691772461, "exp+2": 0.13649765253067017, "exp+1": 0.09731637835502625, "exp0": 0.0671875, "obs": 0.04005889025524336}, "60.0": {"exp-2": 0.011455535888671875, "exp-1": 0.015491008758544922, "exp+2": 0.04635189473628998, "exp+1": 0.03253369927406311, "exp0": 0.022216796875, "obs": 0.01978000721072947}, "85.0": {"exp-2": 0.013570404052734375, "exp-1": 0.018350887298583984, "exp+2": 0.05478761196136475, "exp+1": 0.038539922237396246, "exp0": 0.026318359375000003, "obs": 0.015026343335213447}}