{"600.0": {"exp-2": 0.015451812744140626, "exp-1": 0.021156406402587893, "exp0": 0.030664062500000002, "exp+1": 0.046125939488410955, "exp+2": 0.06830499768257141, "obs": 0.01966751801559003}, "80.0": {"exp-2": 0.009814453125, "exp-1": 0.013494873046875001, "exp0": 0.01962890625, "exp+1": 0.029682961106300355, "exp+2": 0.044334170222282414, "obs": 0.010117573046723366}, "70.0": {"exp-2": 0.010949134826660156, "exp-1": 0.014907188713550568, "exp0": 0.021728515625, "exp+1": 0.03281469643115997, "exp+2": 0.04885934591293335, "obs": 0.010952425002603149}, "90.0": {"exp-2": 0.0087890625, "exp-1": 0.0120849609375, "exp0": 0.017578125, "exp+1": 0.026616787910461428, "exp+2": 0.039824995398521426, "obs": 0.00936802242991283}, "150.0": {"exp-2": 0.03129730224609375, "exp-1": 0.042851829528808595, "exp0": 0.062109375, "exp+1": 0.09330327510833741, "exp+2": 0.1382847309112549, "obs": 0.03624996203652633}, "1400.0": {"exp-2": 0.0043701171875000005, "exp-1": 0.0060089111328125, "exp0": 0.008740234375000001, "exp+1": 0.013234458863735199, "exp+2": 0.019723689556121828, "obs": 0.006370496308432109}, "300.0": {"exp-2": 0.0224151611328125, "exp-1": 0.03039247989654541, "exp0": 0.044140625, "exp+1": 0.06630987524986268, "exp+2": 0.09814518094062806, "obs": 0.025912057139491736}, "900.0": {"exp-2": 0.009940338134765626, "exp-1": 0.013610172271728517, "exp0": 0.019726562500000003, "exp+1": 0.029673373699188235, "exp+2": 0.04397103190422058, "obs": 0.012103807176729861}, "400.0": {"exp-2": 0.02053070068359375, "exp-1": 0.02783735990524292, "exp0": 0.040429687500000006, "exp+1": 0.06073514819145203, "exp+2": 0.08989403247833253, "obs": 0.02452444768362337}, "1600.0": {"exp-2": 0.0027680397033691406, "exp-1": 0.003768671303987503, "exp0": 0.0054931640625, "exp+1": 0.008273954689502717, "exp+2": 0.012291354686021806, "obs": 0.0034911017077449884}, "190.0": {"exp-2": 0.03044891357421875, "exp-1": 0.041285359859466554, "exp0": 0.059960937500000006, "exp+1": 0.09007580280303956, "exp+2": 0.13350129127502441, "obs": 0.037247212948288436}, "450.0": {"exp-2": 0.0192413330078125, "exp-1": 0.02608911991119385, "exp0": 0.037890625000000004, "exp+1": 0.05692086815834046, "exp+2": 0.08436238169670106, "obs": 0.02295578825367031}, "250.0": {"exp-2": 0.025241851806640625, "exp-1": 0.03422515988349915, "exp0": 0.049707031250000006, "exp+1": 0.07467195987701417, "exp+2": 0.11052190065383911, "obs": 0.029066401505814157}, "170.0": {"exp-2": 0.03104400634765625, "exp-1": 0.042092239856719976, "exp0": 0.0611328125, "exp+1": 0.09195808172225953, "exp+2": 0.1361749291419983, "obs": 0.036442060404511735}, "100.0": {"exp-2": 0.00791015625, "exp-1": 0.010814666748046875, "exp0": 0.0158203125, "exp+1": 0.024018169939517976, "exp+2": 0.03592156767845154, "obs": 0.00832902870047819}, "1100.0": {"exp-2": 0.007196903228759766, "exp-1": 0.009826222062110902, "exp0": 0.0142822265625, "exp+1": 0.02151228189468384, "exp+2": 0.03187190592288971, "obs": 0.009001928809752112}, "1300.0": {"exp-2": 0.005043983459472656, "exp-1": 0.006867356598377228, "exp0": 0.010009765625, "exp+1": 0.015076982975006105, "exp+2": 0.02235257625579834, "obs": 0.006355753124562907}, "2200.0": {"exp-2": 0.0028172492980957035, "exp-1": 0.003846504166722298, "exp0": 0.0055908203125000005, "exp+1": 0.008421047031879425, "exp+2": 0.012501488626003266, "obs": 0.0034438651964754127}, "350.0": {"exp-2": 0.021671295166015625, "exp-1": 0.02938387989997864, "exp0": 0.04267578125, "exp+1": 0.06410932540893555, "exp+2": 0.09475990533828736, "obs": 0.025533311357984645}, "650.0": {"exp-2": 0.015472412109375, "exp-1": 0.020978879928588868, "exp0": 0.030468750000000003, "exp+1": 0.04577141702175141, "exp+2": 0.06774622797966004, "obs": 0.018400241166830224}, "800.0": {"exp-2": 0.011753082275390625, "exp-1": 0.015935879945755006, "exp0": 0.023144531250000003, "exp+1": 0.034768673777580264, "exp+2": 0.0514610767364502, "obs": 0.01389641012687716}, "60.0": {"exp-2": 0.011908721923828126, "exp-1": 0.016213661432266237, "exp0": 0.023632812500000003, "exp+1": 0.035737693309783936, "exp+2": 0.05330690145492554, "obs": 0.012916662410752875}, "1000.0": {"exp-2": 0.008611679077148438, "exp-1": 0.011790990829467773, "exp0": 0.01708984375, "exp+1": 0.025707131624221804, "exp+2": 0.03809371590614319, "obs": 0.010570662399618558}, "2000.0": {"exp-2": 0.001334810256958008, "exp-1": 0.0018173370510339737, "exp0": 0.0026489257812500003, "exp+1": 0.00400044359266758, "exp+2": 0.005948529392480851, "obs": 0.0017146544070111081}, "120.0": {"exp-2": 0.006005859375, "exp-1": 0.008211135864257812, "exp0": 0.01201171875, "exp+1": 0.018283897638320924, "exp+2": 0.027511775493621826, "obs": 0.0066079791652424785}, "1800.0": {"exp-2": 0.0017592430114746094, "exp-1": 0.002395199984312058, "exp0": 0.0034912109375, "exp+1": 0.005265515670180321, "exp+2": 0.00781548097729683, "obs": 0.0022343282778987264}, "1200.0": {"exp-2": 0.006175804138183594, "exp-1": 0.008455824851989747, "exp0": 0.012255859375, "exp+1": 0.01846011132001877, "exp+2": 0.02734991014003754, "obs": 0.00778401674054975}, "550.0": {"exp-2": 0.017704010009765625, "exp-1": 0.024004679918289185, "exp0": 0.03486328125, "exp+1": 0.05237306356430054, "exp+2": 0.07751731872558594, "obs": 0.02107695491888901}, "700.0": {"exp-2": 0.0142822265625, "exp-1": 0.019365119934082034, "exp0": 0.028125, "exp+1": 0.042250537872314455, "exp+2": 0.06261950135231019, "obs": 0.015806193347987267}, "500.0": {"exp-2": 0.018207550048828125, "exp-1": 0.024929523468017578, "exp0": 0.0361328125, "exp+1": 0.05420819520950318, "exp+2": 0.08019310235977173, "obs": 0.020650241183138907}}