{"600.0": {"exp-2": 0.001952028274536133, "exp-1": 0.0026323702186346054, "exp0": 0.003729248046875, "exp+1": 0.005356959253549576, "exp+2": 0.007437034696340561, "obs": 0.002701138197228411}, "80.0": {"exp-2": 0.001262044906616211, "exp-1": 0.0017088461667299271, "exp0": 0.0024291992187500003, "exp+1": 0.0035378903150558474, "exp+2": 0.004996281489729882, "obs": 0.0017693757842233374}, "70.0": {"exp-2": 0.0013920545578002931, "exp-1": 0.0018848830834031105, "exp0": 0.0026794433593750003, "exp+1": 0.0038863260298967364, "exp+2": 0.005471892282366753, "obs": 0.0019580026873107087}, "90.0": {"exp-2": 0.0013952255249023438, "exp-1": 0.0018891766667366028, "exp0": 0.002685546875, "exp+1": 0.0039058830589056015, "exp+2": 0.00550772100687027, "obs": 0.0019727723027857594}, "150.0": {"exp-2": 0.006108856201171875, "exp-1": 0.008172279596328736, "exp0": 0.0114990234375, "exp+1": 0.016357597708702088, "exp+2": 0.0224455863237381, "obs": 0.007712385606726902}, "300.0": {"exp-2": 0.00432586669921875, "exp-1": 0.0058101296424865724, "exp0": 0.008203125, "exp+1": 0.011701811850070954, "exp+2": 0.016098800301551818, "obs": 0.005536942040277786}, "900.0": {"exp-2": 0.0015590667724609377, "exp-1": 0.0021024495363235474, "exp0": 0.0029785156250000003, "exp+1": 0.004296362027525902, "exp+2": 0.0059794034808874135, "obs": 0.0021350893829024456}, "400.0": {"exp-2": 0.0033409595489501953, "exp-1": 0.004487287625670433, "exp0": 0.006335449218750001, "exp+1": 0.009062813222408294, "exp+2": 0.012510095536708832, "obs": 0.004442322951493828}, "190.0": {"exp-2": 0.0055511474609375, "exp-1": 0.0074261903762817385, "exp0": 0.010449218750000001, "exp+1": 0.014885054528713228, "exp+2": 0.020443412661552432, "obs": 0.007143798565692163}, "450.0": {"exp-2": 0.0029418468475341797, "exp-1": 0.003951233997941017, "exp0": 0.00557861328125, "exp+1": 0.007980164885520936, "exp+2": 0.011033179610967636, "obs": 0.003870123383513958}, "250.0": {"exp-2": 0.0049156188964843755, "exp-1": 0.0065759956836700445, "exp0": 0.0092529296875, "exp+1": 0.013180923461914063, "exp+2": 0.01813213974237442, "obs": 0.006445579507606123}, "170.0": {"exp-2": 0.00583648681640625, "exp-1": 0.007807910442352295, "exp0": 0.010986328125, "exp+1": 0.01562827676534653, "exp+2": 0.02146218866109848, "obs": 0.007531631371451352}, "100.0": {"exp-2": 0.0017313480377197266, "exp-1": 0.0023442965000867845, "exp0": 0.00333251953125, "exp+1": 0.004826920479536057, "exp+2": 0.006775505095720291, "obs": 0.0025358553333933147}, "1100.0": {"exp-2": 0.003328990936279297, "exp-1": 0.004489246755838394, "exp0": 0.00635986328125, "exp+1": 0.009123088419437408, "exp+2": 0.012634950876235963, "obs": 0.00480643420941511}, "350.0": {"exp-2": 0.0038623809814453125, "exp-1": 0.005187615752220154, "exp0": 0.00732421875, "exp+1": 0.01047724112868309, "exp+2": 0.014439502358436586, "obs": 0.004990645707379666}, "650.0": {"exp-2": 0.0017763137817382814, "exp-1": 0.002395413815975189, "exp0": 0.0033935546875, "exp+1": 0.004874745383858681, "exp+2": 0.006767579913139344, "obs": 0.0024332957363501135}, "800.0": {"exp-2": 0.0013961315155029297, "exp-1": 0.001882726326584816, "exp0": 0.002667236328125, "exp+1": 0.0038473568856716156, "exp+2": 0.005354506894946098, "obs": 0.0019161174256340453}, "60.0": {"exp-2": 0.0016203641891479493, "exp-1": 0.0021940210834145548, "exp0": 0.003118896484375, "exp+1": 0.0045175027102231985, "exp+2": 0.006336328387260438, "obs": 0.002284104604423373}, "1000.0": {"exp-2": 0.0020287036895751953, "exp-1": 0.0027357693761587143, "exp0": 0.003875732421875, "exp+1": 0.005575104430317879, "exp+2": 0.007740264385938645, "obs": 0.002891803580147633}, "120.0": {"exp-2": 0.004300117492675781, "exp-1": 0.005775545537471772, "exp0": 0.008154296875, "exp+1": 0.011632157862186432, "exp+2": 0.016054394841194152, "obs": 0.006319756166344219}, "1200.0": {"exp-2": 0.00936431884765625, "exp-1": 0.012527358531951905, "exp0": 0.017626953125, "exp+1": 0.025144964456558228, "exp+2": 0.03456546366214752, "obs": 0.014138416715193015}, "550.0": {"exp-2": 0.0022235870361328124, "exp-1": 0.003014391660690308, "exp0": 0.0042480468750000005, "exp+1": 0.006102199107408524, "exp+2": 0.008451680094003678, "obs": 0.0030551317551882635}, "700.0": {"exp-2": 0.0015782356262207032, "exp-1": 0.0021282993257045746, "exp0": 0.0030151367187500003, "exp+1": 0.004331158474087715, "exp+2": 0.0060223698616027836, "obs": 0.0021641511550621307}, "500.0": {"exp-2": 0.00255584716796875, "exp-1": 0.003446638584136963, "exp0": 0.0048828125, "exp+1": 0.007004290074110031, "exp+2": 0.009692878276109696, "obs": 0.003707161570405777}}