{"600.0": {"exp-2": 384654998.7792969, "exp-1": 518719106.9126129, "exp+2": 1465497612.953186, "exp+1": 1055610328.9127351, "exp0": 734863281.25, "obs": 684674963.0476211}, "80.0": {"exp-2": 164213180.5419922, "exp-1": 221446529.03079987, "exp+2": 627025738.3584976, "exp+1": 451276153.32603455, "exp0": 313720703.12500006, "obs": 368510247.92294765}, "70.0": {"exp-2": 152840614.31884766, "exp-1": 206950716.67432785, "exp+2": 596385486.4239693, "exp+1": 425526462.49532706, "exp0": 294189453.125, "obs": 336076284.720647}, "90.0": {"exp-2": 145683288.57421875, "exp-1": 196458399.29580688, "exp+2": 552566647.529602, "exp+1": 398689843.7142373, "exp0": 278320312.5, "obs": 241633018.04581088}, "150.0": {"exp-2": 149836540.22216797, "exp-1": 202059186.99502945, "exp+2": 575106739.9978638, "exp+1": 412908568.97830963, "exp0": 286254882.81250006, "obs": 208986854.65506908}, "300.0": {"exp-2": 169324874.8779297, "exp-1": 228339806.1990738, "exp+2": 647468939.4235612, "exp+1": 465968400.2399445, "exp0": 323486328.125, "obs": 383370764.6866426}, "350.0": {"exp-2": 188493728.6376953, "exp-1": 254189595.580101, "exp+2": 719174221.1580276, "exp+1": 518001802.2656441, "exp0": 360107421.875, "obs": 590974755.1699576}, "550.0": {"exp-2": 319480895.99609375, "exp-1": 430829823.01712036, "exp+2": 1218146979.8088076, "exp+1": 876752734.1842653, "exp0": 610351562.5, "obs": 559938040.8796325}, "450.0": {"exp-2": 214052200.3173828, "exp-1": 288655981.42147064, "exp+2": 816158503.2939912, "exp+1": 587424337.8639222, "exp0": 408935546.875, "obs": 678188357.404216}, "100.0": {"exp-2": 144085884.09423828, "exp-1": 194304250.18072128, "exp+2": 546867847.4426271, "exp+1": 394866876.3041496, "exp0": 275268554.6875, "obs": 240977752.31141424}, "170.0": {"exp-2": 155267715.45410156, "exp-1": 209383293.9863205, "exp+2": 592868700.6235123, "exp+1": 426693037.1522904, "exp0": 296630859.375, "obs": 351668169.69513184}, "250.0": {"exp-2": 157823562.6220703, "exp-1": 212829932.57045746, "exp+2": 603961125.0162125, "exp+1": 434317700.5648613, "exp0": 301513671.87500006, "obs": 356232227.6912043}, "85.0": {"exp-2": 149989128.11279297, "exp-1": 201452411.711216, "exp+2": 565502494.5735933, "exp+1": 407999902.96363837, "exp0": 284423828.125, "obs": 253933305.6803551}, "400.0": {"exp-2": 196161270.14160156, "exp-1": 264529511.3325119, "exp+2": 747355073.6904144, "exp+1": 538326166.5701866, "exp0": 374755859.37500006, "obs": 626465413.6545167}, "650.0": {"exp-2": 544395446.7773438, "exp-1": 734134018.4211731, "exp+2": 2064583003.5209658, "exp+1": 1491913795.4711914, "exp0": 1040039062.5, "obs": 967403678.5838016}, "95.0": {"exp-2": 145044326.78222656, "exp-1": 195596739.64977264, "exp+2": 550143122.6730348, "exp+1": 396941229.7010422, "exp0": 277099609.37500006, "obs": 241613768.34251785}, "700.0": {"exp-2": 1022243499.7558594, "exp-1": 1372988969.0876007, "exp+2": 3822141587.734223, "exp+1": 2769112884.998322, "exp0": 1938476562.5000002, "obs": 1779898332.1480098}, "75.0": {"exp-2": 158782005.3100586, "exp-1": 214122422.03950882, "exp+2": 608103014.5287514, "exp+1": 436955243.3490753, "exp0": 303344726.5625, "obs": 367196827.224474}, "130.0": {"exp-2": 148239135.7421875, "exp-1": 199905037.87994385, "exp+2": 568533465.2662277, "exp+1": 408506579.6971321, "exp0": 283203125.00000006, "obs": 206637601.24863276}, "120.0": {"exp-2": 146641731.26220703, "exp-1": 197750888.76485825, "exp+2": 563718937.3373985, "exp+1": 404104553.16305166, "exp0": 280151367.18750006, "obs": 206698798.59806988}, "110.0": {"exp-2": 146961212.15820312, "exp-1": 198181718.58787537, "exp+2": 563709363.3413315, "exp+1": 404425375.1635552, "exp0": 280761718.75, "obs": 205224412.19165787}, "190.0": {"exp-2": 155267715.45410156, "exp-1": 209383293.9863205, "exp+2": 592868700.6235123, "exp+1": 426693037.1522904, "exp0": 296630859.375, "obs": 350519216.7343283}, "60.0": {"exp-2": 138673782.3486328, "exp-1": 188294649.1241455, "exp+2": 580311529.3383598, "exp+1": 403860956.4304352, "exp0": 270996093.75000006, "obs": 302019903.0263201}, "500.0": {"exp-2": 254306793.21289065, "exp-1": 342940539.1216278, "exp+2": 969645008.4447861, "exp+1": 697895213.9616014, "exp0": 485839843.75000006, "obs": 799830051.0942891}, "750.0": {"exp-2": 1758728027.3437502, "exp-1": 2352783679.962158, "exp+2": 6432182788.848877, "exp+1": 4696125090.122223, "exp0": 3310546875.0, "obs": 3025814514.924234}}