{"600.0": {"exp-2": 0.0077041625976562505, "exp-1": 0.010474669933319093, "exp0": 0.01494140625, "exp+1": 0.021909585595130922, "exp+2": 0.03137474060058594, "obs": 0.00931809951694835}, "80.0": {"exp-2": 0.004422569274902344, "exp-1": 0.006005072593688965, "exp0": 0.008642578125, "exp+1": 0.01281099021434784, "exp+2": 0.018611960113048553, "obs": 0.005150982297474651}, "70.0": {"exp-2": 0.005172157287597657, "exp-1": 0.007022881507873536, "exp0": 0.010107421875000001, "exp+1": 0.014942055940628052, "exp+2": 0.021666477620601657, "obs": 0.005796339812051916}, "90.0": {"exp-2": 0.0037131309509277344, "exp-1": 0.005062711238861085, "exp0": 0.007312011718750001, "exp+1": 0.010867822915315628, "exp+2": 0.015851958096027376, "obs": 0.0042587218044039254}, "150.0": {"exp-2": 0.017199325561523437, "exp-1": 0.02316412925720215, "exp0": 0.03310546875, "exp+1": 0.04834682643413544, "exp+2": 0.06893842220306397, "obs": 0.021627756348947758}, "1400.0": {"exp-2": 0.0013079643249511719, "exp-1": 0.0017833590507507326, "exp0": 0.00257568359375, "exp+1": 0.0038128312677145008, "exp+2": 0.005516385659575462, "obs": 0.0015870595264529136}, "300.0": {"exp-2": 0.012739562988281251, "exp-1": 0.01732085943222046, "exp0": 0.02470703125, "exp+1": 0.03613109290599823, "exp+2": 0.05163182020187378, "obs": 0.014769652449071531}, "900.0": {"exp-2": 0.004022789001464844, "exp-1": 0.005462241172790528, "exp0": 0.007861328125, "exp+1": 0.011574595421552659, "exp+2": 0.016656133532524108, "obs": 0.004896953340021312}, "400.0": {"exp-2": 0.010951995849609375, "exp-1": 0.014890462160110474, "exp0": 0.021240234375, "exp+1": 0.031103646755218508, "exp+2": 0.04444524943828583, "obs": 0.012892152338915205}, "1600.0": {"exp-2": 0.0017865180969238283, "exp-1": 0.0024257779121398928, "exp0": 0.0034912109375, "exp+1": 0.0051681030541658405, "exp+2": 0.007466544955968857, "obs": 0.002169503792459318}, "190.0": {"exp-2": 0.016133880615234377, "exp-1": 0.021729183197021485, "exp0": 0.0310546875, "exp+1": 0.045289999246597296, "exp+2": 0.06463036537170411, "obs": 0.019408461369956356}, "450.0": {"exp-2": 0.0101715087890625, "exp-1": 0.013754653930664064, "exp0": 0.019726562500000003, "exp+1": 0.028847751021385194, "exp+2": 0.04122382700443268, "obs": 0.011952258827605448}, "250.0": {"exp-2": 0.014383506774902344, "exp-1": 0.019371771812438966, "exp0": 0.027685546875, "exp+1": 0.040486815571784976, "exp+2": 0.05772818326950074, "obs": 0.016694799047042568}, "170.0": {"exp-2": 0.016996383666992188, "exp-1": 0.022890806198120117, "exp0": 0.03271484375, "exp+1": 0.047776362299919134, "exp+2": 0.06817548274993897, "obs": 0.020418552305758373}, "100.0": {"exp-2": 0.003173828125, "exp-1": 0.004327392578125, "exp0": 0.0062499999999999995, "exp+1": 0.009314270317554474, "exp+2": 0.01362036019563675, "obs": 0.0037016858799266217}, "1100.0": {"exp-2": 0.0026735305786132813, "exp-1": 0.003630185127258301, "exp0": 0.0052246093750000005, "exp+1": 0.0077028460800647736, "exp+2": 0.011091710627079011, "obs": 0.0032803529494422725}, "1300.0": {"exp-2": 0.001639723777770996, "exp-1": 0.0022264569997787476, "exp0": 0.003204345703125, "exp+1": 0.004743451252579689, "exp+2": 0.006853035837411881, "obs": 0.002003426331289904}, "350.0": {"exp-2": 0.0120849609375, "exp-1": 0.01643085479736328, "exp0": 0.0234375, "exp+1": 0.03427455425262451, "exp+2": 0.04901493191719056, "obs": 0.014349136178106448}, "650.0": {"exp-2": 0.007049560546875, "exp-1": 0.009532928466796875, "exp0": 0.013671875, "exp+1": 0.020047986507415773, "exp+2": 0.028750956058502197, "obs": 0.008288762751354853}, "800.0": {"exp-2": 0.0050983428955078125, "exp-1": 0.006894350051879883, "exp0": 0.0098876953125, "exp+1": 0.014538402855396272, "exp+2": 0.020877240598201754, "obs": 0.0061722696039660805}, "60.0": {"exp-2": 0.0059417724609375005, "exp-1": 0.008034896850585938, "exp0": 0.0115234375, "exp+1": 0.017035387456417084, "exp+2": 0.024578791856765748, "obs": 0.006725848374963212}, "1000.0": {"exp-2": 0.003335666656494141, "exp-1": 0.004529249668121338, "exp0": 0.006518554687500001, "exp+1": 0.009597568213939667, "exp+2": 0.013801155984401703, "obs": 0.004133885781591422}, "120.0": {"exp-2": 0.002132415771484375, "exp-1": 0.0028913199901580812, "exp0": 0.00419921875, "exp+1": 0.0062998712062835695, "exp+2": 0.009269197285175324, "obs": 0.00248828381455391}, "1800.0": {"exp-2": 0.006520843505859375, "exp-1": 0.00881795883178711, "exp0": 0.012646484375000001, "exp+1": 0.01859479695558548, "exp+2": 0.02666345536708832, "obs": 0.008721392357253428}, "1200.0": {"exp-2": 0.002105093002319336, "exp-1": 0.0028583467006683353, "exp0": 0.00411376953125, "exp+1": 0.006081489101052284, "exp+2": 0.008786974847316742, "obs": 0.0026295530156148533}, "550.0": {"exp-2": 0.008736419677734376, "exp-1": 0.011878138780593872, "exp0": 0.016943359375, "exp+1": 0.0248451828956604, "exp+2": 0.035526442527771, "obs": 0.010163511019851178}, "700.0": {"exp-2": 0.006269073486328125, "exp-1": 0.00847749710083008, "exp0": 0.012158203125000001, "exp+1": 0.017828388512134554, "exp+2": 0.025605204701423648, "obs": 0.007427710119147406}, "500.0": {"exp-2": 0.009239959716796876, "exp-1": 0.012494945526123048, "exp0": 0.017919921875, "exp+1": 0.026277181506156922, "exp+2": 0.03762918412685395, "obs": 0.011024780523918584}}