{"600.0": {"exp-2": 0.003999900817871094, "exp-1": 0.005365538597106934, "exp0": 0.0076416015625, "exp+1": 0.011083553731441499, "exp+2": 0.015652962028980255, "obs": 0.0051927931220545655}, "80.0": {"exp-2": 0.0057697296142578125, "exp-1": 0.00808447301387787, "exp0": 0.011816406250000001, "exp+1": 0.01744493991136551, "exp+2": 0.024810864031314852, "obs": 0.008185827784395595}, "70.0": {"exp-2": 0.006008148193359375, "exp-1": 0.00841854214668274, "exp0": 0.012304687500000001, "exp+1": 0.018141281604766846, "exp+2": 0.025821354985237122, "obs": 0.008821078715953237}, "90.0": {"exp-2": 0.00567626953125, "exp-1": 0.00798940658569336, "exp0": 0.01171875, "exp+1": 0.01732412278652191, "exp+2": 0.02463774681091309, "obs": 0.008489365056030974}, "150.0": {"exp-2": 0.0059295654296875, "exp-1": 0.007954025268554687, "exp0": 0.011328125000000001, "exp+1": 0.016430571675300598, "exp+2": 0.023169203102588656, "obs": 0.00786203914647114}, "1400.0": {"exp-2": 0.002264070510864258, "exp-1": 0.0030492603778839115, "exp0": 0.00435791015625, "exp+1": 0.006338183581829072, "exp+2": 0.008971287310123444, "obs": 0.0027781659947220486}, "300.0": {"exp-2": 0.0051116943359375, "exp-1": 0.0068569183349609375, "exp0": 0.009765625, "exp+1": 0.014164285361766817, "exp+2": 0.019973450899124147, "obs": 0.0068394989845532205}, "900.0": {"exp-2": 0.0026319026947021484, "exp-1": 0.0035636741667985916, "exp0": 0.00506591796875, "exp+1": 0.007357819378376007, "exp+2": 0.010406839102506638, "obs": 0.003392548201435955}, "400.0": {"exp-2": 0.004689979553222656, "exp-1": 0.006291222572326661, "exp0": 0.0089599609375, "exp+1": 0.012995731830596925, "exp+2": 0.018339556455612183, "obs": 0.00631009236131682}, "1600.0": {"exp-2": 0.010555648803710939, "exp-1": 0.014159536361694336, "exp0": 0.020166015625000002, "exp+1": 0.029249250888824463, "exp+2": 0.041276496648788456, "obs": 0.012555626730328904}, "190.0": {"exp-2": 0.005593585968017578, "exp-1": 0.007573881000280381, "exp0": 0.0107666015625, "exp+1": 0.015594667196273804, "exp+2": 0.02200729697942734, "obs": 0.007587085079225187}, "450.0": {"exp-2": 0.004553508758544922, "exp-1": 0.006165585666894913, "exp0": 0.0087646484375, "exp+1": 0.012712445855140687, "exp+2": 0.01791255921125412, "obs": 0.006147280754917849}, "250.0": {"exp-2": 0.005328941345214844, "exp-1": 0.007148337364196778, "exp0": 0.0101806640625, "exp+1": 0.014745977520942689, "exp+2": 0.020793789625167848, "obs": 0.007149397287814986}, "170.0": {"exp-2": 0.005737876892089844, "exp-1": 0.007696890830993653, "exp0": 0.010961914062500001, "exp+1": 0.015877562761306762, "exp+2": 0.022389474511146548, "obs": 0.007741321933971672}, "100.0": {"exp-2": 0.0056289672851562505, "exp-1": 0.007922828197479248, "exp0": 0.01162109375, "exp+1": 0.01717975437641144, "exp+2": 0.024432432651519776, "obs": 0.00802813940809756}, "1100.0": {"exp-2": 0.0017884254455566408, "exp-1": 0.0024215810000896456, "exp0": 0.0034423828125000003, "exp+1": 0.005006632208824158, "exp+2": 0.007086563110351563, "obs": 0.002293184217118362}, "1300.0": {"exp-2": 0.001667928695678711, "exp-1": 0.0022463738918304444, "exp0": 0.00321044921875, "exp+1": 0.004669305682182312, "exp+2": 0.006614073365926743, "obs": 0.0020853153653000727}, "350.0": {"exp-2": 0.004945564270019531, "exp-1": 0.006669245660305023, "exp0": 0.0094482421875, "exp+1": 0.013722777366638184, "exp+2": 0.019350758194923403, "obs": 0.006627080200112458}, "650.0": {"exp-2": 0.003811502456665039, "exp-1": 0.00516088716685772, "exp0": 0.00733642578125, "exp+1": 0.010655540972948074, "exp+2": 0.015048348903656007, "obs": 0.0051515855277917515}, "800.0": {"exp-2": 0.0031309127807617188, "exp-1": 0.004199862480163574, "exp0": 0.0059814453125, "exp+1": 0.008687546104192733, "exp+2": 0.012278314679861069, "obs": 0.003984700678299088}, "60.0": {"exp-2": 0.006008148193359375, "exp-1": 0.00841854214668274, "exp0": 0.012304687500000001, "exp+1": 0.018141281604766846, "exp+2": 0.02578370571136475, "obs": 0.008629441913149757}, "1000.0": {"exp-2": 0.0021943092346191407, "exp-1": 0.0029711596667766575, "exp0": 0.0042236328125, "exp+1": 0.006142888963222504, "exp+2": 0.008694860339164735, "obs": 0.0028127173755370205}, "120.0": {"exp-2": 0.005333328247070313, "exp-1": 0.007506713271141052, "exp0": 0.0110107421875, "exp+1": 0.016277456283569337, "exp+2": 0.023132415115833284, "obs": 0.007742157221960178}, "1200.0": {"exp-2": 0.0015188932418823244, "exp-1": 0.002056626416742802, "exp0": 0.0029235839843750003, "exp+1": 0.004252086579799652, "exp+2": 0.00602308176457882, "obs": 0.0019405138847506831}, "550.0": {"exp-2": 0.004185676574707031, "exp-1": 0.005667530000209808, "exp0": 0.008056640625, "exp+1": 0.011701592803001405, "exp+2": 0.016538138687610626, "obs": 0.005081943327433994}, "700.0": {"exp-2": 0.0036165237426757815, "exp-1": 0.0048512697219848635, "exp0": 0.0069091796875, "exp+1": 0.010035002231597902, "exp+2": 0.014171989262104036, "obs": 0.00473496311761569}, "500.0": {"exp-2": 0.004388618469238281, "exp-1": 0.005942319333553315, "exp0": 0.008447265625, "exp+1": 0.01223527118563652, "exp+2": 0.01725336015224457, "obs": 0.005947610068963077}}