{"600.0": {"exp-2": 0.030521392822265625, "exp-1": 0.041904956102371216, "exp0": 0.0615234375, "exp+1": 0.09487540721893312, "exp+2": 0.1449416756629944, "obs": 0.03835701623807586}, "2600.0": {"exp-2": 0.002259063720703125, "exp-1": 0.0031148970127105715, "exp0": 0.00458984375, "exp+1": 0.007059711217880249, "exp+2": 0.010764333605766297, "obs": 0.002894173011005666}, "80.0": {"exp-2": 0.019322204589843753, "exp-1": 0.02664231061935425, "exp0": 0.0392578125, "exp+1": 0.06069602966308594, "exp+2": 0.09324578046798707, "obs": 0.02086514517497838}, "70.0": {"exp-2": 0.02239837646484375, "exp-1": 0.030883872509002687, "exp0": 0.0455078125, "exp+1": 0.07017768025398255, "exp+2": 0.10774368047714233, "obs": 0.024938981848557005}, "90.0": {"exp-2": 0.017543792724609375, "exp-1": 0.024119451642036438, "exp0": 0.03564453125, "exp+1": 0.05496749877929688, "exp+2": 0.08449584841728211, "obs": 0.0199013120475086}, "150.0": {"exp-2": 0.060369873046875, "exp-1": 0.0832406520843506, "exp0": 0.12265625000000001, "exp+1": 0.18939288854599, "exp+2": 0.2908676624298096, "obs": 0.0785998805276011}, "1400.0": {"exp-2": 0.010900497436523438, "exp-1": 0.014966055750846863, "exp0": 0.02197265625, "exp+1": 0.033796489238739014, "exp+2": 0.05146689414978028, "obs": 0.01377168763007112}, "300.0": {"exp-2": 0.041720581054687504, "exp-1": 0.05752618312835694, "exp0": 0.08476562500000001, "exp+1": 0.1303793430328369, "exp+2": 0.1997917890548706, "obs": 0.04894577888843931}, "900.0": {"exp-2": 0.020832061767578125, "exp-1": 0.028601795434951782, "exp0": 0.0419921875, "exp+1": 0.06458884477615356, "exp+2": 0.09848219752311707, "obs": 0.026964485554766694}, "400.0": {"exp-2": 0.03856353759765625, "exp-1": 0.05294657945632935, "exp0": 0.07773437500000001, "exp+1": 0.1198743224143982, "exp+2": 0.18336020708084108, "obs": 0.04697409686285048}, "1600.0": {"exp-2": 0.00794525146484375, "exp-1": 0.010908591747283937, "exp0": 0.016015625000000002, "exp+1": 0.02460196614265442, "exp+2": 0.03745174109935761, "obs": 0.010310892697648764}, "190.0": {"exp-2": 0.053448486328125, "exp-1": 0.0736971378326416, "exp0": 0.10859375, "exp+1": 0.1678954839706421, "exp+2": 0.25825064182281493, "obs": 0.0652824301285697}, "450.0": {"exp-2": 0.036044311523437504, "exp-1": 0.049487757682800296, "exp0": 0.07265625, "exp+1": 0.11175372600555421, "exp+2": 0.1706103563308716, "obs": 0.04478457694124912}, "250.0": {"exp-2": 0.047969055175781254, "exp-1": 0.06614185571670532, "exp0": 0.09746093750000001, "exp+1": 0.15029468536376955, "exp+2": 0.23074717521667482, "obs": 0.0567631859003998}, "170.0": {"exp-2": 0.0563323974609375, "exp-1": 0.07767360210418701, "exp0": 0.114453125, "exp+1": 0.17672648429870608, "exp+2": 0.27141470909118653, "obs": 0.06301003333759869}, "100.0": {"exp-2": 0.01624603271484375, "exp-1": 0.02240074872970581, "exp0": 0.033007812500000004, "exp+1": 0.05103297829627991, "exp+2": 0.07820795178413392, "obs": 0.01771705092924288}, "1100.0": {"exp-2": 0.016617202758789064, "exp-1": 0.02281492054462433, "exp0": 0.033496093750000004, "exp+1": 0.05152087211608887, "exp+2": 0.07836011052131653, "obs": 0.02054710815317062}, "1300.0": {"exp-2": 0.012305450439453126, "exp-1": 0.01689501404762268, "exp0": 0.024804687500000002, "exp+1": 0.038053607940673834, "exp+2": 0.05798144936561585, "obs": 0.01572187076114851}, "2400.0": {"exp-2": 0.0017303466796875, "exp-1": 0.002385878562927246, "exp0": 0.003515625, "exp+1": 0.005407438427209855, "exp+2": 0.008255340158939362, "obs": 0.0022500489515652955}, "2200.0": {"exp-2": 0.002691650390625, "exp-1": 0.003711366653442383, "exp0": 0.0054687500000000005, "exp+1": 0.008411570638418199, "exp+2": 0.012841640412807465, "obs": 0.003445336443158368}, "350.0": {"exp-2": 0.039125061035156256, "exp-1": 0.05394736528396607, "exp0": 0.0794921875, "exp+1": 0.12226818799972534, "exp+2": 0.1866624116897583, "obs": 0.0499366494647507}, "650.0": {"exp-2": 0.0298004150390625, "exp-1": 0.04109013080596924, "exp0": 0.060546875, "exp+1": 0.09300743341445923, "exp+2": 0.14194173812866212, "obs": 0.03859789034841985}, "800.0": {"exp-2": 0.02344818115234375, "exp-1": 0.03219364881515503, "exp0": 0.047265625000000006, "exp+1": 0.07279420495033265, "exp+2": 0.11103187799453736, "obs": 0.02903192762066142}, "60.0": {"exp-2": 0.02297515869140625, "exp-1": 0.03167916536331177, "exp0": 0.046679687500000004, "exp+1": 0.07217090129852295, "exp+2": 0.110874342918396, "obs": 0.025126087391514403}, "2800.0": {"exp-2": 0.008526611328125001, "exp-1": 0.011706781387329102, "exp0": 0.0171875, "exp+1": 0.026402109861373903, "exp+2": 0.04019211232662201, "obs": 0.010852423158754558}, "1000.0": {"exp-2": 0.018700408935546874, "exp-1": 0.025675100088119508, "exp0": 0.0376953125, "exp+1": 0.05782949924468994, "exp+2": 0.08811354041099549, "obs": 0.02300501488010223}, "2000.0": {"exp-2": 0.004093742370605469, "exp-1": 0.005620585381984711, "exp0": 0.008251953125000001, "exp+1": 0.012692458927631378, "exp+2": 0.01932867765426636, "obs": 0.005301132313175229}, "120.0": {"exp-2": 0.01336212158203125, "exp-1": 0.01831657886505127, "exp0": 0.0271484375, "exp+1": 0.04197387099266053, "exp+2": 0.0644834041595459, "obs": 0.015803912173352898}, "1800.0": {"exp-2": 0.0058158874511718755, "exp-1": 0.008019202947616577, "exp0": 0.011816406250000001, "exp+1": 0.01812790036201477, "exp+2": 0.027621084451675416, "obs": 0.007469417779095028}, "1200.0": {"exp-2": 0.014194869995117189, "exp-1": 0.019489130377769472, "exp0": 0.02861328125, "exp+1": 0.043896484375, "exp+2": 0.06679990887641907, "obs": 0.018628089501018352}, "550.0": {"exp-2": 0.034397125244140625, "exp-1": 0.04722622036933899, "exp0": 0.0693359375, "exp+1": 0.10664670467376709, "exp+2": 0.16261014938354493, "obs": 0.043266942852798834}, "700.0": {"exp-2": 0.028777313232421876, "exp-1": 0.03951038718223572, "exp0": 0.058007812500000006, "exp+1": 0.0892227292060852, "exp+2": 0.13621311187744142, "obs": 0.036192926876724034}, "500.0": {"exp-2": 0.03362197875976563, "exp-1": 0.04616196751594544, "exp0": 0.0677734375, "exp+1": 0.10424339771270752, "exp+2": 0.15914460420608523, "obs": 0.041211989768382}}