{"80.0": {"exp-2": 0.11309051513671875, "exp-1": 0.15189338922500611, "exp0": 0.21445312500000002, "exp+1": 0.30891065597534184, "exp+2": 0.4315814018249512, "obs": 0.13301866974048807}, "70.0": {"exp-2": 0.1248321533203125, "exp-1": 0.1676637411117554, "exp0": 0.23671875, "exp+1": 0.3405115604400635, "exp+2": 0.4753463745117188, "obs": 0.1477015714668514}, "95.0": {"exp-2": 0.0913970947265625, "exp-1": 0.12325179576873779, "exp0": 0.174609375, "exp+1": 0.2522134304046631, "exp+2": 0.35347740650177006, "obs": 0.08929956123512446}, "90.0": {"exp-2": 0.0965087890625, "exp-1": 0.13014507293701172, "exp0": 0.184375, "exp+1": 0.26595184803009037, "exp+2": 0.37301287651062015, "obs": 0.08968893994734722}, "150.0": {"exp-2": 0.04332809448242188, "exp-1": 0.058667522668838505, "exp0": 0.0833984375, "exp+1": 0.12129542827606202, "exp+2": 0.17142739295959475, "obs": 0.04516495639387318}, "75.0": {"exp-2": 0.11879577636718751, "exp-1": 0.16019976139068604, "exp0": 0.226953125, "exp+1": 0.32736871242523197, "exp+2": 0.45809078216552734, "obs": 0.18187445952262468}, "130.0": {"exp-2": 0.05183258056640625, "exp-1": 0.06952915191650391, "exp0": 0.0990234375, "exp+1": 0.1434285044670105, "exp+2": 0.20194528102874756, "obs": 0.0538343690753377}, "120.0": {"exp-2": 0.055615234375, "exp-1": 0.074603271484375, "exp0": 0.10625000000000001, "exp+1": 0.15368391275405885, "exp+2": 0.21638429164886475, "obs": 0.057416360307412165}, "110.0": {"exp-2": 0.0664520263671875, "exp-1": 0.08961260318756104, "exp0": 0.126953125, "exp+1": 0.18362966775894166, "exp+2": 0.25775671005249023, "obs": 0.0626305130530497}, "100.0": {"exp-2": 0.08260498046875, "exp-1": 0.11139535903930664, "exp0": 0.15781250000000002, "exp+1": 0.22763676643371583, "exp+2": 0.3192737340927124, "obs": 0.07548652452931132}, "60.0": {"exp-2": 0.1314239501953125, "exp-1": 0.17651727199554446, "exp0": 0.24921875000000002, "exp+1": 0.358492374420166, "exp+2": 0.4996672153472901, "obs": 0.15359484617245345}, "85.0": {"exp-2": 0.1083526611328125, "exp-1": 0.14552991390228273, "exp0": 0.20546875, "exp+1": 0.29596905708312987, "exp+2": 0.4135005950927735, "obs": 0.10453057681717533}}