{"350.0": {"exp-2": 0.141943359375, "exp-1": 0.18988838195800783, "exp0": 0.2671875, "exp+1": 0.3822097539901734, "exp+2": 0.5305346965789796, "obs": 0.16825896689540626}, "80.0": {"exp-2": 0.0032851219177246096, "exp-1": 0.004424417018890381, "exp0": 0.0063232421875000005, "exp+1": 0.00918397754430771, "exp+2": 0.012960316240787507, "obs": 0.002880363506622757}, "70.0": {"exp-2": 0.0033485412597656253, "exp-1": 0.004534024000167847, "exp0": 0.0064453125000000005, "exp+1": 0.009361273795366288, "exp+2": 0.013200516998767854, "obs": 0.0029421883955526623}, "95.0": {"exp-2": 0.0033421993255615236, "exp-1": 0.004525436833500862, "exp0": 0.00643310546875, "exp+1": 0.009343544393777848, "exp+2": 0.013165536522865296, "obs": 0.0029236628251640205}, "90.0": {"exp-2": 0.003411960601806641, "exp-1": 0.0046198956668376924, "exp0": 0.0065673828125000005, "exp+1": 0.009538570791482926, "exp+2": 0.013430151343345643, "obs": 0.0029776921624718156}, "150.0": {"exp-2": 0.005010223388671875, "exp-1": 0.006811958551406861, "exp0": 0.009716796875000001, "exp+1": 0.014170926809310914, "exp+2": 0.0200722336769104, "obs": 0.004326499287336321}, "75.0": {"exp-2": 0.003253412246704102, "exp-1": 0.0044052165001630785, "exp0": 0.0062622070312500005, "exp+1": 0.009107809513807297, "exp+2": 0.012852706015110016, "obs": 0.0028520376283608984}, "130.0": {"exp-2": 0.004154205322265625, "exp-1": 0.005648106336593628, "exp0": 0.008056640625, "exp+1": 0.011717649549245835, "exp+2": 0.01656060814857483, "obs": 0.003611241775242013}, "120.0": {"exp-2": 0.0038558959960937503, "exp-1": 0.0052209973335266115, "exp0": 0.0074218750000000005, "exp+1": 0.010794440656900406, "exp+2": 0.015232835710048676, "obs": 0.0033218313675646596}, "110.0": {"exp-2": 0.003545141220092774, "exp-1": 0.004774612188339234, "exp0": 0.006823730468750001, "exp+1": 0.009924494475126267, "exp+2": 0.013984046876430511, "obs": 0.0030754445213867607}, "400.0": {"exp-2": 0.280975341796875, "exp-1": 0.3773817539215088, "exp0": 0.5328125, "exp+1": 0.761122465133667, "exp+2": 1.0530762672424316, "obs": 0.3532622312238687}, "300.0": {"exp-2": 0.05417633056640625, "exp-1": 0.07276495695114137, "exp0": 0.102734375, "exp+1": 0.14777977466583253, "exp+2": 0.20565414428710938, "obs": 0.05438036176645951}, "190.0": {"exp-2": 0.007880401611328126, "exp-1": 0.010714286565780641, "exp0": 0.015283203125, "exp+1": 0.022228026390075685, "exp+2": 0.03143865168094635, "obs": 0.0067250625188545856}, "100.0": {"exp-2": 0.003411960601806641, "exp-1": 0.0046198956668376924, "exp0": 0.0065673828125000005, "exp+1": 0.009538570791482926, "exp+2": 0.01345052570104599, "obs": 0.0029470838420140827}, "170.0": {"exp-2": 0.00629425048828125, "exp-1": 0.008557736873626709, "exp0": 0.01220703125, "exp+1": 0.01780267208814621, "exp+2": 0.025197508931159976, "obs": 0.005431649971895498}, "60.0": {"exp-2": 0.0035641670227050783, "exp-1": 0.004800236225128174, "exp0": 0.0068603515625, "exp+1": 0.009950410574674606, "exp+2": 0.014020693302154542, "obs": 0.0030905479071302593}, "250.0": {"exp-2": 0.020855712890625003, "exp-1": 0.028124570846557617, "exp0": 0.039843750000000004, "exp+1": 0.05739323496818543, "exp+2": 0.08018452525138856, "obs": 0.017958351473954987}, "85.0": {"exp-2": 0.0032851219177246096, "exp-1": 0.004448152333498001, "exp0": 0.0063232421875000005, "exp+1": 0.009196579456329346, "exp+2": 0.012958383560180664, "obs": 0.002890278272910843}}