{"600.0": {"exp-2": 0.003845787048339844, "exp-1": 0.00522877722978592, "exp0": 0.00745849609375, "exp+1": 0.010892298072576523, "exp+2": 0.015450899302959443, "obs": 0.0058403245487162435}, "80.0": {"exp-2": 0.005599594116210938, "exp-1": 0.007766103744506836, "exp0": 0.011376953125, "exp+1": 0.016818836331367493, "exp+2": 0.024040667712688448, "obs": 0.008959759944445856}, "70.0": {"exp-2": 0.005827903747558594, "exp-1": 0.008129723370075226, "exp0": 0.0118408203125, "exp+1": 0.017504581809043886, "exp+2": 0.024984730780124666, "obs": 0.009557011709340788}, "90.0": {"exp-2": 0.005611610412597657, "exp-1": 0.007782769203186036, "exp0": 0.0114013671875, "exp+1": 0.01687765121459961, "exp+2": 0.024105748534202578, "obs": 0.009295275093053458}, "150.0": {"exp-2": 0.0057584762573242194, "exp-1": 0.007755541801452637, "exp0": 0.011083984375000001, "exp+1": 0.01616482585668564, "exp+2": 0.022947853803634646, "obs": 0.008696535299152831}, "1400.0": {"exp-2": 0.0020833969116210937, "exp-1": 0.0028173208236694338, "exp0": 0.00404052734375, "exp+1": 0.0059248961508274085, "exp+2": 0.008459658920764923, "obs": 0.0032540612616157386}, "300.0": {"exp-2": 0.005098915100097657, "exp-1": 0.006867241859436036, "exp0": 0.009814453125, "exp+1": 0.014293788373470307, "exp+2": 0.02026191204786301, "obs": 0.007848607675177328}, "900.0": {"exp-2": 0.002461051940917969, "exp-1": 0.0033280134201049806, "exp0": 0.00477294921875, "exp+1": 0.006979870051145554, "exp+2": 0.00993754267692566, "obs": 0.003689991420420519}, "400.0": {"exp-2": 0.0047057151794433595, "exp-1": 0.0063376784324646, "exp0": 0.0090576171875, "exp+1": 0.013191531598567964, "exp+2": 0.018685410916805267, "obs": 0.007307388974018514}, "1600.0": {"exp-2": 0.011415481567382812, "exp-1": 0.015456900000572205, "exp0": 0.02197265625, "exp+1": 0.03191343545913696, "exp+2": 0.04513809680938721, "obs": 0.017626217712474215}, "190.0": {"exp-2": 0.005513763427734375, "exp-1": 0.007496577501296998, "exp0": 0.010693359375000001, "exp+1": 0.015573829412460327, "exp+2": 0.022076411545276644, "obs": 0.008484160059586363}, "450.0": {"exp-2": 0.004544448852539062, "exp-1": 0.006178686022758484, "exp0": 0.0088134765625, "exp+1": 0.012835964560508728, "exp+2": 0.018195398151874542, "obs": 0.0069676328952958735}, "250.0": {"exp-2": 0.005301856994628907, "exp-1": 0.007178871333599091, "exp0": 0.010205078125000001, "exp+1": 0.01488303393125534, "exp+2": 0.02109665870666504, "obs": 0.008724191861118391}, "170.0": {"exp-2": 0.005669689178466797, "exp-1": 0.007635962963104249, "exp0": 0.0109130859375, "exp+1": 0.015893839299678802, "exp+2": 0.022513149678707125, "obs": 0.008838169681630587}, "100.0": {"exp-2": 0.005555152893066406, "exp-1": 0.007783810794353485, "exp0": 0.011376953125, "exp+1": 0.016841509938240053, "exp+2": 0.02407146841287613, "obs": 0.008757774681060662}, "1100.0": {"exp-2": 0.001645946502685547, "exp-1": 0.002225768566131592, "exp0": 0.0031921386718750003, "exp+1": 0.004680847004055977, "exp+2": 0.006673569977283478, "obs": 0.002442924979010941}, "1300.0": {"exp-2": 0.0015326499938964845, "exp-1": 0.002072560787200928, "exp0": 0.002972412109375, "exp+1": 0.00436457097530365, "exp+2": 0.006236036866903306, "obs": 0.0022104489391768733}, "350.0": {"exp-2": 0.00488433837890625, "exp-1": 0.006640803813934327, "exp0": 0.009472656250000001, "exp+1": 0.013795994222164154, "exp+2": 0.019556272029876712, "obs": 0.007598701702803969}, "650.0": {"exp-2": 0.0036632537841796878, "exp-1": 0.004953718185424805, "exp0": 0.0071044921875, "exp+1": 0.01036115512251854, "exp+2": 0.014730824530124665, "obs": 0.005626545864569121}, "800.0": {"exp-2": 0.002939414978027344, "exp-1": 0.003996463119983674, "exp0": 0.00570068359375, "exp+1": 0.008325209468603134, "exp+2": 0.01182704046368599, "obs": 0.004383702283346892}, "60.0": {"exp-2": 0.0058135986328125, "exp-1": 0.008028030395507812, "exp0": 0.01171875, "exp+1": 0.01732412278652191, "exp+2": 0.024727156758308413, "obs": 0.009344756590729567}, "1000.0": {"exp-2": 0.002039337158203125, "exp-1": 0.0027577400207519534, "exp0": 0.003955078125, "exp+1": 0.0057838309556245806, "exp+2": 0.008246883004903794, "obs": 0.0029923894733657427}, "120.0": {"exp-2": 0.0052742004394531255, "exp-1": 0.007423490285873413, "exp0": 0.010888671875, "exp+1": 0.016118699312210084, "exp+2": 0.023021765053272247, "obs": 0.00852502836353569}, "1200.0": {"exp-2": 0.0014004707336425781, "exp-1": 0.0018938183784484863, "exp0": 0.002716064453125, "exp+1": 0.003982747346162796, "exp+2": 0.005694980919361115, "obs": 0.002195130799072679}, "550.0": {"exp-2": 0.0040534973144531255, "exp-1": 0.005481433868408204, "exp0": 0.007861328125, "exp+1": 0.011496256291866304, "exp+2": 0.016343480348587038, "obs": 0.005804450413350161}, "700.0": {"exp-2": 0.0034555435180664063, "exp-1": 0.004698197543621063, "exp0": 0.006701660156250001, "exp+1": 0.00977366715669632, "exp+2": 0.013885216414928438, "obs": 0.005276869442079182}, "500.0": {"exp-2": 0.004317855834960938, "exp-1": 0.005870607495307923, "exp0": 0.008374023437500001, "exp+1": 0.012195944041013719, "exp+2": 0.017301106452941896, "obs": 0.006711938041150652}}