{"80.0": {"exp-2": 4.0791320800781255e+19, "exp-1": 5.523265600204468e+19, "exp+2": 1.6034265756607057e+20, "exp+1": 1.1388086080551148e+20, "exp0": 7.851562500000001e+19, "obs": 4.532572850709019e+19}, "70.0": {"exp-2": 3.581924438476563e+19, "exp-1": 4.8500317335128785e+19, "exp+2": 1.4049767255783083e+20, "exp+1": 9.986244440078736e+19, "exp0": 6.894531250000001e+19, "obs": 4.111698640843146e+19}, "95.0": {"exp-2": 4.160308837890625e+19, "exp-1": 5.63318133354187e+19, "exp+2": 1.6413062810897826e+20, "exp+1": 1.1630673408508302e+20, "exp0": 8.0078125e+19, "obs": 4.639210309875996e+19}, "90.0": {"exp-2": 4.08935546875e+19, "exp-1": 5.48553466796875e+19, "exp+2": 1.6000626087188722e+20, "exp+1": 1.1346999406814575e+20, "exp0": 7.8125e+19, "obs": 4.739190847162607e+19}, "150.0": {"exp-2": 4.3328094482421875e+19, "exp-1": 5.86675226688385e+19, "exp+2": 1.7142739295959476e+20, "exp+1": 1.2129542827606201e+20, "exp0": 8.339843750000001e+19, "obs": 4.516495639387319e+19}, "75.0": {"exp-2": 3.772430419921875e+19, "exp-1": 5.060405731201172e+19, "exp+2": 1.472921371459961e+20, "exp+1": 1.0453243255615236e+20, "exp0": 7.20703125e+19, "obs": 4.3563076465153065e+19}, "130.0": {"exp-2": 5.183258056640625e+19, "exp-1": 6.952915191650391e+19, "exp+2": 2.0194528102874756e+20, "exp+1": 1.434285044670105e+20, "exp0": 9.902343750000001e+19, "obs": 5.38343690753377e+19}, "120.0": {"exp-2": 5.561523437500001e+19, "exp-1": 7.460327148437499e+19, "exp+2": 2.1638429164886475e+20, "exp+1": 1.5368391275405885e+20, "exp0": 1.0625000000000002e+20, "obs": 5.7416360307412165e+19}, "110.0": {"exp-2": 6.64520263671875e+19, "exp-1": 8.961260318756104e+19, "exp+2": 2.5775671005249025e+20, "exp+1": 1.8362966775894167e+20, "exp0": 1.26953125e+20, "obs": 6.26305130530497e+19}, "100.0": {"exp-2": 4.498291015625e+19, "exp-1": 6.034088134765625e+19, "exp+2": 1.761139273643494e+20, "exp+1": 1.2498825788497925e+20, "exp0": 8.59375e+19, "obs": 4.928074861401805e+19}, "60.0": {"exp-2": 3.6123657226562503e+19, "exp-1": 4.891250133514405e+19, "exp+2": 1.4179983139038085e+20, "exp+1": 1.0071113109588623e+20, "exp0": 6.953125e+19, "obs": 4.390690987652068e+19}, "85.0": {"exp-2": 4.344940185546875e+19, "exp-1": 5.828380584716797e+19, "exp+2": 1.690253496170044e+20, "exp+1": 1.2023099660873413e+20, "exp0": 8.30078125e+19, "obs": 5.0165061841484775e+19}}