{"600.0": {"exp-2": 0.005627059936523438, "exp-1": 0.007650616765022278, "exp0": 0.0109130859375, "exp+1": 0.016002589464187623, "exp+2": 0.022882305085659027, "obs": 0.00795446191020939}, "80.0": {"exp-2": 0.008135986328125, "exp-1": 0.011451482772827148, "exp0": 0.016796875, "exp+1": 0.025065577030181887, "exp+2": 0.036216890811920165, "obs": 0.012463022570420796}, "70.0": {"exp-2": 0.008514404296875, "exp-1": 0.011984109878540039, "exp0": 0.017578125, "exp+1": 0.026231420040130616, "exp+2": 0.037901398539543156, "obs": 0.012299974803643926}, "90.0": {"exp-2": 0.0080413818359375, "exp-1": 0.011251449584960938, "exp0": 0.0166015625, "exp+1": 0.024774117767810824, "exp+2": 0.03577065765857697, "obs": 0.011597932247334884}, "150.0": {"exp-2": 0.0081573486328125, "exp-1": 0.011030960083007814, "exp0": 0.0158203125, "exp+1": 0.023166854679584504, "exp+2": 0.033152759075164795, "obs": 0.01174035975144739}, "1400.0": {"exp-2": 0.001520061492919922, "exp-1": 0.0020555377006530764, "exp0": 0.0029479980468750003, "exp+1": 0.004334598034620285, "exp+2": 0.006224510446190834, "obs": 0.001955247324084739}, "300.0": {"exp-2": 0.007049560546875, "exp-1": 0.009584665298461914, "exp0": 0.013671875, "exp+1": 0.020075234770774844, "exp+2": 0.028725197911262514, "obs": 0.009376368306823629}, "900.0": {"exp-2": 0.003996849060058594, "exp-1": 0.005404829978942871, "exp0": 0.00775146484375, "exp+1": 0.01136649250984192, "exp+2": 0.016276928782463073, "obs": 0.0052616439189477745}, "400.0": {"exp-2": 0.006583786010742188, "exp-1": 0.008903074264526368, "exp0": 0.012768554687500001, "exp+1": 0.018723388016223908, "exp+2": 0.02677280902862549, "obs": 0.009124706505698904}, "1600.0": {"exp-2": 0.0022281646728515626, "exp-1": 0.003013086318969727, "exp0": 0.0043212890625, "exp+1": 0.006336595863103867, "exp+2": 0.009100645035505296, "obs": 0.0027313547372707593}, "190.0": {"exp-2": 0.00780487060546875, "exp-1": 0.010554313659667969, "exp0": 0.01513671875, "exp+1": 0.02216581702232361, "exp+2": 0.031720232963562016, "obs": 0.011027929569244114}, "450.0": {"exp-2": 0.006382369995117188, "exp-1": 0.008677545189857484, "exp0": 0.0123779296875, "exp+1": 0.018150587379932404, "exp+2": 0.025953754782676697, "obs": 0.00861507657855062}, "250.0": {"exp-2": 0.007414627075195313, "exp-1": 0.010081014037132264, "exp0": 0.014379882812500001, "exp+1": 0.02105752676725388, "exp+2": 0.03013422191143036, "obs": 0.010455183488531304}, "170.0": {"exp-2": 0.008106994628906251, "exp-1": 0.010962867736816408, "exp0": 0.01572265625, "exp+1": 0.023055183887481692, "exp+2": 0.032966899871826175, "obs": 0.011673235822767624}, "100.0": {"exp-2": 0.007835769653320312, "exp-1": 0.011079272627830506, "exp0": 0.01630859375, "exp+1": 0.024369430541992188, "exp+2": 0.035256537795066836, "obs": 0.011312984960803178}, "1100.0": {"exp-2": 0.002889060974121094, "exp-1": 0.003906798362731933, "exp0": 0.005603027343750001, "exp+1": 0.008216094225645065, "exp+2": 0.011765527725219728, "obs": 0.0037920510262083847}, "1300.0": {"exp-2": 0.0018693923950195313, "exp-1": 0.0025279283523559574, "exp0": 0.0036254882812500003, "exp+1": 0.0053162965923547745, "exp+2": 0.007629712671041489, "obs": 0.002399035621858782}, "350.0": {"exp-2": 0.006911087036132813, "exp-1": 0.009396395087242127, "exp0": 0.013403320312500001, "exp+1": 0.01962747424840927, "exp+2": 0.02808775305747986, "obs": 0.009883827930193878}, "650.0": {"exp-2": 0.005513763427734375, "exp-1": 0.007496577501296998, "exp0": 0.010693359375000001, "exp+1": 0.015680389106273653, "exp+2": 0.022421588003635407, "obs": 0.0075715740590487635}, "800.0": {"exp-2": 0.004619979858398438, "exp-1": 0.006247472763061524, "exp0": 0.0089599609375, "exp+1": 0.013120733201503754, "exp+2": 0.01877633035182953, "obs": 0.006181990494514563}, "60.0": {"exp-2": 0.008396148681640625, "exp-1": 0.01181766390800476, "exp0": 0.017333984375, "exp+1": 0.02586709260940552, "exp+2": 0.037348777055740356, "obs": 0.012037494103901024}, "1000.0": {"exp-2": 0.0035121917724609377, "exp-1": 0.0047494411468505865, "exp0": 0.0068115234375000005, "exp+1": 0.009974617511034012, "exp+2": 0.014284591376781465, "obs": 0.004663756158631875}, "120.0": {"exp-2": 0.007609176635742188, "exp-1": 0.01080857813358307, "exp0": 0.015966796875, "exp+1": 0.02385869473218918, "exp+2": 0.03446939885616303, "obs": 0.013944277955842186}, "1800.0": {"exp-2": 0.00991973876953125, "exp-1": 0.013486993312835694, "exp0": 0.019238281250000003, "exp+1": 0.02821038067340851, "exp+2": 0.040397542715072635, "obs": 0.012123725184011615}, "1200.0": {"exp-2": 0.0023477554321289064, "exp-1": 0.0031748056411743165, "exp0": 0.0045532226562500005, "exp+1": 0.006685770303010941, "exp+2": 0.009587493538856507, "obs": 0.0031333617376650006}, "550.0": {"exp-2": 0.005929183959960938, "exp-1": 0.008017873764038086, "exp0": 0.0114990234375, "exp+1": 0.01683887094259262, "exp+2": 0.024097144603729248, "obs": 0.00812055009577133}, "700.0": {"exp-2": 0.0051864624023437505, "exp-1": 0.0070135116577148444, "exp0": 0.01005859375, "exp+1": 0.014729543030261994, "exp+2": 0.021063120663166048, "obs": 0.007064699659943803}, "500.0": {"exp-2": 0.0061431884765625, "exp-1": 0.008352351188659669, "exp0": 0.011914062500000001, "exp+1": 0.017470388114452364, "exp+2": 0.02499944865703583, "obs": 0.008470775622310748}}