{"350.0": {"exp-2": 0.04840850830078125, "exp-1": 0.06501811742782593, "exp0": 0.091796875, "exp+1": 0.13168065547943117, "exp+2": 0.18309012651443482, "obs": 0.047124603068906486}, "80.0": {"exp-2": 0.0031265735626220706, "exp-1": 0.004233473166823387, "exp0": 0.0060180664062500005, "exp+1": 0.008728741109371186, "exp+2": 0.012280598282814026, "obs": 0.003215858851403108}, "70.0": {"exp-2": 0.003253412246704102, "exp-1": 0.0044052165001630785, "exp0": 0.0062622070312500005, "exp+1": 0.009082847833633423, "exp+2": 0.012769070267677308, "obs": 0.0033231484248381553}, "95.0": {"exp-2": 0.0029933929443359377, "exp-1": 0.004053142666816711, "exp0": 0.00576171875, "exp+1": 0.008356928825378418, "exp+2": 0.011748540401458741, "obs": 0.003129352992640504}, "90.0": {"exp-2": 0.0030504703521728516, "exp-1": 0.004130427166819573, "exp0": 0.00587158203125, "exp+1": 0.008504574745893478, "exp+2": 0.011956057697534562, "obs": 0.0032115913283322197}, "450.0": {"exp-2": 0.2556640625, "exp-1": 0.34202117919921876, "exp0": 0.48125, "exp+1": 0.6884245872497559, "exp+2": 0.9533124923706056, "obs": 0.3770367172679474}, "150.0": {"exp-2": 0.003189992904663086, "exp-1": 0.004319344833493233, "exp0": 0.0061401367187500005, "exp+1": 0.008893556892871857, "exp+2": 0.012502904236316682, "obs": 0.0033887639365936754}, "75.0": {"exp-2": 0.0031692504882812503, "exp-1": 0.004251289367675781, "exp0": 0.0060546875, "exp+1": 0.008781857043504716, "exp+2": 0.012345924228429795, "obs": 0.0032601460912769706}, "130.0": {"exp-2": 0.0030606269836425783, "exp-1": 0.004105579853057861, "exp0": 0.005847167968750001, "exp+1": 0.008469212800264359, "exp+2": 0.011888158321380616, "obs": 0.003250951828178488}, "120.0": {"exp-2": 0.0030414581298828128, "exp-1": 0.004079866409301758, "exp0": 0.005810546875, "exp+1": 0.00840458869934082, "exp+2": 0.011806373298168183, "obs": 0.0032356882299232215}, "110.0": {"exp-2": 0.0029583930969238285, "exp-1": 0.003968441486358643, "exp0": 0.0056518554687500005, "exp+1": 0.00818631574511528, "exp+2": 0.01149984821677208, "obs": 0.0030779151059256793}, "400.0": {"exp-2": 0.1264801025390625, "exp-1": 0.16987712383270265, "exp0": 0.23984375000000002, "exp+1": 0.34309470653533936, "exp+2": 0.47510867118835454, "obs": 0.12670181520917714}, "300.0": {"exp-2": 0.018657684326171875, "exp-1": 0.02516046166419983, "exp0": 0.03564453125, "exp+1": 0.051273399591445924, "exp+2": 0.07146494388580323, "obs": 0.01660446603511432}, "190.0": {"exp-2": 0.00409688949584961, "exp-1": 0.005547309666872025, "exp0": 0.007885742187500001, "exp+1": 0.011453376710414888, "exp+2": 0.01611393392086029, "obs": 0.004053673630191945}, "100.0": {"exp-2": 0.002929973602294922, "exp-1": 0.003967271000146866, "exp0": 0.0056396484375, "exp+1": 0.00817987471818924, "exp+2": 0.011508389562368394, "obs": 0.0030199904625691255}, "170.0": {"exp-2": 0.0035070896148681643, "exp-1": 0.004748703166842461, "exp0": 0.0067504882812500005, "exp+1": 0.009777608513832093, "exp+2": 0.013745737075805665, "obs": 0.0036525878188859054}, "60.0": {"exp-2": 0.003795433044433594, "exp-1": 0.005091261863708497, "exp0": 0.007250976562500001, "exp+1": 0.010516981780529023, "exp+2": 0.014762715995311738, "obs": 0.0038140956926285188}, "250.0": {"exp-2": 0.008054256439208984, "exp-1": 0.010905701667070389, "exp0": 0.0155029296875, "exp+1": 0.022485803067684176, "exp+2": 0.03161153793334961, "obs": 0.007583198849857066}, "85.0": {"exp-2": 0.003012418746948242, "exp-1": 0.004078904166817665, "exp0": 0.00579833984375, "exp+1": 0.008410044759511948, "exp+2": 0.011832219362258912, "obs": 0.0031388994438674798}}