{"600.0": {"exp-2": 0.006256484985351563, "exp-1": 0.008460474014282227, "exp0": 0.0121337890625, "exp+1": 0.017840953171253206, "exp+2": 0.02561972439289093, "obs": 0.009881961499163636}, "80.0": {"exp-2": 0.003917694091796875, "exp-1": 0.005341625213623047, "exp0": 0.00771484375, "exp+1": 0.011435799300670624, "exp+2": 0.016602325439453124, "obs": 0.006348055863194523}, "70.0": {"exp-2": 0.004447555541992188, "exp-1": 0.0060389995574951175, "exp0": 0.00869140625, "exp+1": 0.012883368134498597, "exp+2": 0.018664199113845825, "obs": 0.007109218938782929}, "90.0": {"exp-2": 0.0034589767456054688, "exp-1": 0.0047161817550659185, "exp0": 0.0068115234375000005, "exp+1": 0.010123948752880097, "exp+2": 0.014756591618061067, "obs": 0.0054529457342361795}, "150.0": {"exp-2": 0.015119171142578125, "exp-1": 0.02036256790161133, "exp0": 0.0291015625, "exp+1": 0.04255757033824921, "exp+2": 0.060725629329681396, "obs": 0.022720851924035806}, "1400.0": {"exp-2": 0.001379251480102539, "exp-1": 0.001880556344985962, "exp0": 0.002716064453125, "exp+1": 0.004036879166960716, "exp+2": 0.0058593850582838065, "obs": 0.0020057118800286757}, "300.0": {"exp-2": 0.0105743408203125, "exp-1": 0.014376997947692871, "exp0": 0.0205078125, "exp+1": 0.03007197976112366, "exp+2": 0.043031838536262516, "obs": 0.014934646604111571}, "900.0": {"exp-2": 0.003835391998291016, "exp-1": 0.0052077889442443855, "exp0": 0.007495117187500001, "exp+1": 0.011080220341682434, "exp+2": 0.015975192189216614, "obs": 0.005855432518492419}, "400.0": {"exp-2": 0.0087615966796875, "exp-1": 0.01191236972808838, "exp0": 0.016992187500000002, "exp+1": 0.024984514713287356, "exp+2": 0.03577367961406708, "obs": 0.013364319636541225}, "1600.0": {"exp-2": 0.0019464492797851562, "exp-1": 0.002653908729553223, "exp0": 0.0038330078125000003, "exp+1": 0.005681710317730904, "exp+2": 0.008231121301651002, "obs": 0.0028155965375402754}, "190.0": {"exp-2": 0.013645935058593751, "exp-1": 0.018553173542022707, "exp0": 0.02646484375, "exp+1": 0.03870168328285217, "exp+2": 0.05522364377975464, "obs": 0.020417215163468554}, "450.0": {"exp-2": 0.008182525634765625, "exp-1": 0.011065006256103516, "exp0": 0.015869140625, "exp+1": 0.023269984126091006, "exp+2": 0.03334724605083466, "obs": 0.012576875688339288}, "250.0": {"exp-2": 0.011984252929687501, "exp-1": 0.016293931007385253, "exp0": 0.0232421875, "exp+1": 0.03398893177509308, "exp+2": 0.048570647835731506, "obs": 0.018218953808090094}, "170.0": {"exp-2": 0.014814758300781251, "exp-1": 0.019952583312988284, "exp0": 0.028515625000000003, "exp+1": 0.04164387583732605, "exp+2": 0.059468609094619755, "obs": 0.02198322752773023}, "100.0": {"exp-2": 0.0030684471130371094, "exp-1": 0.004183709621429443, "exp0": 0.00604248046875, "exp+1": 0.00900500789284706, "exp+2": 0.013149821758270265, "obs": 0.004866239661442719}, "1100.0": {"exp-2": 0.002711009979248047, "exp-1": 0.0036810755729675296, "exp0": 0.005297851562500001, "exp+1": 0.00782138854265213, "exp+2": 0.011301954835653306, "obs": 0.004054865305924125}, "1300.0": {"exp-2": 0.0017046928405761719, "exp-1": 0.0023242831230163574, "exp0": 0.00335693359375, "exp+1": 0.004976020380854607, "exp+2": 0.00721389427781105, "obs": 0.0025363350367674288}, "350.0": {"exp-2": 0.009869384765625001, "exp-1": 0.01341853141784668, "exp0": 0.019140625, "exp+1": 0.028067180514335634, "exp+2": 0.04019247889518738, "obs": 0.015518505172413362}, "650.0": {"exp-2": 0.005878829956054688, "exp-1": 0.00794978141784668, "exp0": 0.0114013671875, "exp+1": 0.016764035820961, "exp+2": 0.024108234047889712, "obs": 0.009100166552061268}, "800.0": {"exp-2": 0.004584980010986328, "exp-1": 0.006225597858428956, "exp0": 0.0089599609375, "exp+1": 0.013192163407802583, "exp+2": 0.01898385286331177, "obs": 0.0070473089856786355}, "60.0": {"exp-2": 0.004922294616699219, "exp-1": 0.006683611869812012, "exp0": 0.009619140625000001, "exp+1": 0.014201046526432039, "exp+2": 0.020549993216991427, "obs": 0.00802248067405247}, "1000.0": {"exp-2": 0.003323173522949219, "exp-1": 0.004512286186218262, "exp0": 0.006494140625, "exp+1": 0.009574565291404725, "exp+2": 0.01379682719707489, "obs": 0.005101124286230645}, "120.0": {"exp-2": 0.002103710174560547, "exp-1": 0.002880370616912842, "exp0": 0.0041748046875, "exp+1": 0.006246602907776833, "exp+2": 0.009181114286184311, "obs": 0.003259212883782075}, "1800.0": {"exp-2": 0.008635711669921876, "exp-1": 0.011677837371826172, "exp0": 0.016748046875000002, "exp+1": 0.024592162668704988, "exp+2": 0.03529124557971954, "obs": 0.013600083328244184}, "1200.0": {"exp-2": 0.0021572113037109375, "exp-1": 0.002941274642944336, "exp0": 0.0042480468750000005, "exp+1": 0.006288460642099381, "exp+2": 0.00909811481833458, "obs": 0.0032767292868600296}, "550.0": {"exp-2": 0.0069488525390625005, "exp-1": 0.009396743774414063, "exp0": 0.0134765625, "exp+1": 0.01981530487537384, "exp+2": 0.02841356694698334, "obs": 0.010402094674191426}, "700.0": {"exp-2": 0.005372047424316406, "exp-1": 0.007294297218322754, "exp0": 0.010498046875, "exp+1": 0.015435835719108582, "exp+2": 0.022198159992694855, "obs": 0.00838118031647126}, "500.0": {"exp-2": 0.00740203857421875, "exp-1": 0.01000957489013672, "exp0": 0.014355468750000001, "exp+1": 0.02110760658979416, "exp+2": 0.030266624689102174, "obs": 0.011184356162746593}}