{"600.0": {"exp-2": 0.0018146514892578127, "exp-1": 0.0024471133947372437, "exp0": 0.0034667968750000003, "exp+1": 0.00498686507344246, "exp+2": 0.006934425234794617, "obs": 0.0026162637919624034}, "80.0": {"exp-2": 0.002834129333496094, "exp-1": 0.003936155140399933, "exp0": 0.0057128906250000005, "exp+1": 0.008308878540992737, "exp+2": 0.011583662778139115, "obs": 0.004533450814092767}, "70.0": {"exp-2": 0.0029174804687500003, "exp-1": 0.0040343284606933595, "exp0": 0.0058349609375000005, "exp+1": 0.008486419171094895, "exp+2": 0.01184021756052971, "obs": 0.004400219088919278}, "90.0": {"exp-2": 0.00281982421875, "exp-1": 0.0038992881774902346, "exp0": 0.0056396484375, "exp+1": 0.008202354609966279, "exp+2": 0.011426417529582978, "obs": 0.004385588133180576}, "150.0": {"exp-2": 0.0028881072998046876, "exp-1": 0.003894701600074768, "exp0": 0.005517578125, "exp+1": 0.007903851568698883, "exp+2": 0.01092839241027832, "obs": 0.004230924131062341}, "300.0": {"exp-2": 0.0026580810546875003, "exp-1": 0.0035845041275024414, "exp0": 0.005078125, "exp+1": 0.007284461706876755, "exp+2": 0.010080593079328537, "obs": 0.004157009339758984}, "900.0": {"exp-2": 0.0016868591308593752, "exp-1": 0.0022627830505371096, "exp0": 0.0032226562500000003, "exp+1": 0.004648523032665253, "exp+2": 0.006479579210281372, "obs": 0.00240165852444689}, "400.0": {"exp-2": 0.0024024963378906253, "exp-1": 0.003239840269088745, "exp0": 0.00458984375, "exp+1": 0.006593180447816849, "exp+2": 0.009138891100883484, "obs": 0.0034809047791713845}, "190.0": {"exp-2": 0.0028324127197265625, "exp-1": 0.003804251551628113, "exp0": 0.00537109375, "exp+1": 0.00770471915602684, "exp+2": 0.010653740167617798, "obs": 0.004208773454318317}, "450.0": {"exp-2": 0.002287483215332031, "exp-1": 0.003084741532802582, "exp0": 0.0043701171875000005, "exp+1": 0.006277549266815186, "exp+2": 0.008694543689489366, "obs": 0.0033243656482124617}, "250.0": {"exp-2": 0.0027411460876464845, "exp-1": 0.0036965198814868927, "exp0": 0.005236816406250001, "exp+1": 0.007501664012670517, "exp+2": 0.010380526632070543, "obs": 0.004094691074634716}, "170.0": {"exp-2": 0.0028839111328125, "exp-1": 0.003873419761657715, "exp0": 0.0054687500000000005, "exp+1": 0.007844804972410203, "exp+2": 0.010838865488767625, "obs": 0.00424017492475803}, "100.0": {"exp-2": 0.0028076171875, "exp-1": 0.0038824081420898438, "exp0": 0.005615234375, "exp+1": 0.00814446434378624, "exp+2": 0.011353914439678193, "obs": 0.004351256821281456}, "1100.0": {"exp-2": 0.00419158935546875, "exp-1": 0.005652487277984619, "exp0": 0.008007812500000001, "exp+1": 0.01150299608707428, "exp+2": 0.015982088446617127, "obs": 0.006523023670729444}, "350.0": {"exp-2": 0.002568626403808594, "exp-1": 0.0034638717770576477, "exp0": 0.0049072265625, "exp+1": 0.007039311528205872, "exp+2": 0.009741342067718506, "obs": 0.0038042652440754576}, "650.0": {"exp-2": 0.0017060279846191407, "exp-1": 0.0023006312549114227, "exp0": 0.0032592773437500003, "exp+1": 0.004694851115345955, "exp+2": 0.006523554772138596, "obs": 0.0024729504438899563}, "800.0": {"exp-2": 0.0014396190643310549, "exp-1": 0.0019492868334054947, "exp0": 0.0027709960937500003, "exp+1": 0.003991502895951272, "exp+2": 0.0055635664612054825, "obs": 0.0022040969975713684}, "60.0": {"exp-2": 0.00294189453125, "exp-1": 0.0040680885314941405, "exp0": 0.0058837890625, "exp+1": 0.008545708656311036, "exp+2": 0.011904440075159074, "obs": 0.004554749428885671}, "1000.0": {"exp-2": 0.0023322105407714844, "exp-1": 0.0031450577080249786, "exp0": 0.00445556640625, "exp+1": 0.006418055295944214, "exp+2": 0.008924932032823563, "obs": 0.025444433602568563}, "120.0": {"exp-2": 0.002904605865478516, "exp-1": 0.003932922333478928, "exp0": 0.0055908203125000005, "exp+1": 0.008075625449419022, "exp+2": 0.011230838298797608, "obs": 0.0045788344607536465}, "1200.0": {"exp-2": 0.013851928710937501, "exp-1": 0.018530774116516113, "exp0": 0.026074218750000003, "exp+1": 0.03719504475593567, "exp+2": 0.051253396272659305, "obs": 0.02139391830974306}, "550.0": {"exp-2": 0.0019743919372558595, "exp-1": 0.002662528306245804, "exp0": 0.0037719726562500003, "exp+1": 0.005418331921100617, "exp+2": 0.007522238045930863, "obs": 0.0028962058750360703}, "700.0": {"exp-2": 0.0015590667724609377, "exp-1": 0.0021024495363235474, "exp0": 0.0029785156250000003, "exp+1": 0.004284489527344704, "exp+2": 0.005962406471371651, "obs": 0.002390547807855449}, "500.0": {"exp-2": 0.002153301239013672, "exp-1": 0.0029037930071353912, "exp0": 0.00411376953125, "exp+1": 0.005901114642620087, "exp+2": 0.008185610175132751, "obs": 0.0033637572341371556}}