{"600.0": {"exp-2": 56.396484375, "exp-1": 76.263427734375, "exp+2": 230.9383600950241, "exp+1": 160.8198583126068, "exp0": 109.37500000000001, "obs": 59.45149612072522}, "80.0": {"exp-2": 79.87022399902344, "exp-1": 111.25922203063965, "exp+2": 353.43569517135626, "exp+1": 244.09793317317963, "exp0": 163.57421875, "obs": 134.7946321172034}, "70.0": {"exp-2": 82.91244506835938, "exp-1": 114.99166488647461, "exp+2": 365.38404226303106, "exp+1": 252.05591320991516, "exp0": 168.45703125, "obs": 134.36977792288724}, "90.0": {"exp-2": 78.91654968261719, "exp-1": 109.93075370788574, "exp+2": 350.37505626678467, "exp+1": 241.5054440498352, "exp0": 161.62109375, "obs": 126.08152820721946}, "1800.0": {"exp-2": 65.20843505859375, "exp-1": 88.17958831787111, "exp+2": 266.6345536708832, "exp+1": 185.9479695558548, "exp0": 126.46484375000001, "obs": 87.21392357253428}, "150.0": {"exp-2": 81.573486328125, "exp-1": 110.30960083007814, "exp+2": 331.52759075164795, "exp+1": 231.66854679584503, "exp0": 158.203125, "obs": 117.40359751447389}, "1600.0": {"exp-2": 17.86518096923828, "exp-1": 24.257779121398926, "exp+2": 74.66544955968857, "exp+1": 51.6810305416584, "exp0": 34.912109375, "obs": 21.69503792459318}, "300.0": {"exp-2": 70.49560546875, "exp-1": 95.84665298461914, "exp+2": 287.2519791126251, "exp+1": 200.75234770774844, "exp0": 136.71875, "obs": 93.76368306823629}, "900.0": {"exp-2": 38.353919982910156, "exp-1": 52.077889442443855, "exp+2": 159.75192189216614, "exp+1": 110.80220341682434, "exp0": 74.951171875, "obs": 58.55432518492419}, "350.0": {"exp-2": 81.32171630859375, "exp-1": 109.9691390991211, "exp+2": 331.177830696106, "exp+1": 231.2678396701813, "exp0": 157.71484375000003, "obs": 88.31269288803843}, "190.0": {"exp-2": 78.0487060546875, "exp-1": 105.54313659667969, "exp+2": 317.2023296356202, "exp+1": 221.65817022323608, "exp0": 151.3671875, "obs": 110.27929569244114}, "450.0": {"exp-2": 70.24383544921875, "exp-1": 94.98882293701173, "exp+2": 286.64448857307434, "exp+1": 200.03537833690646, "exp0": 136.23046875, "obs": 73.65282572763157}, "1400.0": {"exp-2": 13.079643249511719, "exp-1": 17.833590507507324, "exp+2": 55.16385659575462, "exp+1": 38.128312677145004, "exp0": 25.7568359375, "obs": 15.870595264529136}, "100.0": {"exp-2": 76.39312744140625, "exp-1": 106.8887710571289, "exp+2": 342.55996346473694, "exp+1": 235.9827756881714, "exp0": 157.71484375000003, "obs": 122.10588903531223}, "170.0": {"exp-2": 81.06994628906251, "exp-1": 109.62867736816408, "exp+2": 329.6689987182617, "exp+1": 230.55183887481692, "exp0": 157.2265625, "obs": 116.73235822767624}, "250.0": {"exp-2": 74.14627075195312, "exp-1": 100.81014037132263, "exp+2": 301.3422191143036, "exp+1": 210.57526767253879, "exp0": 143.798828125, "obs": 104.55183488531304}, "1100.0": {"exp-2": 27.110099792480472, "exp-1": 36.81075572967529, "exp+2": 113.01954835653306, "exp+1": 78.2138854265213, "exp0": 52.97851562500001, "obs": 40.548653059241246}, "1300.0": {"exp-2": 16.39723777770996, "exp-1": 22.264569997787476, "exp+2": 68.5303583741188, "exp+1": 47.43451252579689, "exp0": 32.04345703125, "obs": 20.03426331289904}, "400.0": {"exp-2": 74.27215576171875, "exp-1": 100.43621063232422, "exp+2": 303.0828833580017, "exp+1": 211.5069329738617, "exp0": 144.04296875, "obs": 78.29553907844037}, "650.0": {"exp-2": 53.75289916992188, "exp-1": 72.68857955932617, "exp+2": 220.87480127811435, "exp+1": 153.48920226097107, "exp0": 104.248046875, "obs": 56.07584424767327}, "800.0": {"exp-2": 45.84980010986328, "exp-1": 62.25597858428956, "exp+2": 189.83852863311768, "exp+1": 131.92163407802582, "exp0": 89.599609375, "obs": 70.47308985678636}, "1200.0": {"exp-2": 21.572113037109375, "exp-1": 29.41274642944336, "exp+2": 90.9811481833458, "exp+1": 62.884606420993805, "exp0": 42.48046875000001, "obs": 32.76729286860029}, "1000.0": {"exp-2": 33.23173522949219, "exp-1": 45.12286186218262, "exp+2": 137.9682719707489, "exp+1": 95.74565291404726, "exp0": 64.94140625, "obs": 51.01124286230645}, "120.0": {"exp-2": 76.09176635742188, "exp-1": 108.08578133583069, "exp+2": 344.69398856163025, "exp+1": 238.5869473218918, "exp0": 159.66796875, "obs": 139.44277955842188}, "60.0": {"exp-2": 81.7108154296875, "exp-1": 113.32511901855469, "exp+2": 358.71085524559027, "exp+1": 247.74117767810824, "exp0": 166.015625, "obs": 130.46621558438815}, "550.0": {"exp-2": 61.431884765625, "exp-1": 83.07266235351564, "exp+2": 251.55785679817203, "exp+1": 175.17878115177157, "exp0": 119.14062500000001, "obs": 63.4876605311162}, "700.0": {"exp-2": 49.724578857421875, "exp-1": 67.24119186401367, "exp+2": 204.32212948799133, "exp+1": 141.98650419712067, "exp0": 96.435546875, "obs": 51.294463014091036}, "500.0": {"exp-2": 65.460205078125, "exp-1": 88.52005004882812, "exp+2": 267.363578081131, "exp+1": 186.1598789691925, "exp0": 126.953125, "obs": 68.0973705543713}}