{"600.0": {"exp-2": 0.08031005859375001, "exp-1": 0.10743684768676759, "exp0": 0.151171875, "exp+1": 0.21594896316528323, "exp+2": 0.29783124923706056, "obs": 0.13470087820897764}, "80.0": {"exp-2": 0.002562236785888672, "exp-1": 0.0034552551805973053, "exp0": 0.00489501953125, "exp+1": 0.007041312754154205, "exp+2": 0.009783553332090378, "obs": 0.004703541054959591}, "70.0": {"exp-2": 0.003186464309692383, "exp-1": 0.004279782995581627, "exp0": 0.00604248046875, "exp+1": 0.008655766397714615, "exp+2": 0.011987021565437317, "obs": 0.005833250950636657}, "90.0": {"exp-2": 0.002287483215332031, "exp-1": 0.003084741532802582, "exp0": 0.0043701171875000005, "exp+1": 0.00628625899553299, "exp+2": 0.0087549589574337, "obs": 0.004239280813690491}, "150.0": {"exp-2": 0.0019328594207763672, "exp-1": 0.002606520429253578, "exp0": 0.003692626953125, "exp+1": 0.005319073051214218, "exp+2": 0.0074082322418689735, "obs": 0.0037356210934707916}, "300.0": {"exp-2": 0.0022171974182128907, "exp-1": 0.0029899589717388153, "exp0": 0.00423583984375, "exp+1": 0.006101548299193383, "exp+2": 0.008498038351535798, "obs": 0.0041729687622026395}, "400.0": {"exp-2": 0.0040382385253906255, "exp-1": 0.005445688962936401, "exp0": 0.00771484375, "exp+1": 0.011082154512405396, "exp+2": 0.015433639287948608, "obs": 0.0071816565668661615}, "190.0": {"exp-2": 0.001897716522216797, "exp-1": 0.002559129148721695, "exp0": 0.0036254882812500003, "exp+1": 0.005215137079358102, "exp+2": 0.007268866151571274, "obs": 0.0034964438442121786}, "450.0": {"exp-2": 0.007207489013671875, "exp-1": 0.009719520807266235, "exp0": 0.013769531250000001, "exp+1": 0.019724656641483308, "exp+2": 0.02738076150417328, "obs": 0.013399914242995681}, "100.0": {"exp-2": 0.0021724700927734375, "exp-1": 0.0029296427965164185, "exp0": 0.004150390625, "exp+1": 0.005970190465450287, "exp+2": 0.008321260660886764, "obs": 0.003980547290917079}, "170.0": {"exp-2": 0.0019232749938964844, "exp-1": 0.0025935955345630646, "exp0": 0.00367431640625, "exp+1": 0.005292697623372079, "exp+2": 0.0073714971542358405, "obs": 0.0035650320677732134}, "250.0": {"exp-2": 0.0019743919372558595, "exp-1": 0.002662528306245804, "exp0": 0.0037719726562500003, "exp+1": 0.005433367192745209, "exp+2": 0.007573312520980835, "obs": 0.003619604540698722}, "85.0": {"exp-2": 0.002396106719970703, "exp-1": 0.0032312236726284027, "exp0": 0.00457763671875, "exp+1": 0.006584768742322922, "exp+2": 0.00916353464126587, "obs": 0.004387325452567556}, "350.0": {"exp-2": 0.0027667045593261722, "exp-1": 0.0037309862673282623, "exp0": 0.0052856445312500005, "exp+1": 0.00760321319103241, "exp+2": 0.010589098930358887, "obs": 0.005040842090096237}, "650.0": {"exp-2": 0.20419921875000002, "exp-1": 0.27317276000976565, "exp0": 0.384375, "exp+1": 0.546781349182129, "exp+2": 0.7521054267883301, "obs": 0.27304104598423856}, "95.0": {"exp-2": 0.0022171974182128907, "exp-1": 0.0029899589717388153, "exp0": 0.00423583984375, "exp+1": 0.006101548299193383, "exp+2": 0.008498038351535798, "obs": 0.004121772636595909}, "75.0": {"exp-2": 0.002868938446044922, "exp-1": 0.003868851810693741, "exp0": 0.005480957031250001, "exp+1": 0.007862316071987152, "exp+2": 0.010914648324251175, "obs": 0.005195302477141774}, "130.0": {"exp-2": 0.0020127296447753906, "exp-1": 0.0027142278850078583, "exp0": 0.00384521484375, "exp+1": 0.0055312059819698335, "exp+2": 0.007697369158267975, "obs": 0.0038726642146670112}, "120.0": {"exp-2": 0.0020702362060546877, "exp-1": 0.00279177725315094, "exp0": 0.003955078125, "exp+1": 0.00569712296128273, "exp+2": 0.007940949499607086, "obs": 0.004003949422462578}, "110.0": {"exp-2": 0.0020702362060546877, "exp-1": 0.00279177725315094, "exp0": 0.003955078125, "exp+1": 0.00569712296128273, "exp+2": 0.007940949499607086, "obs": 0.003835076902020534}, "550.0": {"exp-2": 0.0308685302734375, "exp-1": 0.04129517078399658, "exp0": 0.05810546875, "exp+1": 0.08288783431053162, "exp+2": 0.11430797576904297, "obs": 0.04565451213663105}, "60.0": {"exp-2": 0.0035533905029296875, "exp-1": 0.004772606492042542, "exp0": 0.00673828125, "exp+1": 0.009639061987400055, "exp+2": 0.013316132128238678, "obs": 0.0063175563490940854}, "500.0": {"exp-2": 0.013981819152832031, "exp-1": 0.01877916902303696, "exp0": 0.026513671875000002, "exp+1": 0.03787477016448975, "exp+2": 0.052319401502609254, "obs": 0.02362630652493331}}