{"600.0": {"exp-2": 0.0056396484375, "exp-1": 0.0076263427734375, "exp+2": 0.023093836009502412, "exp+1": 0.016081985831260682, "exp0": 0.010937500000000001, "obs": 0.005945149612072521}, "80.0": {"exp-2": 0.007987022399902344, "exp-1": 0.011125922203063965, "exp+2": 0.035343569517135624, "exp+1": 0.024409793317317963, "exp0": 0.016357421875, "obs": 0.013479463211720341}, "70.0": {"exp-2": 0.008291244506835938, "exp-1": 0.011499166488647461, "exp+2": 0.036538404226303105, "exp+1": 0.025205591320991518, "exp0": 0.016845703125, "obs": 0.013436977792288723}, "90.0": {"exp-2": 0.007891654968261719, "exp-1": 0.010993075370788575, "exp+2": 0.03503750562667847, "exp+1": 0.024150544404983522, "exp0": 0.016162109375, "obs": 0.012608152820721946}, "1800.0": {"exp-2": 0.006520843505859375, "exp-1": 0.00881795883178711, "exp+2": 0.02666345536708832, "exp+1": 0.01859479695558548, "exp0": 0.012646484375000001, "obs": 0.008721392357253428}, "150.0": {"exp-2": 0.0081573486328125, "exp-1": 0.011030960083007814, "exp+2": 0.033152759075164795, "exp+1": 0.023166854679584504, "exp0": 0.0158203125, "obs": 0.01174035975144739}, "1600.0": {"exp-2": 0.0017865180969238283, "exp-1": 0.0024257779121398928, "exp+2": 0.007466544955968857, "exp+1": 0.0051681030541658405, "exp0": 0.0034912109375, "obs": 0.002169503792459318}, "300.0": {"exp-2": 0.007049560546875, "exp-1": 0.009584665298461914, "exp+2": 0.028725197911262514, "exp+1": 0.020075234770774844, "exp0": 0.013671875, "obs": 0.009376368306823629}, "900.0": {"exp-2": 0.003835391998291016, "exp-1": 0.0052077889442443855, "exp+2": 0.015975192189216614, "exp+1": 0.011080220341682434, "exp0": 0.007495117187500001, "obs": 0.005855432518492419}, "350.0": {"exp-2": 0.008132171630859376, "exp-1": 0.01099691390991211, "exp+2": 0.0331177830696106, "exp+1": 0.02312678396701813, "exp0": 0.015771484375000002, "obs": 0.008831269288803843}, "190.0": {"exp-2": 0.00780487060546875, "exp-1": 0.010554313659667969, "exp+2": 0.031720232963562016, "exp+1": 0.02216581702232361, "exp0": 0.01513671875, "obs": 0.011027929569244114}, "450.0": {"exp-2": 0.007024383544921875, "exp-1": 0.009498882293701173, "exp+2": 0.028664448857307435, "exp+1": 0.020003537833690646, "exp0": 0.013623046875000001, "obs": 0.007365282572763156}, "1400.0": {"exp-2": 0.0013079643249511719, "exp-1": 0.0017833590507507326, "exp+2": 0.005516385659575462, "exp+1": 0.0038128312677145008, "exp0": 0.00257568359375, "obs": 0.0015870595264529136}, "100.0": {"exp-2": 0.0076393127441406255, "exp-1": 0.010688877105712891, "exp+2": 0.034255996346473694, "exp+1": 0.02359827756881714, "exp0": 0.015771484375000002, "obs": 0.012210588903531223}, "170.0": {"exp-2": 0.008106994628906251, "exp-1": 0.010962867736816408, "exp+2": 0.032966899871826175, "exp+1": 0.023055183887481692, "exp0": 0.01572265625, "obs": 0.011673235822767624}, "250.0": {"exp-2": 0.007414627075195313, "exp-1": 0.010081014037132264, "exp+2": 0.03013422191143036, "exp+1": 0.02105752676725388, "exp0": 0.014379882812500001, "obs": 0.010455183488531304}, "1100.0": {"exp-2": 0.002711009979248047, "exp-1": 0.0036810755729675296, "exp+2": 0.011301954835653306, "exp+1": 0.00782138854265213, "exp0": 0.005297851562500001, "obs": 0.004054865305924125}, "1300.0": {"exp-2": 0.001639723777770996, "exp-1": 0.0022264569997787476, "exp+2": 0.006853035837411881, "exp+1": 0.004743451252579689, "exp0": 0.003204345703125, "obs": 0.002003426331289904}, "400.0": {"exp-2": 0.007427215576171875, "exp-1": 0.010043621063232422, "exp+2": 0.03030828833580017, "exp+1": 0.02115069329738617, "exp0": 0.014404296875, "obs": 0.007829553907844037}, "650.0": {"exp-2": 0.005375289916992188, "exp-1": 0.007268857955932618, "exp+2": 0.022087480127811435, "exp+1": 0.015348920226097108, "exp0": 0.0104248046875, "obs": 0.005607584424767327}, "800.0": {"exp-2": 0.004584980010986328, "exp-1": 0.006225597858428956, "exp+2": 0.01898385286331177, "exp+1": 0.013192163407802583, "exp0": 0.0089599609375, "obs": 0.0070473089856786355}, "1200.0": {"exp-2": 0.0021572113037109375, "exp-1": 0.002941274642944336, "exp+2": 0.00909811481833458, "exp+1": 0.006288460642099381, "exp0": 0.0042480468750000005, "obs": 0.0032767292868600296}, "1000.0": {"exp-2": 0.003323173522949219, "exp-1": 0.004512286186218262, "exp+2": 0.01379682719707489, "exp+1": 0.009574565291404725, "exp0": 0.006494140625, "obs": 0.005101124286230645}, "120.0": {"exp-2": 0.007609176635742188, "exp-1": 0.01080857813358307, "exp+2": 0.03446939885616303, "exp+1": 0.02385869473218918, "exp0": 0.015966796875, "obs": 0.013944277955842186}, "60.0": {"exp-2": 0.00817108154296875, "exp-1": 0.011332511901855469, "exp+2": 0.035871085524559025, "exp+1": 0.024774117767810824, "exp0": 0.0166015625, "obs": 0.013046621558438816}, "550.0": {"exp-2": 0.0061431884765625, "exp-1": 0.008307266235351564, "exp+2": 0.025155785679817202, "exp+1": 0.017517878115177157, "exp0": 0.011914062500000001, "obs": 0.00634876605311162}, "700.0": {"exp-2": 0.0049724578857421875, "exp-1": 0.006724119186401367, "exp+2": 0.020432212948799135, "exp+1": 0.014198650419712067, "exp0": 0.0096435546875, "obs": 0.005129446301409104}, "500.0": {"exp-2": 0.0065460205078125, "exp-1": 0.008852005004882812, "exp+2": 0.0267363578081131, "exp+1": 0.01861598789691925, "exp0": 0.0126953125, "obs": 0.0068097370554371294}}