{"600.0": {"exp-2": 0.0032701492309570312, "exp-1": 0.00439218133687973, "exp0": 0.0062011718750000005, "exp+1": 0.008858371526002884, "exp+2": 0.012227002531290054, "obs": 0.0036560058468983673}, "80.0": {"exp-2": 0.0019200801849365236, "exp-1": 0.0025756299495697022, "exp0": 0.003668212890625, "exp+1": 0.005305838212370873, "exp+2": 0.007453393936157227, "obs": 0.0016985179792199019}, "70.0": {"exp-2": 0.0021788597106933596, "exp-1": 0.002938259392976761, "exp0": 0.00416259765625, "exp+1": 0.006020934507250786, "exp+2": 0.008425520360469818, "obs": 0.0019087394652042991}, "90.0": {"exp-2": 0.001955223083496094, "exp-1": 0.0026366785168647766, "exp0": 0.0037353515625, "exp+1": 0.005410394445061684, "exp+2": 0.007594522833824158, "obs": 0.001750346337633934}, "150.0": {"exp-2": 0.007989501953125, "exp-1": 0.010688161849975586, "exp0": 0.0150390625, "exp+1": 0.021393375098705293, "exp+2": 0.02935558557510376, "obs": 0.008203418671408965}, "300.0": {"exp-2": 0.00656280517578125, "exp-1": 0.008779561519622803, "exp0": 0.012353515625, "exp+1": 0.017597749829292297, "exp+2": 0.02416908144950867, "obs": 0.007152806007009261}, "900.0": {"exp-2": 0.0021178722381591797, "exp-1": 0.0028445426374673847, "exp0": 0.00401611328125, "exp+1": 0.00575302466750145, "exp+2": 0.00796082392334938, "obs": 0.0024770741374354898}, "400.0": {"exp-2": 0.005420207977294922, "exp-1": 0.0073179081082344055, "exp0": 0.0102783203125, "exp+1": 0.014662091434001923, "exp+2": 0.0201876163482666, "obs": 0.0059804769283902355}, "190.0": {"exp-2": 0.0075225830078125, "exp-1": 0.010063529014587402, "exp0": 0.01416015625, "exp+1": 0.020171335339546206, "exp+2": 0.02768133878707886, "obs": 0.00796904296410767}, "450.0": {"exp-2": 0.0048923492431640625, "exp-1": 0.006605237722396851, "exp0": 0.00927734375, "exp+1": 0.013252681493759156, "exp+2": 0.01826314926147461, "obs": 0.005226981152040182}, "250.0": {"exp-2": 0.00708160400390625, "exp-1": 0.009473598003387452, "exp0": 0.013330078125, "exp+1": 0.018962310254573823, "exp+2": 0.026040789484977723, "obs": 0.0076143980447102525}, "170.0": {"exp-2": 0.00775604248046875, "exp-1": 0.010375845432281495, "exp0": 0.014599609375000001, "exp+1": 0.02079734206199646, "exp+2": 0.02851737141609192, "obs": 0.008212153085126675}, "100.0": {"exp-2": 0.0022938728332519533, "exp-1": 0.003093358129262924, "exp0": 0.00438232421875, "exp+1": 0.006330020725727081, "exp+2": 0.008857867866754533, "obs": 0.00210075150773193}, "1100.0": {"exp-2": 0.004145622253417969, "exp-1": 0.0055680409073829654, "exp0": 0.007861328125, "exp+1": 0.011245571821928025, "exp+2": 0.015523125231266022, "obs": 0.004698274879272093}, "350.0": {"exp-2": 0.00609588623046875, "exp-1": 0.00815492868423462, "exp0": 0.011474609375, "exp+1": 0.016368605196475983, "exp+2": 0.022519153356552125, "obs": 0.006471675485951157}, "650.0": {"exp-2": 0.0028839111328125, "exp-1": 0.003873419761657715, "exp0": 0.0054687500000000005, "exp+1": 0.0078121073544025425, "exp+2": 0.010791479051113129, "obs": 0.0033117290950458824}, "800.0": {"exp-2": 0.0020728111267089844, "exp-1": 0.0027840204536914827, "exp0": 0.0039306640625, "exp+1": 0.0056227859109640125, "exp+2": 0.007780106365680695, "obs": 0.0024115899893283597}, "60.0": {"exp-2": 0.0026197433471679688, "exp-1": 0.003532804548740387, "exp0": 0.0050048828125, "exp+1": 0.007209321856498719, "exp+2": 0.010056553781032563, "obs": 0.0023330060164687416}, "1000.0": {"exp-2": 0.002613544464111328, "exp-1": 0.003510286659002304, "exp0": 0.0049560546875, "exp+1": 0.0070797219872474676, "exp+2": 0.009787581115961076, "obs": 0.0030445170431840775}, "120.0": {"exp-2": 0.005445957183837891, "exp-1": 0.007314538210630417, "exp0": 0.010327148437500001, "exp+1": 0.01477290987968445, "exp+2": 0.020392179489135742, "obs": 0.005310015715166592}, "1200.0": {"exp-2": 0.012139892578125, "exp-1": 0.016240453720092776, "exp0": 0.022851562500000002, "exp+1": 0.032552361488342285, "exp+2": 0.04470802545547486, "obs": 0.01406643271916886}, "550.0": {"exp-2": 0.0037851333618164062, "exp-1": 0.005083863437175751, "exp0": 0.0071777343750000005, "exp+1": 0.010253390669822693, "exp+2": 0.014141212403774263, "obs": 0.004362747925643139}, "700.0": {"exp-2": 0.002478361129760742, "exp-1": 0.0033287201076745987, "exp0": 0.00469970703125, "exp+1": 0.006722896546125412, "exp+2": 0.009294910728931427, "obs": 0.0028004829035453115}, "500.0": {"exp-2": 0.00432586669921875, "exp-1": 0.0058101296424865724, "exp0": 0.008203125, "exp+1": 0.011718160659074784, "exp+2": 0.016148468852043154, "obs": 0.0048459491968007055}}