{"80.0": {"exp-2": 0.008786773681640625, "exp-1": 0.011946600675582886, "exp0": 0.017041015625, "exp+1": 0.024852530658245088, "exp+2": 0.035254728794097905, "obs": 0.015123767328486887}, "70.0": {"exp-2": 0.00926513671875, "exp-1": 0.012596988677978517, "exp0": 0.017968750000000002, "exp+1": 0.026277157664299014, "exp+2": 0.03730112910270691, "obs": 0.016098588484980504}, "95.0": {"exp-2": 0.009335327148437501, "exp-1": 0.012572860717773438, "exp0": 0.017968750000000002, "exp+1": 0.026205533742904664, "exp+2": 0.03714627027511597, "obs": 0.015460965076782924}, "90.0": {"exp-2": 0.008878707885742188, "exp-1": 0.011957883834838867, "exp0": 0.01708984375, "exp+1": 0.024923741817474365, "exp+2": 0.03527651429176331, "obs": 0.015383123618806952}, "150.0": {"exp-2": 0.03271484375, "exp-1": 0.04388427734375, "exp0": 0.0625, "exp+1": 0.09052686095237733, "exp+2": 0.12746052742004396, "obs": 0.04731970808035279}, "75.0": {"exp-2": 0.009005546569824219, "exp-1": 0.012128710746765137, "exp0": 0.017333984375, "exp+1": 0.02527979612350464, "exp+2": 0.035780465602874754, "obs": 0.015349612393317995}, "130.0": {"exp-2": 0.0182647705078125, "exp-1": 0.024599075317382812, "exp0": 0.03515625, "exp+1": 0.051131564378738406, "exp+2": 0.07226447463035583, "obs": 0.032556683347982056}, "120.0": {"exp-2": 0.013998413085937501, "exp-1": 0.018929672241210938, "exp0": 0.0271484375, "exp+1": 0.039593142271041874, "exp+2": 0.056123167276382446, "obs": 0.025438328182713202}, "110.0": {"exp-2": 0.011254119873046876, "exp-1": 0.015301233530044556, "exp0": 0.021826171875, "exp+1": 0.03183117806911469, "exp+2": 0.045154336094856265, "obs": 0.018912615681271085}, "190.0": {"exp-2": 0.10567474365234375, "exp-1": 0.1419331669807434, "exp0": 0.20039062500000002, "exp+1": 0.2882548332214356, "exp+2": 0.40177001953125, "obs": 0.14512587920372852}, "100.0": {"exp-2": 0.009617614746093751, "exp-1": 0.013076221942901612, "exp0": 0.01865234375, "exp+1": 0.027165308594703674, "exp+2": 0.038478851318359375, "obs": 0.01678636265649875}, "170.0": {"exp-2": 0.0582733154296875, "exp-1": 0.07858335971832275, "exp0": 0.111328125, "exp+1": 0.16058534383773804, "exp+2": 0.2247089147567749, "obs": 0.08165306792360087}, "60.0": {"exp-2": 0.009642791748046876, "exp-1": 0.01311045289039612, "exp0": 0.018701171875000002, "exp+1": 0.02734823822975159, "exp+2": 0.03887921273708344, "obs": 0.01759836567248446}, "250.0": {"exp-2": 0.284619140625, "exp-1": 0.3838176727294922, "exp0": 0.5437500000000001, "exp+1": 0.7799977779388428, "exp+2": 1.0862228393554687, "obs": 0.43031935029322793}, "85.0": {"exp-2": 0.008827972412109376, "exp-1": 0.01188955307006836, "exp0": 0.016992187500000002, "exp+1": 0.02474745362997055, "exp+2": 0.03502773940563202, "obs": 0.015082543229812912}}