{"350.0": {"exp-2": 0.004281044006347656, "exp-1": 0.005773119628429413, "exp+2": 0.01650589555501938, "exp+1": 0.011813688278198243, "exp0": 0.0081787109375, "obs": 0.007418522174894618}, "80.0": {"exp-2": 0.0019616127014160157, "exp-1": 0.00263134241104126, "exp+2": 0.007612426578998566, "exp+1": 0.00543554462492466, "exp0": 0.0037475585937500003, "obs": 0.00403160961418208}, "70.0": {"exp-2": 0.0019786834716796877, "exp-1": 0.0026791960000991824, "exp+2": 0.007731589674949646, "exp+1": 0.005516480654478073, "exp0": 0.0038085937500000003, "obs": 0.004077020020433024}, "95.0": {"exp-2": 0.0020191192626953128, "exp-1": 0.0027228444814682007, "exp+2": 0.007807813584804535, "exp+1": 0.0055795170366764076, "exp0": 0.003857421875, "obs": 0.003620487289942473}, "90.0": {"exp-2": 0.0020191192626953128, "exp-1": 0.0027084827423095705, "exp+2": 0.007791987806558609, "exp+1": 0.005564141273498535, "exp0": 0.003857421875, "obs": 0.0036228505002255957}, "450.0": {"exp-2": 0.007309722900390625, "exp-1": 0.009857386350631714, "exp+2": 0.02806023955345154, "exp+1": 0.020115767419338227, "exp0": 0.01396484375, "obs": 0.012786503281271356}, "150.0": {"exp-2": 0.002175283432006836, "exp-1": 0.0029453981667757036, "exp+2": 0.008506303280591964, "exp+1": 0.006064592674374581, "exp0": 0.0041870117187500005, "obs": 0.0027424656488081157}, "75.0": {"exp-2": 0.0019628286361694338, "exp-1": 0.002657728083431721, "exp+2": 0.007664857804775238, "exp+1": 0.005464748293161393, "exp0": 0.0037780761718750003, "obs": 0.004062379555098026}, "130.0": {"exp-2": 0.0020928382873535156, "exp-1": 0.002833765000104904, "exp+2": 0.008172546327114106, "exp+1": 0.005826710909605026, "exp0": 0.0040283203125, "obs": 0.0026206771609001553}, "120.0": {"exp-2": 0.0020674705505371095, "exp-1": 0.0027994163334369663, "exp+2": 0.008090896904468537, "exp+1": 0.005764015018939972, "exp0": 0.0039794921875, "obs": 0.0025919442424368914}, "110.0": {"exp-2": 0.0020928382873535156, "exp-1": 0.002833765000104904, "exp+2": 0.008172546327114106, "exp+1": 0.005826710909605026, "exp0": 0.0040283203125, "obs": 0.0026398006936856283}, "400.0": {"exp-2": 0.005073356628417969, "exp-1": 0.006841577589511871, "exp+2": 0.019545607268810272, "exp+1": 0.014000101387500763, "exp0": 0.0096923828125, "obs": 0.008908149909445528}, "550.0": {"exp-2": 0.025006103515625003, "exp-1": 0.03345255851745606, "exp+2": 0.09316798448562623, "exp+1": 0.06733373403549195, "exp0": 0.0470703125, "obs": 0.08292556193347805}, "300.0": {"exp-2": 0.003202676773071289, "exp-1": 0.004336519166827202, "exp+2": 0.012543030083179474, "exp+1": 0.008928918838500976, "exp0": 0.00616455078125, "obs": 0.005969845001956523}, "190.0": {"exp-2": 0.002536773681640625, "exp-1": 0.0034348666667938232, "exp+2": 0.009919887781143189, "exp+1": 0.007072411477565765, "exp0": 0.0048828125, "obs": 0.004618556676583038}, "100.0": {"exp-2": 0.0020191192626953128, "exp-1": 0.0027084827423095705, "exp+2": 0.007796897739171982, "exp+1": 0.005571829155087471, "exp0": 0.003857421875, "obs": 0.0036002767935986537}, "170.0": {"exp-2": 0.0025814056396484377, "exp-1": 0.0034627437591552737, "exp+2": 0.01001141741871834, "exp+1": 0.007143135368824005, "exp0": 0.004931640625000001, "obs": 0.004782591983415199}, "60.0": {"exp-2": 0.002086496353149414, "exp-1": 0.0028251778334379197, "exp+2": 0.00814778134226799, "exp+1": 0.005809054151177407, "exp0": 0.00401611328125, "obs": 0.004281599676114612}, "250.0": {"exp-2": 0.002669954299926758, "exp-1": 0.0036151971668004993, "exp+2": 0.010464657098054886, "exp+1": 0.007443712651729584, "exp0": 0.00513916015625, "obs": 0.005023818772845242}, "500.0": {"exp-2": 0.015181732177734376, "exp-1": 0.02047303318977356, "exp+2": 0.057894188165664676, "exp+1": 0.041605484485626225, "exp0": 0.029003906250000003, "obs": 0.023559352311317307}, "85.0": {"exp-2": 0.001999950408935547, "exp-1": 0.002682769298553467, "exp+2": 0.007722876220941544, "exp+1": 0.005518931895494461, "exp0": 0.00382080078125, "obs": 0.0036102359130677068}}