{"80.0": {"exp-2": 0.0521392822265625, "exp-1": 0.06994056701660156, "exp0": 0.099609375, "exp+1": 0.14427719116210938, "exp+2": 0.2031402111053467, "obs": 0.06050602864752139}, "70.0": {"exp-2": 0.0586822509765625, "exp-1": 0.07913482189178467, "exp0": 0.11210937500000001, "exp+1": 0.16260600090026855, "exp+2": 0.2285987138748169, "obs": 0.07723663972417784}, "95.0": {"exp-2": 0.045458984375000004, "exp-1": 0.061552810668945315, "exp0": 0.08750000000000001, "exp+1": 0.12691199779510498, "exp+2": 0.1788262128829956, "obs": 0.04762240224032123}, "90.0": {"exp-2": 0.0474365234375, "exp-1": 0.0636322021484375, "exp0": 0.09062500000000001, "exp+1": 0.13126394748687745, "exp+2": 0.1846768379211426, "obs": 0.05426729649046497}, "150.0": {"exp-2": 0.055206298828125, "exp-1": 0.0744473934173584, "exp0": 0.10546875, "exp+1": 0.15297428369522095, "exp+2": 0.21522183418273927, "obs": 0.04232807943786069}, "75.0": {"exp-2": 0.057353210449218754, "exp-1": 0.07734256982803345, "exp0": 0.1095703125, "exp+1": 0.1587049126625061, "exp+2": 0.22345423698425293, "obs": 0.07456385438242723}, "130.0": {"exp-2": 0.03521041870117188, "exp-1": 0.04767594933509827, "exp0": 0.0677734375, "exp+1": 0.09816506505012512, "exp+2": 0.13821500539779663, "obs": 0.030691845829493365}, "120.0": {"exp-2": 0.033586883544921876, "exp-1": 0.045477634668350225, "exp0": 0.0646484375, "exp+1": 0.09376757144927979, "exp+2": 0.1321238398551941, "obs": 0.030505651859959338}, "110.0": {"exp-2": 0.035616302490234376, "exp-1": 0.048225528001785284, "exp0": 0.0685546875, "exp+1": 0.09956991672515869, "exp+2": 0.1402991533279419, "obs": 0.03292646782867994}, "190.0": {"exp-2": 0.205169677734375, "exp-1": 0.27556614875793456, "exp0": 0.38906250000000003, "exp+1": 0.5604280948638917, "exp+2": 0.781762170791626, "obs": 0.20381904569731818}, "100.0": {"exp-2": 0.041400146484375004, "exp-1": 0.055757904052734376, "exp0": 0.07968750000000001, "exp+1": 0.11558057069778443, "exp+2": 0.1631071209907532, "obs": 0.039625260820593124}, "170.0": {"exp-2": 0.120635986328125, "exp-1": 0.16268134117126465, "exp0": 0.23046875, "exp+1": 0.3324398279190064, "exp+2": 0.46482710838317876, "obs": 0.09578493192329496}, "60.0": {"exp-2": 0.061953735351562504, "exp-1": 0.08354651927947998, "exp0": 0.118359375, "exp+1": 0.17096346616744995, "exp+2": 0.23997454643249513, "obs": 0.07975650262880275}, "85.0": {"exp-2": 0.05234375, "exp-1": 0.070587158203125, "exp0": 0.09999999999999999, "exp+1": 0.14464367628097535, "exp+2": 0.2035000801086426, "obs": 0.06282651256945986}}