{"350.0": {"exp-2": 42810440063.47656, "exp-1": 57731196284.29413, "exp+2": 165058955550.19382, "exp+1": 118136882781.98244, "exp0": 81787109375.0, "obs": 74185221748.94618}, "80.0": {"exp-2": 19616127014.160156, "exp-1": 26313424110.4126, "exp+2": 76124265789.98566, "exp+1": 54355446249.246605, "exp0": 37475585937.5, "obs": 40316096141.8208}, "70.0": {"exp-2": 19786834716.796875, "exp-1": 26791960000.991825, "exp+2": 77315896749.49646, "exp+1": 55164806544.78073, "exp0": 38085937500.0, "obs": 40770200204.33024}, "95.0": {"exp-2": 20191192626.95313, "exp-1": 27228444814.682007, "exp+2": 78078135848.04535, "exp+1": 55795170366.76408, "exp0": 38574218750.0, "obs": 36204872899.42473}, "90.0": {"exp-2": 20191192626.95313, "exp-1": 27084827423.095703, "exp+2": 77919878065.58609, "exp+1": 55641412734.98535, "exp0": 38574218750.0, "obs": 36228505002.25596}, "450.0": {"exp-2": 73097229003.90625, "exp-1": 98573863506.31714, "exp+2": 280602395534.5154, "exp+1": 201157674193.38226, "exp0": 139648437500.0, "obs": 127865032812.71356}, "150.0": {"exp-2": 21752834320.068363, "exp-1": 29453981667.757034, "exp+2": 85063032805.91965, "exp+1": 60645926743.74581, "exp0": 41870117187.50001, "obs": 27424656488.081158}, "75.0": {"exp-2": 19628286361.694336, "exp-1": 26577280834.31721, "exp+2": 76648578047.75238, "exp+1": 54647482931.61393, "exp0": 37780761718.75, "obs": 40623795550.98026}, "130.0": {"exp-2": 20928382873.535156, "exp-1": 28337650001.04904, "exp+2": 81725463271.14105, "exp+1": 58267109096.05026, "exp0": 40283203125.0, "obs": 26206771609.001553}, "120.0": {"exp-2": 20674705505.371094, "exp-1": 27994163334.369663, "exp+2": 80908969044.68536, "exp+1": 57640150189.39972, "exp0": 39794921875.0, "obs": 25919442424.368916}, "110.0": {"exp-2": 20928382873.535156, "exp-1": 28337650001.04904, "exp+2": 81725463271.14105, "exp+1": 58267109096.05026, "exp0": 40283203125.0, "obs": 26398006936.856285}, "400.0": {"exp-2": 50733566284.17969, "exp-1": 68415775895.11871, "exp+2": 195456072688.10272, "exp+1": 140001013875.00763, "exp0": 96923828125.0, "obs": 89081499094.45528}, "550.0": {"exp-2": 250061035156.25003, "exp-1": 334525585174.56055, "exp+2": 931679844856.2623, "exp+1": 673337340354.9194, "exp0": 470703125000.0, "obs": 829255619334.7805}, "300.0": {"exp-2": 32026767730.71289, "exp-1": 43365191668.27202, "exp+2": 125430300831.79474, "exp+1": 89289188385.00977, "exp0": 61645507812.5, "obs": 59698450019.56523}, "190.0": {"exp-2": 25367736816.40625, "exp-1": 34348666667.938232, "exp+2": 99198877811.43188, "exp+1": 70724114775.65765, "exp0": 48828125000.0, "obs": 46185566765.83038}, "100.0": {"exp-2": 20191192626.95313, "exp-1": 27084827423.095703, "exp+2": 77968977391.71982, "exp+1": 55718291550.87471, "exp0": 38574218750.0, "obs": 36002767935.986534}, "170.0": {"exp-2": 25814056396.484375, "exp-1": 34627437591.552734, "exp+2": 100114174187.1834, "exp+1": 71431353688.24005, "exp0": 49316406250.00001, "obs": 47825919834.15199}, "60.0": {"exp-2": 20864963531.49414, "exp-1": 28251778334.379196, "exp+2": 81477813422.6799, "exp+1": 58090541511.77406, "exp0": 40161132812.5, "obs": 42815996761.14612}, "250.0": {"exp-2": 26699542999.26758, "exp-1": 36151971668.00499, "exp+2": 104646570980.54886, "exp+1": 74437126517.29584, "exp0": 51391601562.5, "obs": 50238187728.45242}, "500.0": {"exp-2": 151817321777.34375, "exp-1": 204730331897.7356, "exp+2": 578941881656.6467, "exp+1": 416054844856.26227, "exp0": 290039062500.0, "obs": 235593523113.17307}, "85.0": {"exp-2": 19999504089.35547, "exp-1": 26827692985.534668, "exp+2": 77228762209.41544, "exp+1": 55189318954.94461, "exp0": 38208007812.5, "obs": 36102359130.67707}}