{"600.0": {"exp-2": 1571846.0083007812, "exp-1": 2119682.729244232, "exp+2": 5969758.331775665, "exp+1": 4313623.532652855, "exp0": 3002929.6875, "obs": 1547744.674949458}, "80.0": {"exp-2": 2130079.2694091797, "exp-1": 2908152.714371681, "exp+2": 8335866.779088975, "exp+1": 6012638.285756111, "exp0": 4162597.65625, "obs": 3200587.0558875357}, "70.0": {"exp-2": 2122163.772583008, "exp-1": 2921959.3852758408, "exp+2": 8482730.388641357, "exp+1": 6108348.071575166, "exp0": 4211425.78125, "obs": 3221056.032160967}, "90.0": {"exp-2": 2108573.9135742188, "exp-1": 2866841.8526649475, "exp+2": 8183894.30642128, "exp+1": 5898693.948984146, "exp0": 4089355.46875, "obs": 3345464.334752352}, "150.0": {"exp-2": 2023315.4296875, "exp-1": 2706742.2866821294, "exp+2": 7428187.876939774, "exp+1": 5417802.929878236, "exp0": 3808593.7500000005, "obs": 2579771.370113182}, "300.0": {"exp-2": 1906585.693359375, "exp-1": 2550584.0778350835, "exp+2": 7010122.388601304, "exp+1": 5112389.847636224, "exp0": 3588867.1875000005, "obs": 2402893.541767091}, "900.0": {"exp-2": 3772258.758544922, "exp-1": 5066571.384668351, "exp+2": 14080081.88009262, "exp+1": 10232771.933078768, "exp0": 7153320.3125, "obs": 5343243.806441009}, "350.0": {"exp-2": 2207994.4610595703, "exp-1": 2965587.0050191884, "exp+2": 8203893.899917603, "exp+1": 5972799.6587753305, "exp0": 4187011.7187500005, "obs": 2214948.394694739}, "190.0": {"exp-2": 1984405.5175781252, "exp-1": 2654689.5503997803, "exp+2": 7280321.419239045, "exp+1": 5306169.763207436, "exp0": 3735351.5625, "obs": 2556239.148102756}, "450.0": {"exp-2": 1808881.7596435547, "exp-1": 2429533.377289772, "exp+2": 6752559.542655946, "exp+1": 4900004.714727402, "exp0": 3430175.78125, "obs": 1778155.4323225636}, "100.0": {"exp-2": 2166080.4748535156, "exp-1": 2921026.200056076, "exp+2": 8208222.687244415, "exp+1": 5936136.096715928, "exp0": 4138183.59375, "obs": 3216328.987231816}, "170.0": {"exp-2": 1990890.5029296875, "exp-1": 2663365.006446839, "exp+2": 7309146.225452423, "exp+1": 5330979.079008102, "exp0": 3747558.5937500005, "obs": 2469515.2546623284}, "250.0": {"exp-2": 1926040.6494140627, "exp-1": 2576610.445976258, "exp+2": 7081654.66785431, "exp+1": 5164557.322859764, "exp0": 3625488.2812500005, "obs": 2416364.7509935168}, "400.0": {"exp-2": 1989126.205444336, "exp-1": 2671622.1123933797, "exp+2": 7407594.472169876, "exp+1": 5388261.377811433, "exp0": 3771972.6562500005, "obs": 2001236.4463877822}, "650.0": {"exp-2": 1648521.423339844, "exp-1": 2223081.886768341, "exp+2": 6279870.122671127, "exp+1": 4530321.061611176, "exp0": 3149414.0625, "obs": 1620860.8576250265}, "800.0": {"exp-2": 2364158.6303710938, "exp-1": 3188140.6903266907, "exp+2": 8952902.257442474, "exp+1": 6469967.216253281, "exp0": 4516601.5625, "obs": 3388619.6644029133}, "60.0": {"exp-2": 2152919.7692871094, "exp-1": 2964306.6227436066, "exp+2": 8600172.400474548, "exp+1": 6188359.856605531, "exp0": 4272460.9375, "obs": 3493272.2593616485}, "1000.0": {"exp-2": 10479736.328125002, "exp-1": 14019536.9720459, "exp+2": 38385280.96675873, "exp+1": 28022125.363349915, "exp0": 19726562.500000004, "obs": 15347528.275547907}, "120.0": {"exp-2": 2094650.2685546875, "exp-1": 2802172.303199768, "exp+2": 7678544.521331787, "exp+1": 5600956.827402116, "exp0": 3942871.0937500005, "obs": 2722732.725242458}, "550.0": {"exp-2": 1578235.6262207031, "exp-1": 2128299.3257045746, "exp+2": 5980622.39587307, "exp+1": 4325149.208307267, "exp0": 3015136.7187500005, "obs": 1644788.3465044904}, "700.0": {"exp-2": 1744365.692138672, "exp-1": 2352330.833673477, "exp+2": 6635418.53427887, "exp+1": 4787069.93162632, "exp0": 3332519.53125, "obs": 1706308.39081952}, "500.0": {"exp-2": 1651167.869567871, "exp-1": 2217705.7340741158, "exp+2": 6172887.235879898, "exp+1": 4479020.461440087, "exp0": 3131103.5156250005, "obs": 1642644.0417390985}}