{"350.0": {"exp-2": 0.2669677734375, "exp-1": 0.3585680007934571, "exp0": 0.50625, "exp+1": 0.7272138118743897, "exp+2": 1.0127593994140625, "obs": 0.4048078153391556}, "80.0": {"exp-2": 0.005225753784179688, "exp-1": 0.007038068771362305, "exp0": 0.01005859375, "exp+1": 0.014649355411529542, "exp+2": 0.020703683793544772, "obs": 0.004961924335012316}, "70.0": {"exp-2": 0.005631637573242188, "exp-1": 0.007584714889526368, "exp0": 0.010839843750000001, "exp+1": 0.015787169337272644, "exp+2": 0.02232850939035416, "obs": 0.005082465714682336}, "95.0": {"exp-2": 0.0048088073730468755, "exp-1": 0.006538110971450806, "exp0": 0.009326171875, "exp+1": 0.013564066588878633, "exp+2": 0.019199056923389437, "obs": 0.00467191692663329}, "90.0": {"exp-2": 0.004934024810791016, "exp-1": 0.006645166873931885, "exp0": 0.009497070312500001, "exp+1": 0.013812623918056488, "exp+2": 0.019506731629371644, "obs": 0.004719035225708238}, "150.0": {"exp-2": 0.00531454086303711, "exp-1": 0.007157647609710694, "exp0": 0.010229492187500001, "exp+1": 0.014877864718437196, "exp+2": 0.0210111066699028, "obs": 0.005192566641031832}, "75.0": {"exp-2": 0.005403327941894531, "exp-1": 0.007277226448059082, "exp0": 0.010400390625, "exp+1": 0.015126420557498932, "exp+2": 0.021378239989280703, "obs": 0.005089103061923241}, "130.0": {"exp-2": 0.004745864868164063, "exp-1": 0.006452533602714539, "exp0": 0.0092041015625, "exp+1": 0.01340487152338028, "exp+2": 0.018959118425846102, "obs": 0.004748028232421328}, "120.0": {"exp-2": 0.0047818183898925785, "exp-1": 0.006440174579620362, "exp0": 0.0092041015625, "exp+1": 0.013386526703834535, "exp+2": 0.018904981017112733, "obs": 0.004682658615135518}, "110.0": {"exp-2": 0.0047437667846679694, "exp-1": 0.00642320066690445, "exp0": 0.009130859375, "exp+1": 0.013298201560974122, "exp+2": 0.01876586526632309, "obs": 0.004654153634163476}, "300.0": {"exp-2": 0.129364013671875, "exp-1": 0.17375054359436037, "exp0": 0.24531250000000002, "exp+1": 0.351895546913147, "exp+2": 0.4900488376617432, "obs": 0.14023274376239322}, "190.0": {"exp-2": 0.009844207763671876, "exp-1": 0.013384300470352174, "exp0": 0.019091796875, "exp+1": 0.027805328369140625, "exp+2": 0.03932633996009827, "obs": 0.008594920870433181}, "100.0": {"exp-2": 0.004857921600341797, "exp-1": 0.006542670726776123, "exp0": 0.009350585937500001, "exp+1": 0.013580939173698426, "exp+2": 0.019165253639221193, "obs": 0.004775785225055253}, "170.0": {"exp-2": 0.0067351341247558595, "exp-1": 0.009070909023284912, "exp0": 0.0129638671875, "exp+1": 0.018854764103889466, "exp+2": 0.026667609810829163, "obs": 0.006240124200899431}, "60.0": {"exp-2": 0.006138992309570313, "exp-1": 0.008268022537231445, "exp0": 0.011816406250000001, "exp+1": 0.01716233640909195, "exp+2": 0.024219277501106265, "obs": 0.0054922732901655155}, "250.0": {"exp-2": 0.042222595214843756, "exp-1": 0.05693846940994263, "exp0": 0.08066406250000001, "exp+1": 0.11619317531585693, "exp+2": 0.1623343586921692, "obs": 0.03894782518331563}, "85.0": {"exp-2": 0.005035400390625, "exp-1": 0.006846189498901367, "exp0": 0.009765625, "exp+1": 0.014203211665153504, "exp+2": 0.0200583353638649, "obs": 0.00480042675275354}}