{"600.0": {"exp-2": 0.0020856857299804688, "exp-1": 0.0028013125061988834, "exp0": 0.003955078125, "exp+1": 0.005634062364697457, "exp+2": 0.007756655663251877, "obs": 0.0022329219616455476}, "80.0": {"exp-2": 0.0022068023681640625, "exp-1": 0.00302560031414032, "exp0": 0.004345703125, "exp+1": 0.006259801983833313, "exp+2": 0.008636946976184846, "obs": 0.002939783883158544}, "70.0": {"exp-2": 0.002252197265625, "exp-1": 0.0031143665313720704, "exp0": 0.00450439453125, "exp+1": 0.006506344676017762, "exp+2": 0.00898522585630417, "obs": 0.0029961287178398854}, "90.0": {"exp-2": 0.002146339416503906, "exp-1": 0.002918188273906708, "exp0": 0.00416259765625, "exp+1": 0.0059877499938011175, "exp+2": 0.008267569541931153, "obs": 0.0027738274330361867}, "150.0": {"exp-2": 0.0020233154296875, "exp-1": 0.0027067422866821293, "exp0": 0.0038085937500000003, "exp+1": 0.005417802929878235, "exp+2": 0.0074281878769397736, "obs": 0.0025797713701131817}, "300.0": {"exp-2": 0.001906585693359375, "exp-1": 0.0025505840778350833, "exp0": 0.0035888671875000003, "exp+1": 0.0051123898476362235, "exp+2": 0.007010122388601304, "obs": 0.002402893541767091}, "900.0": {"exp-2": 0.006887054443359375, "exp-1": 0.009213334321975708, "exp0": 0.0129638671875, "exp+1": 0.018415530025959016, "exp+2": 0.025225970149040225, "obs": 0.007779172663958546}, "400.0": {"exp-2": 0.0018281936645507812, "exp-1": 0.0024682730436325073, "exp0": 0.0034667968750000003, "exp+1": 0.004938499256968498, "exp+2": 0.0067880995571613315, "obs": 0.0021444509659030975}, "190.0": {"exp-2": 0.001984405517578125, "exp-1": 0.0026546895503997804, "exp0": 0.0037353515625, "exp+1": 0.005306169763207436, "exp+2": 0.007280321419239045, "obs": 0.0025562391481027563}, "450.0": {"exp-2": 0.0018346309661865234, "exp-1": 0.002464117482304573, "exp0": 0.00347900390625, "exp+1": 0.004955888167023659, "exp+2": 0.00680650994181633, "obs": 0.0020603798889142788}, "250.0": {"exp-2": 0.0019260406494140626, "exp-1": 0.0025766104459762577, "exp0": 0.0036254882812500003, "exp+1": 0.005164557322859764, "exp+2": 0.00708165466785431, "obs": 0.0024163647509935168}, "170.0": {"exp-2": 0.0019908905029296874, "exp-1": 0.0026633650064468387, "exp0": 0.0037475585937500003, "exp+1": 0.005330979079008103, "exp+2": 0.007309146225452423, "obs": 0.0024695152546623284}, "100.0": {"exp-2": 0.002156496047973633, "exp-1": 0.002896418794989586, "exp0": 0.00408935546875, "exp+1": 0.0058497928082942964, "exp+2": 0.008049193769693375, "obs": 0.0027701536592145627}, "350.0": {"exp-2": 0.0018346309661865234, "exp-1": 0.002464117482304573, "exp0": 0.00347900390625, "exp+1": 0.004955888167023659, "exp+2": 0.006812001764774323, "obs": 0.0021740189759184084}, "650.0": {"exp-2": 0.0023560523986816406, "exp-1": 0.003164445608854294, "exp0": 0.0044677734375, "exp+1": 0.006382212787866593, "exp+2": 0.008788114041090011, "obs": 0.0024418773296353592}, "800.0": {"exp-2": 0.003952503204345703, "exp-1": 0.005308660119771958, "exp0": 0.007495117187500001, "exp+1": 0.010661958158016205, "exp+2": 0.014653827250003816, "obs": 0.004705580025048001}, "60.0": {"exp-2": 0.002313232421875, "exp-1": 0.0031987667083740235, "exp0": 0.00462646484375, "exp+1": 0.006701109558343888, "exp+2": 0.009262395650148391, "obs": 0.003189049312228412}, "1000.0": {"exp-2": 0.019091796875, "exp-1": 0.025540542602539063, "exp0": 0.035937500000000004, "exp+1": 0.05090696215629578, "exp+2": 0.06966180205345154, "obs": 0.0225567458283521}, "120.0": {"exp-2": 0.0020946502685546876, "exp-1": 0.002802172303199768, "exp0": 0.0039428710937500005, "exp+1": 0.005600956827402115, "exp+2": 0.0076785445213317875, "obs": 0.002722732725242458}, "550.0": {"exp-2": 0.001924753189086914, "exp-1": 0.002585161849856377, "exp0": 0.0036499023437500003, "exp+1": 0.0052138838917016985, "exp+2": 0.007185107469558716, "obs": 0.002065718982171335}, "700.0": {"exp-2": 0.0026006698608398438, "exp-1": 0.003492994606494904, "exp0": 0.004931640625000001, "exp+1": 0.007025188952684403, "exp+2": 0.009671879559755327, "obs": 0.0027437241217408816}, "500.0": {"exp-2": 0.0018346309661865234, "exp-1": 0.002464117482304573, "exp0": 0.00347900390625, "exp+1": 0.004962822049856186, "exp+2": 0.0068221315741539, "obs": 0.002090941565439768}}