{"600.0": {"exp-2": 0.0029109477996826175, "exp-1": 0.003941509500145913, "exp0": 0.005603027343750001, "exp+1": 0.00811559185385704, "exp+2": 0.011374357342720033, "obs": 0.004115602019602195}, "80.0": {"exp-2": 0.0017749786376953125, "exp-1": 0.002413281798362732, "exp0": 0.0034423828125000003, "exp+1": 0.005040935799479485, "exp+2": 0.007176697254180908, "obs": 0.0026143680247406355}, "70.0": {"exp-2": 0.002058219909667969, "exp-1": 0.002798379957675934, "exp0": 0.00399169921875, "exp+1": 0.0058214738965034485, "exp+2": 0.008251923322677613, "obs": 0.003043256640880083}, "90.0": {"exp-2": 0.00146026611328125, "exp-1": 0.001974678039550781, "exp0": 0.0028320312500000003, "exp+1": 0.004158441349864006, "exp+2": 0.005941521748900414, "obs": 0.0021184865041618504}, "150.0": {"exp-2": 0.008136749267578125, "exp-1": 0.010928577184677124, "exp0": 0.0154296875, "exp+1": 0.02207205444574356, "exp+2": 0.030637603998184205, "obs": 0.0106873532410301}, "1400.0": {"exp-2": 0.0087921142578125, "exp-1": 0.011856436729431152, "exp0": 0.016796875, "exp+1": 0.02416171133518219, "exp+2": 0.03367663025856018, "obs": 0.013930784097256536}, "300.0": {"exp-2": 0.005852890014648438, "exp-1": 0.007892802357673645, "exp0": 0.011181640625000001, "exp+1": 0.016084395349025726, "exp+2": 0.02241845577955246, "obs": 0.007891666354193735}, "900.0": {"exp-2": 0.0015664577484130861, "exp-1": 0.0021097123622894286, "exp0": 0.0030151367187500003, "exp+1": 0.0043792322278022764, "exp+2": 0.006170564517378807, "obs": 0.0022248237571468993}, "400.0": {"exp-2": 0.004626083374023438, "exp-1": 0.006238415837287903, "exp0": 0.008837890625, "exp+1": 0.012730607390403749, "exp+2": 0.017772215604782104, "obs": 0.00642045792758309}, "190.0": {"exp-2": 0.007386398315429688, "exp-1": 0.009960785508155823, "exp0": 0.014111328125000001, "exp+1": 0.020242398977279665, "exp+2": 0.028167375922203065, "obs": 0.010051708193240446}, "450.0": {"exp-2": 0.00408935546875, "exp-1": 0.005514621734619141, "exp0": 0.0078125, "exp+1": 0.0112535759806633, "exp+2": 0.015710245072841644, "obs": 0.0057397626520089345}, "250.0": {"exp-2": 0.00654296875, "exp-1": 0.008823394775390625, "exp0": 0.012499999999999999, "exp+1": 0.017930983006954195, "exp+2": 0.02495103180408478, "obs": 0.00914190153791813}, "170.0": {"exp-2": 0.007930755615234375, "exp-1": 0.010651904344558717, "exp0": 0.0150390625, "exp+1": 0.021573214232921602, "exp+2": 0.02994843423366547, "obs": 0.010832649894974579}, "100.0": {"exp-2": 0.0012997627258300782, "exp-1": 0.0017576336860656739, "exp0": 0.0025207519531250003, "exp+1": 0.0037063952535390855, "exp+2": 0.005303077027201653, "obs": 0.001883944865203362}, "1100.0": {"exp-2": 0.001493525505065918, "exp-1": 0.002011486887931824, "exp0": 0.002874755859375, "exp+1": 0.004175341129302979, "exp+2": 0.005883271247148514, "obs": 0.002101097484060854}, "1300.0": {"exp-2": 0.003189992904663086, "exp-1": 0.004319344833493233, "exp0": 0.0061401367187500005, "exp+1": 0.00888132005929947, "exp+2": 0.012466502934694292, "obs": 0.0046109838874592865}, "350.0": {"exp-2": 0.005290603637695313, "exp-1": 0.007134541869163513, "exp0": 0.010107421875000001, "exp+1": 0.014519025385379792, "exp+2": 0.020235858857631683, "obs": 0.007231116077737962}, "650.0": {"exp-2": 0.0026453018188476564, "exp-1": 0.0035484552383422854, "exp0": 0.005053710937500001, "exp+1": 0.0073098734021186836, "exp+2": 0.010252831131219865, "obs": 0.0037869958377867033}, "800.0": {"exp-2": 0.0019659996032714844, "exp-1": 0.002662021666765213, "exp0": 0.0037841796875, "exp+1": 0.005481118708848954, "exp+2": 0.007705567032098771, "obs": 0.0028114636451933694}, "60.0": {"exp-2": 0.0023540496826171876, "exp-1": 0.0032005935907363893, "exp0": 0.0045654296875, "exp+1": 0.006649100780487061, "exp+2": 0.009418252855539322, "obs": 0.003454194134897805}, "1000.0": {"exp-2": 0.0013571739196777345, "exp-1": 0.0018376536667346955, "exp0": 0.0026123046875000003, "exp+1": 0.003799359127879143, "exp+2": 0.005357510596513748, "obs": 0.001914013795848565}, "120.0": {"exp-2": 0.0017686843872070314, "exp-1": 0.0023917436599731447, "exp0": 0.00343017578125, "exp+1": 0.005023060366511345, "exp+2": 0.007167090475559235, "obs": 0.002514485166473951}, "1200.0": {"exp-2": 0.0019469738006591799, "exp-1": 0.0026362601667642596, "exp0": 0.0037475585937500003, "exp+1": 0.005450482666492462, "exp+2": 0.007679968327283859, "obs": 0.002729208439465317}, "550.0": {"exp-2": 0.003284263610839844, "exp-1": 0.004428930580615997, "exp0": 0.006274414062500001, "exp+1": 0.009063038229942323, "exp+2": 0.012672513723373413, "obs": 0.0046667153199416965}, "700.0": {"exp-2": 0.0023845672607421876, "exp-1": 0.003228774666786194, "exp0": 0.00458984375, "exp+1": 0.006638918817043305, "exp+2": 0.009304603189229965, "obs": 0.003450007804938382}, "500.0": {"exp-2": 0.0037698745727539062, "exp-1": 0.00508379191160202, "exp0": 0.0072021484375, "exp+1": 0.01038874462246895, "exp+2": 0.014514604210853578, "obs": 0.0052925948010000895}}