{"350.0": {"exp-2": 0.014522552490234375, "exp-1": 0.01950543522834778, "exp0": 0.027539062500000003, "exp+1": 0.0395041972398758, "exp+2": 0.05488383769989014, "obs": 0.02195859026478608}, "80.0": {"exp-2": 0.001993560791015625, "exp-1": 0.002688378095626831, "exp0": 0.0038085937500000003, "exp+1": 0.005508890002965928, "exp+2": 0.007708980888128281, "obs": 0.003577077206235105}, "70.0": {"exp-2": 0.0021596908569335937, "exp-1": 0.0029124096035957336, "exp0": 0.0041259765625000005, "exp+1": 0.005959741026163101, "exp+2": 0.00833328738808632, "obs": 0.003863357036033861}, "95.0": {"exp-2": 0.0020191192626953128, "exp-1": 0.0027228444814682007, "exp0": 0.003857421875, "exp+1": 0.0055795170366764076, "exp+2": 0.007807813584804535, "obs": 0.003620487289942473}, "90.0": {"exp-2": 0.0020191192626953128, "exp-1": 0.0027084827423095705, "exp0": 0.003857421875, "exp+1": 0.005564141273498535, "exp+2": 0.007791987806558609, "obs": 0.0036228505002255957}, "450.0": {"exp-2": 0.054279327392578125, "exp-1": 0.07290329337120056, "exp0": 0.1029296875, "exp+1": 0.14744529724121094, "exp+2": 0.2043527126312256, "obs": 0.09271188276643644}, "150.0": {"exp-2": 0.002447986602783203, "exp-1": 0.0033146463334560398, "exp0": 0.0047119140625, "exp+1": 0.006815485656261444, "exp+2": 0.009559402614831925, "obs": 0.004449737439106988}, "75.0": {"exp-2": 0.002057456970214844, "exp-1": 0.0027599096298217777, "exp0": 0.0039306640625, "exp+1": 0.0056697893887758255, "exp+2": 0.007933801412582398, "obs": 0.0037049254959661496}, "130.0": {"exp-2": 0.002198028564453125, "exp-1": 0.002964109182357788, "exp0": 0.00419921875, "exp+1": 0.006082273647189141, "exp+2": 0.008524572849273682, "obs": 0.004107566029987061}, "120.0": {"exp-2": 0.0021117687225341796, "exp-1": 0.0028327643871307374, "exp0": 0.0040344238281250005, "exp+1": 0.005835539102554322, "exp+2": 0.0081723652780056, "obs": 0.0037708703735995727}, "110.0": {"exp-2": 0.0020830154418945315, "exp-1": 0.002794194221496582, "exp0": 0.0039794921875, "exp+1": 0.005748152732849121, "exp+2": 0.00804363489151001, "obs": 0.003748821814168394}, "400.0": {"exp-2": 0.027757644653320312, "exp-1": 0.03728166520595551, "exp0": 0.052636718750000006, "exp+1": 0.07540134191513062, "exp+2": 0.10450295209884644, "obs": 0.045724753407787436}, "550.0": {"exp-2": 0.2494384765625, "exp-1": 0.333692741394043, "exp0": 0.46953125, "exp+1": 0.6707252025604249, "exp+2": 0.9272648811340333, "obs": 0.4312058211724923}, "300.0": {"exp-2": 0.008434295654296875, "exp-1": 0.011373907327651978, "exp0": 0.01611328125, "exp+1": 0.023210500180721284, "exp+2": 0.0323268324136734, "obs": 0.0137084580958668}, "190.0": {"exp-2": 0.003189992904663086, "exp-1": 0.004319344833493233, "exp0": 0.0061401367187500005, "exp+1": 0.008905794471502304, "exp+2": 0.012510624527931214, "obs": 0.005993027990333746}, "100.0": {"exp-2": 0.0020191192626953128, "exp-1": 0.0027084827423095705, "exp0": 0.003857421875, "exp+1": 0.005571829155087471, "exp+2": 0.007796897739171982, "obs": 0.0036002767935986537}, "170.0": {"exp-2": 0.002815818786621094, "exp-1": 0.003812702000141144, "exp0": 0.005419921875000001, "exp+1": 0.007850376516580581, "exp+2": 0.011019503325223924, "obs": 0.005431090381424384}, "60.0": {"exp-2": 0.0025302886962890628, "exp-1": 0.0034121721982955933, "exp0": 0.004833984375, "exp+1": 0.006972784548997879, "exp+2": 0.009734460711479188, "obs": 0.00444408012418044}, "250.0": {"exp-2": 0.005213928222656251, "exp-1": 0.006994056701660156, "exp0": 0.009960937500000001, "exp+1": 0.01436816155910492, "exp+2": 0.020121081173419954, "obs": 0.008804943164510597}, "500.0": {"exp-2": 0.115380859375, "exp-1": 0.15435371398925782, "exp0": 0.2171875, "exp+1": 0.3102522611618042, "exp+2": 0.4285758972167969, "obs": 0.17679435407586047}, "85.0": {"exp-2": 0.001999950408935547, "exp-1": 0.002682769298553467, "exp0": 0.00382080078125, "exp+1": 0.005518931895494461, "exp+2": 0.007722876220941544, "obs": 0.0036102359130677068}}