{"80.0": {"exp-2": 0.005400466918945313, "exp-1": 0.007342538237571717, "exp+2": 0.021635648608207703, "exp+1": 0.015274693071842194, "exp0": 0.010473632812500001, "obs": 0.004565704260582427}, "70.0": {"exp-2": 0.0051361083984375, "exp-1": 0.006983113288879395, "exp+2": 0.02054891586303711, "exp+1": 0.014507128298282624, "exp0": 0.009960937500000001, "obs": 0.004370114517889242}, "95.0": {"exp-2": 0.0056018829345703125, "exp-1": 0.007575273513793945, "exp+2": 0.022633133828639986, "exp+1": 0.015909336507320404, "exp0": 0.0108642578125, "obs": 0.005560333901741474}, "90.0": {"exp-2": 0.005526351928710938, "exp-1": 0.0074731349945068365, "exp+2": 0.02232796847820282, "exp+1": 0.01569482833147049, "exp0": 0.010717773437500001, "obs": 0.005465564750351988}, "150.0": {"exp-2": 0.008434295654296875, "exp-1": 0.01146736741065979, "exp+2": 0.03364839553833008, "exp+1": 0.023790380358695986, "exp0": 0.016357421875, "obs": 0.009645203585949539}, "75.0": {"exp-2": 0.005161285400390625, "exp-1": 0.006979465484619141, "exp+2": 0.020649644732475284, "exp+1": 0.014578241109848024, "exp0": 0.010009765625, "obs": 0.004381954724312262}, "130.0": {"exp-2": 0.006912708282470703, "exp-1": 0.00931006669998169, "exp+2": 0.02740774154663086, "exp+1": 0.01937839388847351, "exp0": 0.0133056640625, "obs": 0.007743611554331323}, "120.0": {"exp-2": 0.006861972808837891, "exp-1": 0.009241735935211182, "exp+2": 0.02714936137199402, "exp+1": 0.019209843873977662, "exp0": 0.0132080078125, "obs": 0.007485952438330743}, "110.0": {"exp-2": 0.006823921203613282, "exp-1": 0.009190487861633302, "exp+2": 0.027055716514587404, "exp+1": 0.019129498302936556, "exp0": 0.013134765625000001, "obs": 0.007560074003823658}, "300.0": {"exp-2": 0.08795928955078125, "exp-1": 0.11813930273056031, "exp+2": 0.33394052982330324, "exp+1": 0.23959898948669434, "exp0": 0.166796875, "obs": 0.0848017668054974}, "190.0": {"exp-2": 0.010649871826171876, "exp-1": 0.014479690790176393, "exp+2": 0.04284419119358063, "exp+1": 0.030204451084136965, "exp0": 0.020654296875000002, "obs": 0.012140979332089977}, "100.0": {"exp-2": 0.0056396484375, "exp-1": 0.0076263427734375, "exp+2": 0.022819393873214723, "exp+1": 0.01601659059524536, "exp0": 0.010937500000000001, "obs": 0.005602963126192573}, "170.0": {"exp-2": 0.009894561767578126, "exp-1": 0.013452762365341188, "exp+2": 0.0395274966955185, "exp+1": 0.027947556972503663, "exp0": 0.019189453125000002, "obs": 0.011390715364314075}, "60.0": {"exp-2": 0.004985046386718751, "exp-1": 0.006777727603912354, "exp+2": 0.019971369206905367, "exp+1": 0.014099717140197754, "exp0": 0.00966796875, "obs": 0.004247964483542708}, "250.0": {"exp-2": 0.027092742919921878, "exp-1": 0.03648862838745117, "exp+2": 0.10711151361465454, "exp+1": 0.0758451521396637, "exp0": 0.052148437500000006, "obs": 0.02939843363467336}, "85.0": {"exp-2": 0.0054759979248046875, "exp-1": 0.00740504264831543, "exp+2": 0.022078926861286166, "exp+1": 0.015530657768249512, "exp0": 0.0106201171875, "obs": 0.005380627048881961}}