{"80.0": {"exp-2": 0.0077878952026367194, "exp-1": 0.01048877239227295, "exp0": 0.014990234375000001, "exp+1": 0.02186168134212494, "exp+2": 0.030942541360855103, "obs": 0.008758403737522456}, "70.0": {"exp-2": 0.00830841064453125, "exp-1": 0.011296212673187256, "exp0": 0.01611328125, "exp+1": 0.02346741408109665, "exp+2": 0.03321596086025238, "obs": 0.009049655435283339}, "95.0": {"exp-2": 0.007049560546875, "exp-1": 0.009584665298461914, "exp0": 0.013671875, "exp+1": 0.019938993453979495, "exp+2": 0.0282212108373642, "obs": 0.008210903956919206}, "90.0": {"exp-2": 0.0072006225585937505, "exp-1": 0.009737205505371094, "exp0": 0.01396484375, "exp+1": 0.020338425040245058, "exp+2": 0.028808772563934326, "obs": 0.007968359791172809}, "150.0": {"exp-2": 0.008434295654296875, "exp-1": 0.01146736741065979, "exp0": 0.016357421875, "exp+1": 0.023790380358695986, "exp+2": 0.03364839553833008, "obs": 0.009645203585949539}, "75.0": {"exp-2": 0.007779693603515625, "exp-1": 0.010577362775802613, "exp0": 0.015087890625000001, "exp+1": 0.022004103660583498, "exp+2": 0.031190755963325503, "obs": 0.008846024764394153}, "130.0": {"exp-2": 0.006912708282470703, "exp-1": 0.00931006669998169, "exp0": 0.0133056640625, "exp+1": 0.01937839388847351, "exp+2": 0.02740774154663086, "obs": 0.007743611554331323}, "120.0": {"exp-2": 0.006861972808837891, "exp-1": 0.009241735935211182, "exp0": 0.0132080078125, "exp+1": 0.019209843873977662, "exp+2": 0.02714936137199402, "obs": 0.007485952438330743}, "110.0": {"exp-2": 0.006823921203613282, "exp-1": 0.009190487861633302, "exp0": 0.013134765625000001, "exp+1": 0.019129498302936556, "exp+2": 0.027055716514587404, "obs": 0.007560074003823658}, "300.0": {"exp-2": 0.264990234375, "exp-1": 0.3573474884033203, "exp0": 0.50625, "exp+1": 0.7292317390441895, "exp+2": 1.0196063995361329, "obs": 0.33407899650799927}, "190.0": {"exp-2": 0.02146110534667969, "exp-1": 0.028903913497924805, "exp0": 0.041308593750000004, "exp+1": 0.0600795865058899, "exp+2": 0.0849107563495636, "obs": 0.022081519543252562}, "100.0": {"exp-2": 0.006684494018554688, "exp-1": 0.009088316559791565, "exp0": 0.0129638671875, "exp+1": 0.01890643835067749, "exp+2": 0.02677978873252869, "obs": 0.007945058691123259}, "170.0": {"exp-2": 0.01243743896484375, "exp-1": 0.016910088062286378, "exp0": 0.024121093750000003, "exp+1": 0.035081931948661806, "exp+2": 0.04958145916461945, "obs": 0.01370650671658692}, "60.0": {"exp-2": 0.009259223937988281, "exp-1": 0.012537263333797455, "exp0": 0.017822265625, "exp+1": 0.0259208619594574, "exp+2": 0.03663407564163208, "obs": 0.00985007467556058}, "250.0": {"exp-2": 0.119476318359375, "exp-1": 0.16047024726867676, "exp0": 0.2265625, "exp+1": 0.32499907016754154, "exp+2": 0.45223746299743656, "obs": 0.12523769223594763}, "85.0": {"exp-2": 0.007502746582031251, "exp-1": 0.010200822353363038, "exp0": 0.01455078125, "exp+1": 0.021191786229610446, "exp+2": 0.030017533898353578, "obs": 0.008556263188798955}}