{"600.0": {"exp-2": 0.012351608276367188, "exp-1": 0.016816648840904235, "exp0": 0.02451171875, "exp+1": 0.03692022264003754, "exp+2": 0.05484675765037537, "obs": 0.013695375209321625}, "80.0": {"exp-2": 0.0082275390625, "exp-1": 0.011248588562011719, "exp0": 0.016455078125, "exp+1": 0.02488347589969635, "exp+2": 0.037214836478233336, "obs": 0.008851516861182731}, "70.0": {"exp-2": 0.008984375000000001, "exp-1": 0.0122833251953125, "exp0": 0.017968750000000002, "exp+1": 0.02720827162265778, "exp+2": 0.040602838993072515, "obs": 0.009429145438244094}, "90.0": {"exp-2": 0.007617187500000001, "exp-1": 0.01041412353515625, "exp0": 0.015234375000000001, "exp+1": 0.023128607869148256, "exp+2": 0.03459113836288452, "obs": 0.007980109566112932}, "150.0": {"exp-2": 0.024850845336914062, "exp-1": 0.03402543067932129, "exp0": 0.04931640625, "exp+1": 0.0742817223072052, "exp+2": 0.11034904718399048, "obs": 0.029896602707436173}, "1400.0": {"exp-2": 0.0047119140625, "exp-1": 0.006442070007324219, "exp0": 0.009423828125, "exp+1": 0.014307120442390443, "exp+2": 0.021481803059577944, "obs": 0.004958551688239871}, "300.0": {"exp-2": 0.017420196533203126, "exp-1": 0.023851490020751955, "exp0": 0.0345703125, "exp+1": 0.052070754766464236, "exp+2": 0.07724997401237488, "obs": 0.019127823224292545}, "900.0": {"exp-2": 0.0087890625, "exp-1": 0.0120849609375, "exp0": 0.017578125, "exp+1": 0.026511687040328982, "exp+2": 0.039455911517143255, "obs": 0.009169968654032329}, "400.0": {"exp-2": 0.01569786071777344, "exp-1": 0.0214932918548584, "exp0": 0.031152343750000002, "exp+1": 0.046922513842582704, "exp+2": 0.06970564126968384, "obs": 0.017448696382800676}, "1600.0": {"exp-2": 0.0031005859375000003, "exp-1": 0.004239082336425781, "exp0": 0.0062011718750000005, "exp+1": 0.009439247846603395, "exp+2": 0.01412046253681183, "obs": 0.0037457794627460215}, "190.0": {"exp-2": 0.0232269287109375, "exp-1": 0.031623339653015135, "exp0": 0.04609375, "exp+1": 0.0693358063697815, "exp+2": 0.10295170545578003, "obs": 0.02635055869869022}, "450.0": {"exp-2": 0.01476287841796875, "exp-1": 0.02009958028793335, "exp0": 0.029296875, "exp+1": 0.044127756357192995, "exp+2": 0.06546608209609986, "obs": 0.016052856209248508}, "250.0": {"exp-2": 0.019733047485351565, "exp-1": 0.0269423246383667, "exp0": 0.03916015625, "exp+1": 0.058828008174896244, "exp+2": 0.08730663657188416, "obs": 0.022346904597028372}, "170.0": {"exp-2": 0.024063491821289064, "exp-1": 0.03294739723205566, "exp0": 0.047753906250000006, "exp+1": 0.07183306813240052, "exp+2": 0.10665971040725708, "obs": 0.029212130816282985}, "100.0": {"exp-2": 0.007080078125, "exp-1": 0.009679794311523438, "exp0": 0.01416015625, "exp+1": 0.021497744321823123, "exp+2": 0.03219413161277771, "obs": 0.008647758600730094}, "1100.0": {"exp-2": 0.0069091796875, "exp-1": 0.009446144104003906, "exp0": 0.013818359375, "exp+1": 0.02089621275663376, "exp+2": 0.031169116497039795, "obs": 0.007270921670091581}, "1300.0": {"exp-2": 0.00531005859375, "exp-1": 0.007280588150024414, "exp0": 0.0106201171875, "exp+1": 0.01608097702264786, "exp+2": 0.023997601866722108, "obs": 0.005610713057176069}, "2200.0": {"exp-2": 0.004541015625, "exp-1": 0.0062084197998046875, "exp0": 0.00908203125, "exp+1": 0.013788208365440369, "exp+2": 0.020621640980243685, "obs": 0.005502850286307337}, "350.0": {"exp-2": 0.016436004638671876, "exp-1": 0.022503948211669924, "exp0": 0.0326171875, "exp+1": 0.04912890195846558, "exp+2": 0.07288556694984437, "obs": 0.018536628609219445}, "650.0": {"exp-2": 0.012007141113281251, "exp-1": 0.01634765863418579, "exp0": 0.023828125000000002, "exp+1": 0.03589057624340058, "exp+2": 0.05328145623207092, "obs": 0.01283632639293508}, "800.0": {"exp-2": 0.009989547729492189, "exp-1": 0.013600715994834901, "exp0": 0.01982421875, "exp+1": 0.029899293184280397, "exp+2": 0.044378817081451416, "obs": 0.010516821745267666}, "60.0": {"exp-2": 0.0095703125, "exp-1": 0.013159179687500001, "exp0": 0.019140625, "exp+1": 0.028982725739479066, "exp+2": 0.043307924270629884, "obs": 0.010658733399424684}, "1000.0": {"exp-2": 0.0080810546875, "exp-1": 0.0111114501953125, "exp0": 0.016162109375, "exp+1": 0.024376024305820466, "exp+2": 0.036277517676353455, "obs": 0.008595577160613368}, "2000.0": {"exp-2": 0.0016320466995239258, "exp-1": 0.002240751124918461, "exp0": 0.0032897949218750003, "exp+1": 0.005020745843648911, "exp+2": 0.007551195472478867, "obs": 0.0016701651101983543}, "120.0": {"exp-2": 0.0057167053222656255, "exp-1": 0.007848864793777466, "exp0": 0.0115234375, "exp+1": 0.017540650069713594, "exp+2": 0.026393410563468934, "obs": 0.00591468800925019}, "1800.0": {"exp-2": 0.00203857421875, "exp-1": 0.0027871131896972656, "exp0": 0.0040771484375, "exp+1": 0.006206119433045387, "exp+2": 0.009302066266536712, "obs": 0.0024459210690076943}, "1200.0": {"exp-2": 0.006298828125, "exp-1": 0.008611679077148438, "exp0": 0.01259765625, "exp+1": 0.0190251499414444, "exp+2": 0.028365102410316468, "obs": 0.0076333579544006205}, "550.0": {"exp-2": 0.01336040496826172, "exp-1": 0.018190120160579682, "exp0": 0.026513671875000002, "exp+1": 0.03993562161922455, "exp+2": 0.059405744075775146, "obs": 0.014300187342003046}, "700.0": {"exp-2": 0.011293601989746094, "exp-1": 0.015376178920269013, "exp0": 0.022412109375000003, "exp+1": 0.03384706974029541, "exp+2": 0.05032949447631836, "obs": 0.011893089726197025}, "500.0": {"exp-2": 0.014073944091796875, "exp-1": 0.019161599874496463, "exp0": 0.0279296875, "exp+1": 0.04206846058368683, "exp+2": 0.06241099834442139, "obs": 0.014952292554464248}}