{"80.0": {"exp-2": 0.041711425781250006, "exp-1": 0.056249141693115234, "exp0": 0.07968750000000001, "exp+1": 0.11478646993637086, "exp+2": 0.1604935884475708, "obs": 0.09239170802676928}, "70.0": {"exp-2": 0.044391632080078125, "exp-1": 0.05962299704551697, "exp0": 0.0841796875, "exp+1": 0.12125728130340577, "exp+2": 0.16940946578979493, "obs": 0.09362137509820903}, "95.0": {"exp-2": 0.039666748046875006, "exp-1": 0.053491830825805664, "exp0": 0.07578125000000001, "exp+1": 0.10946176052093506, "exp+2": 0.1534107804298401, "obs": 0.08207476745059708}, "90.0": {"exp-2": 0.039462280273437504, "exp-1": 0.05321609973907471, "exp0": 0.075390625, "exp+1": 0.10859700441360474, "exp+2": 0.1520751714706421, "obs": 0.07892280203864228}, "150.0": {"exp-2": 0.023642730712890626, "exp-1": 0.03184213638305664, "exp0": 0.0455078125, "exp+1": 0.06609627008438111, "exp+2": 0.09334483146667481, "obs": 0.02424507073089016}, "75.0": {"exp-2": 0.043670654296875, "exp-1": 0.058654642105102545, "exp0": 0.08281250000000001, "exp+1": 0.11928790807723999, "exp+2": 0.16652860641479494, "obs": 0.08831838182692571}, "130.0": {"exp-2": 0.0292388916015625, "exp-1": 0.039429545402526855, "exp0": 0.055859375, "exp+1": 0.08079705834388734, "exp+2": 0.11349992752075196, "obs": 0.04139077072594985}, "120.0": {"exp-2": 0.0325103759765625, "exp-1": 0.04384124279022217, "exp0": 0.062109375, "exp+1": 0.0899610698223114, "exp+2": 0.12627755403518678, "obs": 0.055333854718622316}, "110.0": {"exp-2": 0.034759521484375, "exp-1": 0.046874284744262695, "exp0": 0.06640625, "exp+1": 0.09578774571418763, "exp+2": 0.13455517292022706, "obs": 0.06011894913340805}, "190.0": {"exp-2": 0.02463836669921875, "exp-1": 0.03305034637451172, "exp0": 0.0470703125, "exp+1": 0.06827185750007629, "exp+2": 0.09597960114479065, "obs": 0.02055645830000299}, "100.0": {"exp-2": 0.03772430419921875, "exp-1": 0.05087238550186157, "exp0": 0.0720703125, "exp+1": 0.10410151481628419, "exp+2": 0.14601075649261475, "obs": 0.06962723401120366}, "170.0": {"exp-2": 0.020804595947265626, "exp-1": 0.02790765762329102, "exp0": 0.03974609375, "exp+1": 0.05764864087104798, "exp+2": 0.08110674619674683, "obs": 0.01858044178987747}, "60.0": {"exp-2": 0.044391632080078125, "exp-1": 0.05962299704551697, "exp0": 0.0841796875, "exp+1": 0.121089506149292, "exp+2": 0.169038200378418, "obs": 0.10067427497047593}, "250.0": {"exp-2": 0.084869384765625, "exp-1": 0.11398921012878419, "exp0": 0.1609375, "exp+1": 0.23182365894317628, "exp+2": 0.32287647724151614, "obs": 0.06784003927617946}, "85.0": {"exp-2": 0.041301727294921875, "exp-1": 0.055472904443740846, "exp0": 0.0783203125, "exp+1": 0.11281709671020508, "exp+2": 0.1576176166534424, "obs": 0.08271638355595512}}