{"600.0": {"exp-2": 0.0033860206604003906, "exp-1": 0.004547809809446335, "exp0": 0.0064208984375, "exp+1": 0.00917225107550621, "exp+2": 0.012640021741390228, "obs": 0.0037754152809700322}, "80.0": {"exp-2": 0.0029583930969238285, "exp-1": 0.0039894841611385345, "exp0": 0.0056518554687500005, "exp+1": 0.008107466250658035, "exp+2": 0.011246105283498765, "obs": 0.0027896431167038615}, "70.0": {"exp-2": 0.0025430679321289066, "exp-1": 0.003429405391216278, "exp0": 0.0048583984375000005, "exp+1": 0.006988634914159775, "exp+2": 0.009710359573364259, "obs": 0.002205856441807183}, "90.0": {"exp-2": 0.0037078857421875, "exp-1": 0.004980111122131348, "exp0": 0.00703125, "exp+1": 0.010030124336481094, "exp+2": 0.01384330987930298, "obs": 0.003295180495009795}, "150.0": {"exp-2": 0.0066925048828125, "exp-1": 0.008999204635620118, "exp0": 0.01259765625, "exp+1": 0.017870210111141205, "exp+2": 0.024396613240242004, "obs": 0.006962533748722688}, "300.0": {"exp-2": 0.0057586669921875005, "exp-1": 0.007703804969787598, "exp0": 0.010839843750000001, "exp+1": 0.0153766930103302, "exp+2": 0.02104395627975464, "obs": 0.006157258003257399}, "900.0": {"exp-2": 0.006308555603027344, "exp-1": 0.008473105728626251, "exp0": 0.011962890625, "exp+1": 0.017041300237178803, "exp+2": 0.023404842615127566, "obs": 0.007147673646168886}, "400.0": {"exp-2": 0.004776477813720703, "exp-1": 0.00641535148024559, "exp0": 0.0090576171875, "exp+1": 0.012866593897342682, "exp+2": 0.017667920887470247, "obs": 0.005121125669148118}, "190.0": {"exp-2": 0.006705474853515626, "exp-1": 0.008970421552658082, "exp0": 0.0126220703125, "exp+1": 0.017904841899871828, "exp+2": 0.024443893134593966, "obs": 0.006980147743220999}, "450.0": {"exp-2": 0.004370880126953125, "exp-1": 0.005847257375717164, "exp0": 0.0082275390625, "exp+1": 0.011736638844013214, "exp+2": 0.016107800602912902, "obs": 0.004662248171243142}, "250.0": {"exp-2": 0.0062255859375, "exp-1": 0.008328437805175781, "exp0": 0.01171875, "exp+1": 0.016600094735622406, "exp+2": 0.022715803980827332, "obs": 0.006481382609157364}, "170.0": {"exp-2": 0.006640625000000001, "exp-1": 0.0088836669921875, "exp0": 0.012499999999999999, "exp+1": 0.017706768214702608, "exp+2": 0.02419053465127945, "obs": 0.007005039080864941}, "100.0": {"exp-2": 0.00542144775390625, "exp-1": 0.007290053367614746, "exp0": 0.010205078125000001, "exp+1": 0.014496594667434692, "exp+2": 0.019841584563255313, "obs": 0.005169043821107643}, "350.0": {"exp-2": 0.005252838134765625, "exp-1": 0.007027119398117065, "exp0": 0.0098876953125, "exp+1": 0.014065450429916382, "exp+2": 0.019284717738628387, "obs": 0.005448114438866818}, "650.0": {"exp-2": 0.0033473968505859375, "exp-1": 0.004495933651924133, "exp0": 0.00634765625, "exp+1": 0.009067624807357788, "exp+2": 0.012505833804607392, "obs": 0.003801424937797372}, "800.0": {"exp-2": 0.004042625427246094, "exp-1": 0.005429704487323762, "exp0": 0.0076660156250000005, "exp+1": 0.010935621708631516, "exp+2": 0.015056797862052919, "obs": 0.005128954915982757}, "60.0": {"exp-2": 0.002568626403808594, "exp-1": 0.0034638717770576477, "exp0": 0.0049072265625, "exp+1": 0.007049091905355454, "exp+2": 0.009801589697599412, "obs": 0.0022717950519643136}, "1000.0": {"exp-2": 0.019195556640625, "exp-1": 0.025679349899291992, "exp0": 0.0361328125, "exp+1": 0.05132765173912049, "exp+2": 0.07030966877937317, "obs": 0.022565828256295314}, "120.0": {"exp-2": 0.00682220458984375, "exp-1": 0.00917360782623291, "exp0": 0.012841796875, "exp+1": 0.018216532468795777, "exp+2": 0.024849070608615877, "obs": 0.0069799430628579495}, "550.0": {"exp-2": 0.003540515899658203, "exp-1": 0.004755314439535141, "exp0": 0.0067138671875, "exp+1": 0.009577375650405884, "exp+2": 0.013197270035743714, "obs": 0.004061386161751077}, "700.0": {"exp-2": 0.0033087730407714844, "exp-1": 0.004444057494401932, "exp0": 0.006274414062500001, "exp+1": 0.008962997794151306, "exp+2": 0.012341777235269547, "obs": 0.003759066504559252}, "500.0": {"exp-2": 0.003875255584716797, "exp-1": 0.0052049078047275545, "exp0": 0.0073486328125, "exp+1": 0.010482873022556306, "exp+2": 0.01441025584936142, "obs": 0.004404278194171371}}