{"600.0": {"exp-2": 10964584350.585938, "exp-1": 14786079525.94757, "exp+2": 42024880647.6593, "exp+1": 30173650383.949284, "exp0": 20947265625.000004, "obs": 22818758157.479443}, "80.0": {"exp-2": 1712322235.1074219, "exp-1": 2318535000.0858307, "exp+2": 6672182679.1763315, "exp+1": 4760739952.325822, "exp0": 3295898437.5, "obs": 3795185323.6623645}, "70.0": {"exp-2": 1772570610.046387, "exp-1": 2400113083.4221845, "exp+2": 6900649517.774582, "exp+1": 4935047402.977944, "exp0": 3411865234.3750005, "obs": 3988239232.332733}, "90.0": {"exp-2": 1591825485.2294922, "exp-1": 2143877744.6746829, "exp+2": 6234258785.843849, "exp+1": 4437937960.028649, "exp0": 3063964843.75, "obs": 3232544640.9235945}, "150.0": {"exp-2": 1667690277.0996094, "exp-1": 2237069606.781006, "exp+2": 6429908424.615861, "exp+1": 4602048546.075821, "exp0": 3186035156.25, "obs": 2689562119.923315}, "300.0": {"exp-2": 2217197418.2128906, "exp-1": 2989958971.7388153, "exp+2": 8498038351.535798, "exp+1": 6101548299.193383, "exp0": 4235839843.7500005, "obs": 4172968762.2026396}, "350.0": {"exp-2": 2619743347.1679688, "exp-1": 3532804548.740387, "exp+2": 10040909796.953201, "exp+1": 7209321856.498718, "exp0": 5004882812.5, "obs": 6713923412.822578}, "550.0": {"exp-2": 6849670410.156251, "exp-1": 9236991405.48706, "exp+2": 26426139473.915104, "exp+1": 18927980959.415436, "exp0": 13085937500.0, "obs": 13665794346.071917}, "450.0": {"exp-2": 3297042846.679688, "exp-1": 4446163773.536682, "exp+2": 12599167227.745056, "exp+1": 9060642123.222351, "exp0": 6298828125.0, "obs": 8602600702.514914}, "100.0": {"exp-2": 1598167419.433594, "exp-1": 2152419090.270996, "exp+2": 6259096413.850785, "exp+1": 4455618932.843208, "exp0": 3076171875.0000005, "obs": 3277095566.165093}, "170.0": {"exp-2": 1923274993.8964844, "exp-1": 2593595534.5630646, "exp+2": 7371497154.235841, "exp+1": 5292697623.372079, "exp0": 3674316406.25, "obs": 3565032067.7732134}, "250.0": {"exp-2": 1974391937.2558596, "exp-1": 2662528306.245804, "exp+2": 7573312520.980835, "exp+1": 5433367192.74521, "exp0": 3771972656.2500005, "obs": 3619604540.6987224}, "85.0": {"exp-2": 1610851287.841797, "exp-1": 2181140333.4140778, "exp+2": 6303950399.160385, "exp+1": 4490981251.001358, "exp0": 3100585937.5000005, "obs": 3295747659.248045}, "400.0": {"exp-2": 2760314941.40625, "exp-1": 3722369670.86792, "exp+2": 10556391626.596453, "exp+1": 7585653662.681581, "exp0": 5273437500.0, "obs": 7173145739.550219}, "650.0": {"exp-2": 22504806518.554688, "exp-1": 30226507782.936096, "exp+2": 84212076663.97096, "exp+1": 60962337255.477905, "exp0": 42675781250.0, "obs": 43300771161.35666}, "95.0": {"exp-2": 1591825485.2294922, "exp-1": 2143877744.6746829, "exp+2": 6234258785.843849, "exp+1": 4437937960.028649, "exp0": 3063964843.75, "obs": 3261301708.4021473}, "75.0": {"exp-2": 1753544807.4340823, "exp-1": 2374351583.4212303, "exp+2": 6837092339.992523, "exp+1": 4882077500.224114, "exp0": 3375244140.6250005, "obs": 3837295260.5084352}, "130.0": {"exp-2": 1648521423.339844, "exp-1": 2211356163.0249023, "exp+2": 6342148035.764695, "exp+1": 4542874544.8589325, "exp0": 3149414062.5, "obs": 2674317224.8679748}, "120.0": {"exp-2": 1642560958.862305, "exp-1": 2224076166.7490005, "exp+2": 6385566294.193269, "exp+1": 4566783830.523491, "exp0": 3161621093.7500005, "obs": 2688472050.1129503}, "110.0": {"exp-2": 1591825485.2294922, "exp-1": 2155378833.413124, "exp+2": 6179640069.60392, "exp+1": 4419618472.456932, "exp0": 3063964843.75, "obs": 2636457131.141927}, "190.0": {"exp-2": 1897716522.2167969, "exp-1": 2559129148.721695, "exp+2": 7268866151.571275, "exp+1": 5215137079.358102, "exp0": 3625488281.2500005, "obs": 3496443844.2121787}, "60.0": {"exp-2": 1782083511.352539, "exp-1": 2412993833.4226613, "exp+2": 6979389488.697052, "exp+1": 4968369007.110597, "exp0": 3430175781.25, "obs": 4012364974.252405}, "500.0": {"exp-2": 4498291015.625, "exp-1": 6066083908.081055, "exp+2": 17178438603.878021, "exp+1": 12344678491.35399, "exp0": 8593750000.0, "obs": 11407451098.065079}}