{"80.0": {"exp-2": 0.005400466918945313, "exp-1": 0.007342538237571717, "exp0": 0.010473632812500001, "exp+1": 0.015274693071842194, "exp+2": 0.021635648608207703, "obs": 0.004565704260582427}, "70.0": {"exp-2": 0.0051361083984375, "exp-1": 0.006983113288879395, "exp0": 0.009960937500000001, "exp+1": 0.014507128298282624, "exp+2": 0.02054891586303711, "obs": 0.004370114517889242}, "95.0": {"exp-2": 0.0063194274902343755, "exp-1": 0.008545589447021485, "exp0": 0.012255859375, "exp+1": 0.017898309230804443, "exp+2": 0.025407955050468445, "obs": 0.005349245040235831}, "90.0": {"exp-2": 0.005929183959960938, "exp-1": 0.008017873764038086, "exp0": 0.0114990234375, "exp+1": 0.016793034970760345, "exp+2": 0.023821189999580383, "obs": 0.004948438115609087}, "150.0": {"exp-2": 0.01911773681640625, "exp-1": 0.025780856609344482, "exp0": 0.0365234375, "exp+1": 0.05297442674636841, "exp+2": 0.07436034679412842, "obs": 0.01897237756604561}, "75.0": {"exp-2": 0.005161285400390625, "exp-1": 0.006979465484619141, "exp0": 0.010009765625, "exp+1": 0.014578241109848024, "exp+2": 0.020649644732475284, "obs": 0.004381954724312262}, "130.0": {"exp-2": 0.011795997619628906, "exp-1": 0.015886902809143066, "exp0": 0.022705078125, "exp+1": 0.03311296999454499, "exp+2": 0.046902456879615785, "obs": 0.010894832543888554}, "120.0": {"exp-2": 0.00994415283203125, "exp-1": 0.013392829895019533, "exp0": 0.019140625, "exp+1": 0.027952736616134646, "exp+2": 0.03959232270717621, "obs": 0.008838232169030505}, "110.0": {"exp-2": 0.008106994628906251, "exp-1": 0.010962867736816408, "exp0": 0.01572265625, "exp+1": 0.022992512583732607, "exp+2": 0.032638490200042725, "obs": 0.0069698921529716745}, "300.0": {"exp-2": 0.269439697265625, "exp-1": 0.36188807487487795, "exp0": 0.5109375, "exp+1": 0.7359838962554932, "exp+2": 1.0274500846862793, "obs": 0.48101837921317564}, "190.0": {"exp-2": 0.046311950683593756, "exp-1": 0.06245309114456177, "exp0": 0.08847656250000001, "exp+1": 0.1277994155883789, "exp+2": 0.1791110396385193, "obs": 0.05627458789136}, "100.0": {"exp-2": 0.006646728515625, "exp-1": 0.008988189697265626, "exp0": 0.012890625000000001, "exp+1": 0.018851004540920258, "exp+2": 0.02681911885738373, "obs": 0.005618827678182366}, "170.0": {"exp-2": 0.030465698242187502, "exp-1": 0.0410839319229126, "exp0": 0.058203125, "exp+1": 0.08383914232254029, "exp+2": 0.11713229417800904, "obs": 0.03704274917145417}, "60.0": {"exp-2": 0.004985046386718751, "exp-1": 0.006777727603912354, "exp0": 0.00966796875, "exp+1": 0.014099717140197754, "exp+2": 0.019971369206905367, "obs": 0.004247964483542708}, "250.0": {"exp-2": 0.14007568359375, "exp-1": 0.18813753128051758, "exp0": 0.265625, "exp+1": 0.38103339672088626, "exp+2": 0.5306261062622071, "obs": 0.20556250660775227}, "85.0": {"exp-2": 0.005627059936523438, "exp-1": 0.007650616765022278, "exp0": 0.0109130859375, "exp+1": 0.015915589034557344, "exp+2": 0.022560302913188935, "obs": 0.0047141892860680275}}