{"110.0": {"exp-2": 3.8235473632812505e+20, "exp-1": 5.128974914550782e+20, "exp+2": 1.4885590076446535e+21, "exp+1": 1.0580327510833741e+21, "exp0": 7.3046875e+20, "obs": 3.740509005682755e+20}, "80.0": {"exp-2": 6.113586425781251e+20, "exp-1": 8.244359493255615e+20, "exp+2": 2.3746533393859865e+21, "exp+1": 1.691720724105835e+21, "exp0": 1.1679687500000001e+21, "obs": 8.073331165720732e+20}, "70.0": {"exp-2": 5.6433105468750004e+20, "exp-1": 7.610177993774414e+20, "exp+2": 2.2000455856323242e+21, "exp+1": 1.563737154006958e+21, "exp0": 1.0781250000000001e+21, "obs": 7.148877416496413e+20}, "95.0": {"exp-2": 5.175018310546875e+20, "exp-1": 7.0071280002594e+20, "exp+2": 2.035744905471802e+21, "exp+1": 1.444757103919983e+21, "exp0": 9.9609375e+20, "obs": 4.504901414716711e+20}, "90.0": {"exp-2": 5.5615234375000005e+20, "exp-1": 7.4603271484375e+20, "exp+2": 2.1714611053466797e+21, "exp+1": 1.541074275970459e+21, "exp0": 1.0625000000000001e+21, "obs": 4.4750853198844946e+20}, "100.0": {"exp-2": 5.0025177001953126e+20, "exp-1": 6.77355706691742e+20, "exp+2": 1.9735708236694338e+21, "exp+1": 1.3985176086425782e+21, "exp0": 9.62890625e+20, "obs": 4.268731957788189e+20}, "60.0": {"exp-2": 5.90911865234375e+20, "exp-1": 7.926597595214845e+20, "exp+2": 2.3022558689117434e+21, "exp+1": 1.6351414918899538e+21, "exp0": 1.1289062500000001e+21, "obs": 7.757718754376748e+20}, "75.0": {"exp-2": 5.8682250976562505e+20, "exp-1": 7.913482189178466e+20, "exp+2": 2.2828364372253417e+21, "exp+1": 1.6238256692886354e+21, "exp0": 1.1210937500000002e+21, "obs": 6.85106829216074e+20}, "85.0": {"exp-2": 6.563415527343751e+20, "exp-1": 8.804283142089844e+20, "exp+2": 2.5458431243896483e+21, "exp+1": 1.8136961460113527e+21, "exp0": 1.25390625e+21, "obs": 5.2987421311146394e+20}}