{"600.0": {"exp-2": 0.00635528564453125, "exp-1": 0.008501946926116943, "exp0": 0.011962890625, "exp+1": 0.017041300237178803, "exp+2": 0.02342372536659241, "obs": 0.01163064294551356}, "80.0": {"exp-2": 0.0020728111267089844, "exp-1": 0.0027840204536914827, "exp0": 0.0039306640625, "exp+1": 0.005607118085026741, "exp+2": 0.0077202051877975466, "obs": 0.004066832416815864}, "70.0": {"exp-2": 0.0021432876586914063, "exp-1": 0.002867238223552704, "exp0": 0.0040344238281250005, "exp+1": 0.0057551320642232895, "exp+2": 0.00791763886809349, "obs": 0.0039618838071917946}, "90.0": {"exp-2": 0.0018990039825439453, "exp-1": 0.0025505777448415756, "exp0": 0.00360107421875, "exp+1": 0.005151310190558434, "exp+2": 0.007093758881092072, "obs": 0.0039248223972406186}, "150.0": {"exp-2": 0.0014805793762207031, "exp-1": 0.001988586038351059, "exp0": 0.0028076171875, "exp+1": 0.004027466848492623, "exp+2": 0.005577809363603592, "obs": 0.0032853055387686452}, "300.0": {"exp-2": 0.0014709234237670898, "exp-1": 0.0019756169989705087, "exp0": 0.002789306640625, "exp+1": 0.004001200944185257, "exp+2": 0.005537056550383568, "obs": 0.0032749213084318596}, "400.0": {"exp-2": 0.0018146514892578127, "exp-1": 0.0024471133947372437, "exp0": 0.0034667968750000003, "exp+1": 0.004973046109080315, "exp+2": 0.006881943345069886, "obs": 0.0041305770917181945}, "190.0": {"exp-2": 0.0014376640319824219, "exp-1": 0.0019387342035770416, "exp0": 0.00274658203125, "exp+1": 0.003934439271688461, "exp+2": 0.005440018326044083, "obs": 0.003200927649231524}, "450.0": {"exp-2": 0.0022427558898925784, "exp-1": 0.003024425357580185, "exp0": 0.00428466796875, "exp+1": 0.00614626482129097, "exp+2": 0.008498778939247132, "obs": 0.005163862067793491}, "100.0": {"exp-2": 0.0016994476318359375, "exp-1": 0.0022825509309768676, "exp0": 0.0032226562500000003, "exp+1": 0.0046099860221147535, "exp+2": 0.006373652815818787, "obs": 0.0037110758448433614}, "170.0": {"exp-2": 0.0014504432678222657, "exp-1": 0.0019559673964977264, "exp0": 0.0027709960937500003, "exp+1": 0.003974934667348862, "exp+2": 0.00549636147916317, "obs": 0.003228877791154148}, "250.0": {"exp-2": 0.0014121055603027344, "exp-1": 0.001904267817735672, "exp0": 0.00269775390625, "exp+1": 0.0038644935935735706, "exp+2": 0.005351781472563744, "obs": 0.003158685717217467}, "85.0": {"exp-2": 0.0019698143005371094, "exp-1": 0.0026456840336322785, "exp0": 0.0037353515625, "exp+1": 0.0053359482437372215, "exp+2": 0.0073533207178115845, "obs": 0.00397201002430841}, "350.0": {"exp-2": 0.001581430435180664, "exp-1": 0.002132607623934746, "exp0": 0.003021240234375, "exp+1": 0.004333904758095741, "exp+2": 0.005997468531131745, "obs": 0.0036111421761993246}, "850.0": {"exp-2": 0.20151977539062502, "exp-1": 0.2685283184051514, "exp0": 0.3765625, "exp+1": 0.5311649322509766, "exp+2": 0.7236102581024171, "obs": 0.2057182972417731}, "650.0": {"exp-2": 0.0103759765625, "exp-1": 0.013952255249023438, "exp0": 0.01953125, "exp+1": 0.027744677662849427, "exp+2": 0.037974324822425846, "obs": 0.01615457105563992}, "800.0": {"exp-2": 0.09027099609375, "exp-1": 0.12076234817504883, "exp0": 0.169921875, "exp+1": 0.24104003906250002, "exp+2": 0.32987821102142334, "obs": 0.1268502566447784}, "95.0": {"exp-2": 0.001821756362915039, "exp-1": 0.002446825429797173, "exp0": 0.00345458984375, "exp+1": 0.0049279950559139255, "exp+2": 0.006801487505435944, "obs": 0.0037805284416819493}, "700.0": {"exp-2": 0.017846679687500002, "exp-1": 0.02387485504150391, "exp0": 0.03359375, "exp+1": 0.047720846533775334, "exp+2": 0.06536899209022522, "obs": 0.026878876448058045}, "75.0": {"exp-2": 0.0021270751953125, "exp-1": 0.0028455495834350587, "exp0": 0.0040039062500000005, "exp+1": 0.005711598694324494, "exp+2": 0.007864059507846832, "obs": 0.004123632939927616}, "130.0": {"exp-2": 0.0014728069305419923, "exp-1": 0.001986125484108925, "exp0": 0.002813720703125, "exp+1": 0.004036222398281097, "exp+2": 0.0055855210870504384, "obs": 0.003249674277160615}, "120.0": {"exp-2": 0.0015192031860351562, "exp-1": 0.0020404621958732606, "exp0": 0.002880859375, "exp+1": 0.004132531210780144, "exp+2": 0.005718798190355302, "obs": 0.0033483970749942993}, "110.0": {"exp-2": 0.0015835762023925781, "exp-1": 0.002126922458410263, "exp0": 0.0030029296875, "exp+1": 0.0043076384812593465, "exp+2": 0.005956409126520157, "obs": 0.0034073344075140825}, "550.0": {"exp-2": 0.004158496856689453, "exp-1": 0.005585332959890366, "exp0": 0.007885742187500001, "exp+1": 0.011264779418706895, "exp+2": 0.015523678064346314, "obs": 0.00874475409750481}, "60.0": {"exp-2": 0.001886129379272461, "exp-1": 0.0025332856923341754, "exp0": 0.00357666015625, "exp+1": 0.0051163859665393835, "exp+2": 0.007062539458274841, "obs": 0.0034842930027594965}, "500.0": {"exp-2": 0.002948284149169922, "exp-1": 0.003959880024194717, "exp0": 0.0055908203125000005, "exp+1": 0.008008769899606706, "exp+2": 0.011064678430557251, "obs": 0.006539669254016354}, "750.0": {"exp-2": 0.036730957031250004, "exp-1": 0.049137783050537114, "exp0": 0.069140625, "exp+1": 0.09807836413383485, "exp+2": 0.13433585166931153, "obs": 0.057067797964196955}}