{"600.0": {"exp-2": 0.010964584350585938, "exp-1": 0.01478607952594757, "exp+2": 0.0420248806476593, "exp+1": 0.030173650383949282, "exp0": 0.020947265625000003, "obs": 0.02281875815747944}, "80.0": {"exp-2": 0.0017123222351074219, "exp-1": 0.0023185350000858307, "exp+2": 0.006672182679176331, "exp+1": 0.0047607399523258214, "exp0": 0.0032958984375, "obs": 0.0037951853236623647}, "70.0": {"exp-2": 0.001772570610046387, "exp-1": 0.0024001130834221843, "exp+2": 0.006900649517774582, "exp+1": 0.004935047402977944, "exp0": 0.0034118652343750003, "obs": 0.003988239232332733}, "90.0": {"exp-2": 0.0015918254852294923, "exp-1": 0.002143877744674683, "exp+2": 0.0062342587858438495, "exp+1": 0.004437937960028649, "exp0": 0.00306396484375, "obs": 0.0032325446409235945}, "150.0": {"exp-2": 0.0016676902770996094, "exp-1": 0.002237069606781006, "exp+2": 0.0064299084246158605, "exp+1": 0.004602048546075821, "exp0": 0.00318603515625, "obs": 0.002689562119923315}, "300.0": {"exp-2": 0.0022171974182128907, "exp-1": 0.0029899589717388153, "exp+2": 0.008498038351535798, "exp+1": 0.006101548299193383, "exp0": 0.00423583984375, "obs": 0.0041729687622026395}, "350.0": {"exp-2": 0.0026197433471679688, "exp-1": 0.003532804548740387, "exp+2": 0.010040909796953202, "exp+1": 0.007209321856498719, "exp0": 0.0050048828125, "obs": 0.006713923412822578}, "550.0": {"exp-2": 0.0068496704101562505, "exp-1": 0.00923699140548706, "exp+2": 0.026426139473915103, "exp+1": 0.018927980959415436, "exp0": 0.0130859375, "obs": 0.013665794346071916}, "450.0": {"exp-2": 0.0032970428466796878, "exp-1": 0.004446163773536682, "exp+2": 0.012599167227745057, "exp+1": 0.009060642123222351, "exp0": 0.006298828125, "obs": 0.008602600702514913}, "100.0": {"exp-2": 0.001598167419433594, "exp-1": 0.002152419090270996, "exp+2": 0.006259096413850785, "exp+1": 0.004455618932843209, "exp0": 0.0030761718750000003, "obs": 0.003277095566165093}, "170.0": {"exp-2": 0.0019232749938964844, "exp-1": 0.0025935955345630646, "exp+2": 0.0073714971542358405, "exp+1": 0.005292697623372079, "exp0": 0.00367431640625, "obs": 0.0035650320677732134}, "250.0": {"exp-2": 0.0019743919372558595, "exp-1": 0.002662528306245804, "exp+2": 0.007573312520980835, "exp+1": 0.005433367192745209, "exp0": 0.0037719726562500003, "obs": 0.003619604540698722}, "85.0": {"exp-2": 0.001610851287841797, "exp-1": 0.002181140333414078, "exp+2": 0.006303950399160385, "exp+1": 0.004490981251001358, "exp0": 0.0031005859375000003, "obs": 0.003295747659248045}, "400.0": {"exp-2": 0.00276031494140625, "exp-1": 0.00372236967086792, "exp+2": 0.010556391626596452, "exp+1": 0.00758565366268158, "exp0": 0.0052734375, "obs": 0.0071731457395502185}, "650.0": {"exp-2": 0.022504806518554688, "exp-1": 0.030226507782936098, "exp+2": 0.08421207666397096, "exp+1": 0.06096233725547791, "exp0": 0.04267578125, "obs": 0.04330077116135666}, "95.0": {"exp-2": 0.0015918254852294923, "exp-1": 0.002143877744674683, "exp+2": 0.0062342587858438495, "exp+1": 0.004437937960028649, "exp0": 0.00306396484375, "obs": 0.003261301708402147}, "75.0": {"exp-2": 0.0017535448074340822, "exp-1": 0.0023743515834212304, "exp+2": 0.006837092339992523, "exp+1": 0.004882077500224114, "exp0": 0.0033752441406250003, "obs": 0.0038372952605084353}, "130.0": {"exp-2": 0.0016485214233398439, "exp-1": 0.0022113561630249024, "exp+2": 0.006342148035764695, "exp+1": 0.004542874544858933, "exp0": 0.0031494140625, "obs": 0.0026743172248679748}, "120.0": {"exp-2": 0.0016425609588623048, "exp-1": 0.0022240761667490006, "exp+2": 0.006385566294193268, "exp+1": 0.004566783830523491, "exp0": 0.0031616210937500003, "obs": 0.00268847205011295}, "110.0": {"exp-2": 0.0015918254852294923, "exp-1": 0.002155378833413124, "exp+2": 0.00617964006960392, "exp+1": 0.004419618472456932, "exp0": 0.00306396484375, "obs": 0.0026364571311419268}, "190.0": {"exp-2": 0.001897716522216797, "exp-1": 0.002559129148721695, "exp+2": 0.007268866151571274, "exp+1": 0.005215137079358102, "exp0": 0.0036254882812500003, "obs": 0.0034964438442121786}, "60.0": {"exp-2": 0.0017820835113525391, "exp-1": 0.002412993833422661, "exp+2": 0.006979389488697052, "exp+1": 0.004968369007110596, "exp0": 0.00343017578125, "obs": 0.004012364974252405}, "500.0": {"exp-2": 0.004498291015625, "exp-1": 0.006066083908081055, "exp+2": 0.01717843860387802, "exp+1": 0.01234467849135399, "exp0": 0.00859375, "obs": 0.01140745109806508}}