{"80.0": {"exp-2": 0.11531982421875, "exp-1": 0.15551233291625977, "exp0": 0.22031250000000002, "exp+1": 0.31778993606567385, "exp+2": 0.4450309753417969, "obs": 0.16834288194696198}, "70.0": {"exp-2": 0.1097991943359375, "exp-1": 0.14806759357452393, "exp0": 0.209765625, "exp+1": 0.30215852260589604, "exp+2": 0.4221479415893555, "obs": 0.15449195141146332}, "95.0": {"exp-2": 0.130859375, "exp-1": 0.1764678955078125, "exp0": 0.25, "exp+1": 0.3606126785278321, "exp+2": 0.5042191982269287, "obs": 0.18935454507946028}, "90.0": {"exp-2": 0.126361083984375, "exp-1": 0.17040181159973145, "exp0": 0.24140625000000002, "exp+1": 0.3477355003356934, "exp+2": 0.48657846450805664, "obs": 0.17627788394840446}, "150.0": {"exp-2": 0.0959930419921875, "exp-1": 0.12892954349517824, "exp0": 0.18203125, "exp+1": 0.26111993789672855, "exp+2": 0.36392049789428715, "obs": 0.09774403521291782}, "75.0": {"exp-2": 0.11409301757812501, "exp-1": 0.15385794639587402, "exp0": 0.21796875000000002, "exp+1": 0.31484360694885255, "exp+2": 0.44057407379150393, "obs": 0.15038507162415357}, "130.0": {"exp-2": 0.139251708984375, "exp-1": 0.18703083992004396, "exp0": 0.26406250000000003, "exp+1": 0.37931830883026124, "exp+2": 0.5282602787017823, "obs": 0.1599870779692709}, "120.0": {"exp-2": 0.14996337890625, "exp-1": 0.2014178276062012, "exp0": 0.284375, "exp+1": 0.4096301555633545, "exp+2": 0.5722973823547364, "obs": 0.17924346425839124}, "110.0": {"exp-2": 0.1483154296875, "exp-1": 0.1992044448852539, "exp0": 0.28125, "exp+1": 0.40512871742248535, "exp+2": 0.5660083770751954, "obs": 0.16247132000034592}, "190.0": {"exp-2": 0.0341461181640625, "exp-1": 0.04580421447753907, "exp0": 0.065234375, "exp+1": 0.09435740113258362, "exp+2": 0.13285359144210815, "obs": 0.07443263431126389}, "100.0": {"exp-2": 0.1390380859375, "exp-1": 0.18749713897705078, "exp0": 0.265625, "exp+1": 0.3836803674697876, "exp+2": 0.537728500366211, "obs": 0.1573316230734914}, "170.0": {"exp-2": 0.055206298828125, "exp-1": 0.0744473934173584, "exp0": 0.10546875, "exp+1": 0.1523436784744263, "exp+2": 0.21383869647979736, "obs": 0.08094119991621201}, "60.0": {"exp-2": 0.0999847412109375, "exp-1": 0.134832501411438, "exp0": 0.19101562500000002, "exp+1": 0.275149941444397, "exp+2": 0.38441405296325687, "obs": 0.14568763567509713}, "85.0": {"exp-2": 0.1226806640625, "exp-1": 0.16543865203857422, "exp0": 0.234375, "exp+1": 0.33714017868041996, "exp+2": 0.47100677490234377, "obs": 0.18682009436905106}}