{"600.0": {"exp-2": 0.0026255607604980472, "exp-1": 0.003555087000131607, "exp0": 0.005053710937500001, "exp+1": 0.0073098734021186836, "exp+2": 0.010252831131219865, "obs": 0.002634450589004319}, "80.0": {"exp-2": 0.0016270637512207033, "exp-1": 0.0022121749818325045, "exp0": 0.003155517578125, "exp+1": 0.004614568874239922, "exp+2": 0.006565096974372864, "obs": 0.001594061784693984}, "70.0": {"exp-2": 0.0018568038940429688, "exp-1": 0.002524532377719879, "exp0": 0.00360107421875, "exp+1": 0.005251788347959519, "exp+2": 0.007444395124912262, "obs": 0.0018481485137898023}, "90.0": {"exp-2": 0.0013595581054687501, "exp-1": 0.001838493347167969, "exp0": 0.00263671875, "exp+1": 0.0038716524839401247, "exp+2": 0.005527712777256966, "obs": 0.0013288603902698167}, "150.0": {"exp-2": 0.0061283111572265625, "exp-1": 0.008231016993522645, "exp0": 0.01162109375, "exp+1": 0.01664704978466034, "exp+2": 0.023126839101314547, "obs": 0.006591982040839918}, "1400.0": {"exp-2": 0.012480926513671876, "exp-1": 0.01689954400062561, "exp0": 0.0240234375, "exp+1": 0.03474838435649872, "exp+2": 0.048738095164299014, "obs": 0.014085952165072135}, "300.0": {"exp-2": 0.004638862609863281, "exp-1": 0.006255649030208588, "exp0": 0.008862304687500001, "exp+1": 0.01274811327457428, "exp+2": 0.017768339812755586, "obs": 0.0048844814873783594}, "900.0": {"exp-2": 0.0014854431152343751, "exp-1": 0.0020196259021759036, "exp0": 0.002880859375, "exp+1": 0.004184205830097198, "exp+2": 0.005909168347716332, "obs": 0.001481127164849768}, "400.0": {"exp-2": 0.0038209915161132816, "exp-1": 0.0051527246832847595, "exp0": 0.0072998046875000005, "exp+1": 0.01052960902452469, "exp+2": 0.014688624441623688, "obs": 0.003910877860609193}, "190.0": {"exp-2": 0.0057163238525390625, "exp-1": 0.007677671313285828, "exp0": 0.010839843750000001, "exp+1": 0.015571129322052003, "exp+2": 0.021651273965835573, "obs": 0.006085563632661717}, "450.0": {"exp-2": 0.0034759521484375, "exp-1": 0.0046874284744262695, "exp0": 0.006640625000000001, "exp+1": 0.009578774869441987, "exp+2": 0.013372592628002167, "obs": 0.003551776538130151}, "250.0": {"exp-2": 0.005098915100097657, "exp-1": 0.006876043975353241, "exp0": 0.009741210937500001, "exp+1": 0.013992974162101747, "exp+2": 0.019456888735294345, "obs": 0.005348948023580687}, "170.0": {"exp-2": 0.00603179931640625, "exp-1": 0.008134067058563232, "exp0": 0.0115234375, "exp+1": 0.016507159173488616, "exp+2": 0.022932496666908265, "obs": 0.006682585594814411}, "100.0": {"exp-2": 0.0012180805206298828, "exp-1": 0.0016539394855499268, "exp0": 0.00238037109375, "exp+1": 0.0034904975444078447, "exp+2": 0.0049984268844127655, "obs": 0.0011793769423101405}, "1100.0": {"exp-2": 0.0014854431152343751, "exp-1": 0.0020196259021759036, "exp0": 0.002880859375, "exp+1": 0.004195689037442207, "exp+2": 0.005934153497219086, "obs": 0.0014862722746287619}, "1300.0": {"exp-2": 0.003694725036621094, "exp-1": 0.005023391544818879, "exp0": 0.00716552734375, "exp+1": 0.010435887426137925, "exp+2": 0.01475994884967804, "obs": 0.004355099115882764}, "350.0": {"exp-2": 0.004255485534667969, "exp-1": 0.005738653242588043, "exp0": 0.008129882812500001, "exp+1": 0.011710752546787263, "exp+2": 0.016335768997669222, "obs": 0.004405705284891338}, "650.0": {"exp-2": 0.002421665191650391, "exp-1": 0.0032484650611877444, "exp0": 0.00462646484375, "exp+1": 0.006701109558343888, "exp+2": 0.009391898661851883, "obs": 0.0024239523625004715}, "800.0": {"exp-2": 0.001855015754699707, "exp-1": 0.0025117462500929832, "exp0": 0.003570556640625, "exp+1": 0.005178816989064217, "exp+2": 0.007286155968904496, "obs": 0.0018391698974503882}, "60.0": {"exp-2": 0.0020833969116210937, "exp-1": 0.002832610905170441, "exp0": 0.00404052734375, "exp+1": 0.005876578763127327, "exp+2": 0.008317916095256806, "obs": 0.0020679862401391}, "1000.0": {"exp-2": 0.0013092041015625002, "exp-1": 0.0017800092697143556, "exp0": 0.0025390625, "exp+1": 0.003697895631194115, "exp+2": 0.005226172879338265, "obs": 0.0013067478767140373}, "120.0": {"exp-2": 0.0017686843872070314, "exp-1": 0.0023917436599731447, "exp0": 0.00343017578125, "exp+1": 0.005029896646738053, "exp+2": 0.007176490873098374, "obs": 0.0016964536687780207}, "1200.0": {"exp-2": 0.0020519256591796874, "exp-1": 0.0027898222208023074, "exp0": 0.0039794921875, "exp+1": 0.005811602249741555, "exp+2": 0.008219283074140549, "obs": 0.002070960137454166}, "550.0": {"exp-2": 0.0029136657714843753, "exp-1": 0.003929167985916138, "exp0": 0.00556640625, "exp+1": 0.008040361106395721, "exp+2": 0.011251219362020493, "obs": 0.0029167988779171903}, "700.0": {"exp-2": 0.002206993103027344, "exp-1": 0.0029883340001106264, "exp0": 0.0042480468750000005, "exp+1": 0.00615299791097641, "exp+2": 0.00863690823316574, "obs": 0.0022212373858275744}, "500.0": {"exp-2": 0.003271484375, "exp-1": 0.0044116973876953125, "exp0": 0.0062499999999999995, "exp+1": 0.009027773886919022, "exp+2": 0.01260371655225754, "obs": 0.003280152433561625}}