{"80.0": {"exp-2": 0.04079132080078125, "exp-1": 0.05523265600204468, "exp0": 0.078515625, "exp+1": 0.11388086080551148, "exp+2": 0.16034265756607058, "obs": 0.04532572850709019}, "70.0": {"exp-2": 0.03581924438476563, "exp-1": 0.04850031733512879, "exp0": 0.06894531250000001, "exp+1": 0.09986244440078736, "exp+2": 0.14049767255783083, "obs": 0.041116986408431457}, "95.0": {"exp-2": 0.0653472900390625, "exp-1": 0.0884821653366089, "exp0": 0.12578125, "exp+1": 0.18243600130081178, "exp+2": 0.2572580575942993, "obs": 0.09314896115291982}, "90.0": {"exp-2": 0.05580902099609375, "exp-1": 0.07556706666946411, "exp0": 0.107421875, "exp+1": 0.15580713748931885, "exp+2": 0.21954112052917482, "obs": 0.07186434733956736}, "150.0": {"exp-2": 0.278076171875, "exp-1": 0.37499427795410156, "exp0": 0.53125, "exp+1": 0.7641843795776367, "exp+2": 1.0676153182983399, "obs": 0.36324818090977673}, "75.0": {"exp-2": 0.03772430419921875, "exp-1": 0.05060405731201172, "exp0": 0.0720703125, "exp+1": 0.10453243255615235, "exp+2": 0.1472921371459961, "obs": 0.04356307646515306}, "130.0": {"exp-2": 0.20364990234375002, "exp-1": 0.2746281623840332, "exp0": 0.38906250000000003, "exp+1": 0.5619789123535156, "exp+2": 0.7870075702667236, "obs": 0.3505650282032507}, "120.0": {"exp-2": 0.14353637695312502, "exp-1": 0.19254226684570314, "exp0": 0.27421875, "exp+1": 0.39664008617401125, "exp+2": 0.55803542137146, "obs": 0.20762486893578017}, "110.0": {"exp-2": 0.1063232421875, "exp-1": 0.14338016510009766, "exp0": 0.203125, "exp+1": 0.2942123174667359, "exp+2": 0.4132990837097168, "obs": 0.17669196901488968}, "100.0": {"exp-2": 0.07524414062500001, "exp-1": 0.100933837890625, "exp0": 0.14375000000000002, "exp+1": 0.20849828720092775, "exp+2": 0.2935626745223999, "obs": 0.11498060625457196}, "60.0": {"exp-2": 0.0361236572265625, "exp-1": 0.04891250133514405, "exp0": 0.06953125, "exp+1": 0.10071113109588624, "exp+2": 0.14179983139038085, "obs": 0.04390690987652068}, "85.0": {"exp-2": 0.049481201171875, "exp-1": 0.0667269229888916, "exp0": 0.09453125000000001, "exp+1": 0.1371102809906006, "exp+2": 0.1927557110786438, "obs": 0.062391308982708005}}