{"600.0": {"exp-2": 0.013680267333984376, "exp-1": 0.018730831146240235, "exp0": 0.0271484375, "exp+1": 0.04094582796096802, "exp+2": 0.06077492833137513, "obs": 0.023853937900273948}, "80.0": {"exp-2": 0.0092041015625, "exp-1": 0.012583732604980469, "exp0": 0.018408203125, "exp+1": 0.02787369191646576, "exp+2": 0.041595843434333805, "obs": 0.015914993484855044}, "70.0": {"exp-2": 0.0100341796875, "exp-1": 0.0137969970703125, "exp0": 0.020068359375, "exp+1": 0.030387499928474428, "exp+2": 0.045407029986381534, "obs": 0.016722728623721716}, "90.0": {"exp-2": 0.0084228515625, "exp-1": 0.011515617370605469, "exp0": 0.016845703125, "exp+1": 0.025574904680252076, "exp+2": 0.03829991817474365, "obs": 0.014281053442144016}, "150.0": {"exp-2": 0.0318878173828125, "exp-1": 0.04366035461425782, "exp0": 0.06328125, "exp+1": 0.095063716173172, "exp+2": 0.1407987952232361, "obs": 0.04928560785785879}, "1400.0": {"exp-2": 0.00489501953125, "exp-1": 0.006692409515380859, "exp0": 0.0097900390625, "exp+1": 0.014863096177577972, "exp+2": 0.022287471592426302, "obs": 0.008302808481913924}, "300.0": {"exp-2": 0.020914077758789062, "exp-1": 0.028635263442993164, "exp0": 0.04150390625, "exp+1": 0.062348884344100956, "exp+2": 0.09240725040435792, "obs": 0.03415126150930956}, "900.0": {"exp-2": 0.00942363739013672, "exp-1": 0.012830232083797456, "exp0": 0.018701171875000002, "exp+1": 0.02820549011230469, "exp+2": 0.04192072451114655, "obs": 0.015079754822702738}, "400.0": {"exp-2": 0.018601226806640624, "exp-1": 0.02546854019165039, "exp0": 0.036914062500000004, "exp+1": 0.05552740097045899, "exp+2": 0.08233782052993775, "obs": 0.031273286451594565}, "1600.0": {"exp-2": 0.00318603515625, "exp-1": 0.004355907440185547, "exp0": 0.0063720703125, "exp+1": 0.00966128557920456, "exp+2": 0.014443010091781616, "obs": 0.004844786262984804}, "190.0": {"exp-2": 0.029754638671875, "exp-1": 0.0403439998626709, "exp0": 0.05859375, "exp+1": 0.0880219578742981, "exp+2": 0.13045729398727418, "obs": 0.04629896564743639}, "450.0": {"exp-2": 0.017223358154296875, "exp-1": 0.023581981658935547, "exp0": 0.0341796875, "exp+1": 0.05141426324844361, "exp+2": 0.07618743181228638, "obs": 0.028264329885784357}, "250.0": {"exp-2": 0.023915863037109377, "exp-1": 0.03274526596069336, "exp0": 0.0474609375, "exp+1": 0.07120319604873658, "exp+2": 0.1054775357246399, "obs": 0.03945085424528764}, "170.0": {"exp-2": 0.03104400634765625, "exp-1": 0.042092239856719976, "exp0": 0.0611328125, "exp+1": 0.0917144000530243, "exp+2": 0.13567805290222168, "obs": 0.05336837690824773}, "100.0": {"exp-2": 0.0078125, "exp-1": 0.01068115234375, "exp0": 0.015625, "exp+1": 0.023752790689468384, "exp+2": 0.035633066296577455, "obs": 0.013201941871360423}, "1100.0": {"exp-2": 0.0072998046875000005, "exp-1": 0.009980201721191406, "exp0": 0.014599609375000001, "exp+1": 0.022048527002334596, "exp+2": 0.0328509122133255, "obs": 0.011779896029089292}, "1300.0": {"exp-2": 0.00556640625, "exp-1": 0.007610321044921875, "exp0": 0.0111328125, "exp+1": 0.016812923550605773, "exp+2": 0.025066834688186646, "obs": 0.009078259828979291}, "2200.0": {"exp-2": 0.003857421875, "exp-1": 0.0052738189697265625, "exp0": 0.00771484375, "exp+1": 0.011651060730218888, "exp+2": 0.01734781265258789, "obs": 0.005637588326123077}, "350.0": {"exp-2": 0.020084381103515625, "exp-1": 0.027232199907302856, "exp0": 0.03955078125, "exp+1": 0.059493649005889895, "exp+2": 0.08810039758682252, "obs": 0.03412214861321502}, "650.0": {"exp-2": 0.013188171386718751, "exp-1": 0.01805706024169922, "exp0": 0.026171875, "exp+1": 0.03947295844554902, "exp+2": 0.05862795114517212, "obs": 0.021932852056563368}, "800.0": {"exp-2": 0.01082611083984375, "exp-1": 0.014822959899902344, "exp0": 0.021484375, "exp+1": 0.03236035406589508, "exp+2": 0.048008459806442264, "obs": 0.018007463756340006}, "60.0": {"exp-2": 0.010815429687500001, "exp-1": 0.0148712158203125, "exp0": 0.021630859375000002, "exp+1": 0.032753437757492065, "exp+2": 0.04887787401676178, "obs": 0.019663637601145034}, "1000.0": {"exp-2": 0.00863628387451172, "exp-1": 0.011758254468441011, "exp0": 0.017138671875, "exp+1": 0.02584889531135559, "exp+2": 0.0384182095527649, "obs": 0.014001466874865455}, "2000.0": {"exp-2": 0.0015805721282958986, "exp-1": 0.002170078083872795, "exp0": 0.00318603515625, "exp+1": 0.004849692434072495, "exp+2": 0.007264254987239838, "obs": 0.0023098691653969327}, "120.0": {"exp-2": 0.006274414062500001, "exp-1": 0.008578300476074219, "exp0": 0.012548828125000001, "exp+1": 0.01912647932767868, "exp+2": 0.028828683495521548, "obs": 0.010280907021895724}, "1800.0": {"exp-2": 0.002056884765625, "exp-1": 0.0028121471405029297, "exp0": 0.00411376953125, "exp+1": 0.006245465576648713, "exp+2": 0.009352950751781464, "obs": 0.0030618552009819347}, "1200.0": {"exp-2": 0.0066162109375, "exp-1": 0.009045600891113281, "exp0": 0.013232421875, "exp+1": 0.019983781874179842, "exp+2": 0.02971523404121399, "obs": 0.01051765453230227}, "550.0": {"exp-2": 0.014959716796875001, "exp-1": 0.020482635498046877, "exp0": 0.029687500000000002, "exp+1": 0.044716125726699835, "exp+2": 0.06642794609069824, "obs": 0.024725369430327066}, "700.0": {"exp-2": 0.012327003479003907, "exp-1": 0.01678314954042435, "exp0": 0.024462890625, "exp+1": 0.036846676468849184, "exp+2": 0.05481082201004028, "obs": 0.019833215056973077}, "500.0": {"exp-2": 0.015993118286132812, "exp-1": 0.021897554397583008, "exp0": 0.03173828125, "exp+1": 0.047805070877075195, "exp+2": 0.07092158794403076, "obs": 0.026481382939167238}}