{"80.0": {"exp-2": 0.04485015869140625, "exp-1": 0.0607284426689148, "exp0": 0.086328125, "exp+1": 0.12538434267044068, "exp+2": 0.1765390992164612, "obs": 0.04961431415425917}, "70.0": {"exp-2": 0.0541839599609375, "exp-1": 0.07268333435058594, "exp0": 0.103515625, "exp+1": 0.14993511438369753, "exp+2": 0.21078455448150635, "obs": 0.05898227590914861}, "95.0": {"exp-2": 0.04160308837890625, "exp-1": 0.0563318133354187, "exp0": 0.080078125, "exp+1": 0.11630673408508302, "exp+2": 0.16413062810897827, "obs": 0.04639210309875996}, "90.0": {"exp-2": 0.0408935546875, "exp-1": 0.0548553466796875, "exp0": 0.078125, "exp+1": 0.11346999406814576, "exp+2": 0.1600062608718872, "obs": 0.047391908471626075}, "150.0": {"exp-2": 0.1962890625, "exp-1": 0.26470184326171875, "exp0": 0.375, "exp+1": 0.5409190177917481, "exp+2": 0.7580848693847657, "obs": 0.21990466452815305}, "75.0": {"exp-2": 0.049517822265625004, "exp-1": 0.06704859733581543, "exp0": 0.09531250000000001, "exp+1": 0.13843338489532472, "exp+2": 0.19520763158798218, "obs": 0.05884377412144374}, "130.0": {"exp-2": 0.127587890625, "exp-1": 0.17114868164062502, "exp0": 0.24375000000000002, "exp+1": 0.35354056358337405, "exp+2": 0.4981587409973145, "obs": 0.13526474992496865}, "120.0": {"exp-2": 0.088482666015625, "exp-1": 0.11980814933776857, "exp0": 0.1703125, "exp+1": 0.24804344177246096, "exp+2": 0.3502920389175415, "obs": 0.09625433154299448}, "110.0": {"exp-2": 0.0639984130859375, "exp-1": 0.08584861755371094, "exp0": 0.122265625, "exp+1": 0.17733685970306398, "exp+2": 0.24949791431427004, "obs": 0.0647670742456046}, "100.0": {"exp-2": 0.04498291015625, "exp-1": 0.06034088134765625, "exp0": 0.0859375, "exp+1": 0.12498825788497925, "exp+2": 0.1761139273643494, "obs": 0.04928074861401805}, "60.0": {"exp-2": 0.058068847656250006, "exp-1": 0.0783076286315918, "exp0": 0.11093750000000001, "exp+1": 0.16112738847732544, "exp+2": 0.22669262886047364, "obs": 0.06898584762464709}, "85.0": {"exp-2": 0.04344940185546875, "exp-1": 0.05828380584716797, "exp0": 0.0830078125, "exp+1": 0.12023099660873414, "exp+2": 0.1690253496170044, "obs": 0.050165061841484775}}