{"350.0": {"exp-2": 0.0626220703125, "exp-1": 0.0841085433959961, "exp0": 0.11875000000000001, "exp+1": 0.16987099647521975, "exp+2": 0.2356064558029175, "obs": 0.08938139365785627}, "80.0": {"exp-2": 0.002511405944824219, "exp-1": 0.003414537012577057, "exp0": 0.004870605468750001, "exp+1": 0.007083851844072342, "exp+2": 0.009996549040079118, "obs": 0.003026310884833342}, "70.0": {"exp-2": 0.002461051940917969, "exp-1": 0.0033460751175880435, "exp0": 0.00477294921875, "exp+1": 0.006932307034730911, "exp+2": 0.009782785922288895, "obs": 0.002991783984858549}, "95.0": {"exp-2": 0.0026561737060546878, "exp-1": 0.0036113649606704713, "exp0": 0.0051513671875, "exp+1": 0.007492194324731827, "exp+2": 0.01057279109954834, "obs": 0.003173359989288774}, "90.0": {"exp-2": 0.0026319026947021484, "exp-1": 0.0035446584224700928, "exp0": 0.00506591796875, "exp+1": 0.007367916405200958, "exp+2": 0.01039741337299347, "obs": 0.003143561723165314}, "450.0": {"exp-2": 0.257080078125, "exp-1": 0.34528770446777346, "exp0": 0.48750000000000004, "exp+1": 0.6973651409149171, "exp+2": 0.9664598464965821, "obs": 0.4003891991160451}, "150.0": {"exp-2": 0.004439353942871094, "exp-1": 0.006011016666889191, "exp0": 0.008544921875, "exp+1": 0.012427810579538345, "exp+2": 0.017524567246437073, "obs": 0.004791785269528703}, "75.0": {"exp-2": 0.0024923801422119143, "exp-1": 0.0033567488193511964, "exp0": 0.0047973632812500005, "exp+1": 0.006967766582965851, "exp+2": 0.009810501337051393, "obs": 0.0030248255897094263}, "130.0": {"exp-2": 0.003562545776367188, "exp-1": 0.004843679070472718, "exp0": 0.0069091796875, "exp+1": 0.010048772394657136, "exp+2": 0.014191272854804994, "obs": 0.003971587430496217}, "120.0": {"exp-2": 0.0032978057861328125, "exp-1": 0.00446532666683197, "exp0": 0.00634765625, "exp+1": 0.009244738519191742, "exp+2": 0.013035966455936432, "obs": 0.0037713125523347983}, "110.0": {"exp-2": 0.0029205322265625, "exp-1": 0.003970789909362793, "exp0": 0.005664062500000001, "exp+1": 0.008237862586975097, "exp+2": 0.011625059694051743, "obs": 0.003312216449825483}, "400.0": {"exp-2": 0.13239746093750002, "exp-1": 0.1771181106567383, "exp0": 0.24921875000000002, "exp+1": 0.3565055847167969, "exp+2": 0.4944635391235352, "obs": 0.21749532901880386}, "300.0": {"exp-2": 0.02945709228515625, "exp-1": 0.039564216136932374, "exp0": 0.055859375, "exp+1": 0.08001775145530701, "exp+2": 0.11116430759429932, "obs": 0.038250152204235256}, "190.0": {"exp-2": 0.007079696655273438, "exp-1": 0.0094968318939209, "exp0": 0.013525390625000001, "exp+1": 0.019536666572093964, "exp+2": 0.027401748299598697, "obs": 0.007422837092902725}, "100.0": {"exp-2": 0.0027065277099609375, "exp-1": 0.003679826855659485, "exp0": 0.0052490234375, "exp+1": 0.0076446875929832465, "exp+2": 0.010787863284349442, "obs": 0.00317061091682541}, "170.0": {"exp-2": 0.005568218231201173, "exp-1": 0.007539532333612442, "exp0": 0.010717773437500001, "exp+1": 0.015545304119586946, "exp+2": 0.02185427695512772, "obs": 0.005910920308059401}, "60.0": {"exp-2": 0.002561759948730469, "exp-1": 0.0034829989075660706, "exp0": 0.00496826171875, "exp+1": 0.007215981930494309, "exp+2": 0.010175397992134095, "obs": 0.0030993874716167043}, "250.0": {"exp-2": 0.014721679687500001, "exp-1": 0.019852638244628906, "exp0": 0.028125, "exp+1": 0.04040076732635498, "exp+2": 0.056308478116989136, "obs": 0.016946973067087607}, "85.0": {"exp-2": 0.0025051116943359377, "exp-1": 0.0034059792757034305, "exp0": 0.0048583984375000005, "exp+1": 0.007066097855567933, "exp+2": 0.00996396839618683, "obs": 0.00302739219120658}}