{"350.0": {"exp-2": 0.011587142944335938, "exp-1": 0.015562847256660461, "exp0": 0.02197265625, "exp+1": 0.031519305706024174, "exp+2": 0.043859234452247625, "obs": 0.018094662987005888}, "80.0": {"exp-2": 0.002153301239013672, "exp-1": 0.0028884768486022953, "exp0": 0.00411376953125, "exp+1": 0.005966705456376076, "exp+2": 0.008362701535224915, "obs": 0.0027023294215877095}, "70.0": {"exp-2": 0.0023718833923339847, "exp-1": 0.003211600333452225, "exp0": 0.0045654296875, "exp+1": 0.006594506651163102, "exp+2": 0.009235091507434845, "obs": 0.0029310031296770843}, "95.0": {"exp-2": 0.0020928382873535156, "exp-1": 0.002833765000104904, "exp0": 0.0040283203125, "exp+1": 0.005826710909605026, "exp+2": 0.008172546327114106, "obs": 0.0026354086092015175}, "90.0": {"exp-2": 0.0021118640899658206, "exp-1": 0.002859526500105858, "exp0": 0.0040649414062500005, "exp+1": 0.005887782201170921, "exp+2": 0.008258306235074998, "obs": 0.0026729405112484346}, "450.0": {"exp-2": 0.0485595703125, "exp-1": 0.0649618148803711, "exp0": 0.09140625000000001, "exp+1": 0.1307559609413147, "exp+2": 0.18077996969223023, "obs": 0.10168083705632072}, "150.0": {"exp-2": 0.002175283432006836, "exp-1": 0.0029453981667757036, "exp0": 0.0041870117187500005, "exp+1": 0.006064592674374581, "exp+2": 0.008506303280591964, "obs": 0.0027424656488081157}, "75.0": {"exp-2": 0.002238702774047852, "exp-1": 0.003031269833445549, "exp0": 0.0043090820312500005, "exp+1": 0.006232814863324165, "exp+2": 0.00872872918844223, "obs": 0.002805530055183341}, "130.0": {"exp-2": 0.0020928382873535156, "exp-1": 0.002833765000104904, "exp0": 0.0040283203125, "exp+1": 0.005826710909605026, "exp+2": 0.008172546327114106, "obs": 0.0026206771609001553}, "120.0": {"exp-2": 0.0020674705505371095, "exp-1": 0.0027994163334369663, "exp0": 0.0039794921875, "exp+1": 0.005764015018939972, "exp+2": 0.008090896904468537, "obs": 0.0025919442424368914}, "110.0": {"exp-2": 0.0020928382873535156, "exp-1": 0.002833765000104904, "exp0": 0.0040283203125, "exp+1": 0.005826710909605026, "exp+2": 0.008172546327114106, "obs": 0.0026398006936856283}, "400.0": {"exp-2": 0.022813796997070312, "exp-1": 0.03064151704311371, "exp0": 0.043261718750000004, "exp+1": 0.06188557147979737, "exp+2": 0.08576556444168092, "obs": 0.03618446468169044}, "550.0": {"exp-2": 0.25732421875, "exp-1": 0.3442420959472656, "exp0": 0.484375, "exp+1": 0.6899987697601319, "exp+2": 0.9507155418395996, "obs": 0.322650844581546}, "300.0": {"exp-2": 0.006402397155761719, "exp-1": 0.008633829653263092, "exp0": 0.0122314453125, "exp+1": 0.017667634785175326, "exp+2": 0.024704004824161532, "obs": 0.009439935567565304}, "190.0": {"exp-2": 0.002581167221069336, "exp-1": 0.0034949768334627154, "exp0": 0.00496826171875, "exp+1": 0.0071961782872676855, "exp+2": 0.010108937323093415, "obs": 0.003496309583677873}, "100.0": {"exp-2": 0.0020674705505371095, "exp-1": 0.0027994163334369663, "exp0": 0.0039794921875, "exp+1": 0.005764015018939972, "exp+2": 0.008084708452224731, "obs": 0.002604293982694888}, "170.0": {"exp-2": 0.0023591995239257814, "exp-1": 0.003194426000118256, "exp0": 0.004541015625, "exp+1": 0.006568291783332825, "exp+2": 0.009205617755651475, "obs": 0.0029997393005793123}, "60.0": {"exp-2": 0.0029392242431640625, "exp-1": 0.003963634371757507, "exp0": 0.005615234375, "exp+1": 0.008088507503271104, "exp+2": 0.011282963305711748, "obs": 0.0036069312421491413}, "250.0": {"exp-2": 0.0038939476013183597, "exp-1": 0.005244386196136475, "exp0": 0.007495117187500001, "exp+1": 0.01087108924984932, "exp+2": 0.015294700860977173, "obs": 0.005578056720709611}, "500.0": {"exp-2": 0.1157958984375, "exp-1": 0.15490894317626955, "exp0": 0.21796875000000002, "exp+1": 0.31136827468872075, "exp+2": 0.4301175117492676, "obs": 0.18082302802562275}, "85.0": {"exp-2": 0.0021277427673339843, "exp-1": 0.0028541922569274903, "exp0": 0.0040649414062500005, "exp+1": 0.005887782201170921, "exp+2": 0.008258306235074998, "obs": 0.0026761656024551586}}