{"600.0": {"exp-2": 0.003846549987792969, "exp-1": 0.005187191069126129, "exp0": 0.0073486328125, "exp+1": 0.010556103289127351, "exp+2": 0.014654976129531861, "obs": 0.006846749630476211}, "80.0": {"exp-2": 0.007665252685546875, "exp-1": 0.010254389047622681, "exp0": 0.0144287109375, "exp+1": 0.020582650601863862, "exp+2": 0.028339385986328125, "obs": 0.007638679269183335}, "70.0": {"exp-2": 0.006463050842285156, "exp-1": 0.008680610358715058, "exp0": 0.012255859375, "exp+1": 0.01748306453227997, "exp+2": 0.02409101724624634, "obs": 0.007772534523604703}, "90.0": {"exp-2": 0.0073150634765625005, "exp-1": 0.009785914421081544, "exp0": 0.013769531250000001, "exp+1": 0.0196423277258873, "exp+2": 0.02708810865879059, "obs": 0.007211381245774347}, "150.0": {"exp-2": 0.00832672119140625, "exp-1": 0.011139285564422608, "exp0": 0.015673828125, "exp+1": 0.022296342253685, "exp+2": 0.030619388818740847, "obs": 0.008906667056970404}, "300.0": {"exp-2": 0.0070037841796875, "exp-1": 0.009369492530822754, "exp0": 0.01318359375, "exp+1": 0.01883275806903839, "exp+2": 0.0259736567735672, "obs": 0.010101447293939888}, "400.0": {"exp-2": 0.0040382385253906255, "exp-1": 0.005445688962936401, "exp0": 0.00771484375, "exp+1": 0.011066778749227525, "exp+2": 0.015375259518623353, "obs": 0.0063401287200551175}, "190.0": {"exp-2": 0.009027099609375, "exp-1": 0.012076234817504883, "exp0": 0.016992187500000002, "exp+1": 0.024137869477272034, "exp+2": 0.033118325471878055, "obs": 0.010010681721891622}, "450.0": {"exp-2": 0.0032970428466796878, "exp-1": 0.004446163773536682, "exp0": 0.006298828125, "exp+1": 0.009048088639974595, "exp+2": 0.012581145763397217, "obs": 0.0054966178687023935}, "100.0": {"exp-2": 0.0073150634765625005, "exp-1": 0.009785914421081544, "exp0": 0.013769531250000001, "exp+1": 0.0196423277258873, "exp+2": 0.02708810865879059, "obs": 0.007350481986741259}, "170.0": {"exp-2": 0.008663940429687501, "exp-1": 0.01159040927886963, "exp0": 0.01630859375, "exp+1": 0.023166805505752563, "exp+2": 0.031811782717704774, "obs": 0.009149075524107417}, "250.0": {"exp-2": 0.008819580078125, "exp-1": 0.011798620223999023, "exp0": 0.0166015625, "exp+1": 0.023582977056503297, "exp+2": 0.0324095219373703, "obs": 0.011347602536548394}, "85.0": {"exp-2": 0.007418823242187501, "exp-1": 0.009924721717834473, "exp0": 0.01396484375, "exp+1": 0.019920942187309266, "exp+2": 0.0274503231048584, "obs": 0.0072665571398965794}, "350.0": {"exp-2": 0.005291461944580078, "exp-1": 0.007107033580541611, "exp0": 0.0100341796875, "exp+1": 0.014353820681571962, "exp+2": 0.019845238327980044, "obs": 0.007950723817009406}, "650.0": {"exp-2": 0.005443954467773438, "exp-1": 0.007341340184211731, "exp0": 0.010400390625, "exp+1": 0.014919137954711914, "exp+2": 0.02064583003520966, "obs": 0.009674036785838017}, "95.0": {"exp-2": 0.007289123535156251, "exp-1": 0.009751212596893311, "exp0": 0.013720703125, "exp+1": 0.01957267373800278, "exp+2": 0.02694878876209259, "obs": 0.007354018370490542}, "700.0": {"exp-2": 0.010222434997558594, "exp-1": 0.013729889690876008, "exp0": 0.019384765625, "exp+1": 0.027691128849983218, "exp+2": 0.03822141587734223, "obs": 0.017798983321480097}, "75.0": {"exp-2": 0.0075225830078125, "exp-1": 0.010063529014587402, "exp0": 0.01416015625, "exp+1": 0.020199556648731232, "exp+2": 0.027811917662620547, "obs": 0.008029779552418672}, "130.0": {"exp-2": 0.007807922363281251, "exp-1": 0.01044524908065796, "exp0": 0.014697265625, "exp+1": 0.020965746045112612, "exp+2": 0.028843683004379273, "obs": 0.00822378072201306}, "120.0": {"exp-2": 0.007548522949218751, "exp-1": 0.010098230838775635, "exp0": 0.014208984375, "exp+1": 0.020269209146499635, "exp+2": 0.027930220961570742, "obs": 0.007731727083106925}, "110.0": {"exp-2": 0.00734100341796875, "exp-1": 0.009820616245269776, "exp0": 0.013818359375, "exp+1": 0.01973952054977417, "exp+2": 0.027180722355842592, "obs": 0.007397714390630982}, "550.0": {"exp-2": 0.0031948089599609375, "exp-1": 0.004308298230171204, "exp0": 0.006103515625, "exp+1": 0.008767527341842652, "exp+2": 0.012181469798088075, "obs": 0.005599380408796324}, "60.0": {"exp-2": 0.003757095336914063, "exp-1": 0.0050665587186813354, "exp0": 0.0071777343750000005, "exp+1": 0.010382138937711716, "exp+2": 0.01451728790998459, "obs": 0.0060850116778675845}, "500.0": {"exp-2": 0.0030031204223632812, "exp-1": 0.004049800336360931, "exp0": 0.0057373046875, "exp+1": 0.008252910524606706, "exp+2": 0.011475985497236253, "obs": 0.005219633559585806}, "750.0": {"exp-2": 0.02698516845703125, "exp-1": 0.03624414205551148, "exp0": 0.051171875000000006, "exp+1": 0.07289503216743469, "exp+2": 0.10027694702148438, "obs": 0.04405144081430933}}