{"80.0": {"exp-2": 0.0758056640625, "exp-1": 0.10181560516357423, "exp0": 0.14375000000000002, "exp+1": 0.20649280548095705, "exp+2": 0.2877988815307617, "obs": 0.18233011384746223}, "70.0": {"exp-2": 0.068389892578125, "exp-1": 0.09185538291931153, "exp0": 0.1296875, "exp+1": 0.18680936098098755, "exp+2": 0.26079008579254154, "obs": 0.14920904044264446}, "95.0": {"exp-2": 0.07524414062500001, "exp-1": 0.10146903991699219, "exp0": 0.14375000000000002, "exp+1": 0.2067793130874634, "exp+2": 0.2886592149734497, "obs": 0.16404083451258633}, "90.0": {"exp-2": 0.076629638671875, "exp-1": 0.10292229652404786, "exp0": 0.1453125, "exp+1": 0.20902690887451172, "exp+2": 0.29179680347442627, "obs": 0.17074767947687058}, "150.0": {"exp-2": 0.0460052490234375, "exp-1": 0.06203949451446533, "exp0": 0.087890625, "exp+1": 0.12712823152542116, "exp+2": 0.1784469485282898, "obs": 0.05102437495249308}, "75.0": {"exp-2": 0.071563720703125, "exp-1": 0.09650588035583496, "exp0": 0.13671875, "exp+1": 0.19639261960983279, "exp+2": 0.2739359617233276, "obs": 0.15487451893183138}, "130.0": {"exp-2": 0.05970458984375, "exp-1": 0.08051347732543945, "exp0": 0.11406250000000001, "exp+1": 0.16452953815460206, "exp+2": 0.23040611743927003, "obs": 0.10371881479565791}, "120.0": {"exp-2": 0.0644073486328125, "exp-1": 0.08685529232025146, "exp0": 0.123046875, "exp+1": 0.1772438168525696, "exp+2": 0.24839789867401124, "obs": 0.13240837868709604}, "110.0": {"exp-2": 0.074017333984375, "exp-1": 0.09981465339660645, "exp0": 0.14140625, "exp+1": 0.20340790748596194, "exp+2": 0.2837315320968628, "obs": 0.15449558242765987}, "190.0": {"exp-2": 0.040995788574218754, "exp-1": 0.05499248504638672, "exp0": 0.0783203125, "exp+1": 0.11328538656234742, "exp+2": 0.15938191413879396, "obs": 0.04370358135045302}, "100.0": {"exp-2": 0.07683563232421875, "exp-1": 0.10319896936416627, "exp0": 0.14570312500000002, "exp+1": 0.2095888137817383, "exp+2": 0.29280920028686525, "obs": 0.17176487005734464}, "170.0": {"exp-2": 0.03516845703125, "exp-1": 0.04742574691772461, "exp0": 0.0671875, "exp+1": 0.09731637835502625, "exp+2": 0.13649765253067017, "obs": 0.04005889025524336}, "60.0": {"exp-2": 0.06369171142578126, "exp-1": 0.08589023351669312, "exp0": 0.12167968750000001, "exp+1": 0.17527444362640382, "exp+2": 0.24468708038330078, "obs": 0.12587732493358011}, "85.0": {"exp-2": 0.0734039306640625, "exp-1": 0.09898746013641357, "exp0": 0.140234375, "exp+1": 0.202001690864563, "exp+2": 0.28243725299835204, "obs": 0.16852858646341137}}