{"350.0": {"exp-2": 0.145263671875, "exp-1": 0.19433021545410156, "exp0": 0.2734375, "exp+1": 0.39169528484344485, "exp+2": 0.5424429893493653, "obs": 0.1949775681486212}, "80.0": {"exp-2": 0.003046417236328125, "exp-1": 0.004141944646835327, "exp0": 0.005908203125000001, "exp+1": 0.008640044182538987, "exp+2": 0.01224655956029892, "obs": 0.003366228480571937}, "70.0": {"exp-2": 0.0029960632324218753, "exp-1": 0.004073482751846313, "exp0": 0.005810546875, "exp+1": 0.008474072068929672, "exp+2": 0.012002994120121003, "obs": 0.0033391005014302105}, "95.0": {"exp-2": 0.00327301025390625, "exp-1": 0.004450023174285889, "exp0": 0.00634765625, "exp+1": 0.009282691776752472, "exp+2": 0.013147675991058351, "obs": 0.0035285076975753098}, "90.0": {"exp-2": 0.0032793045043945316, "exp-1": 0.004458580911159515, "exp0": 0.00635986328125, "exp+1": 0.009275192022323608, "exp+2": 0.013118074834346773, "obs": 0.003580764841018226}, "150.0": {"exp-2": 0.006080245971679688, "exp-1": 0.008266773819923402, "exp0": 0.011791992187500001, "exp+1": 0.01719738095998764, "exp+2": 0.02430434823036194, "obs": 0.005300374960817773}, "75.0": {"exp-2": 0.0029834747314453126, "exp-1": 0.00403447151184082, "exp0": 0.005786132812500001, "exp+1": 0.008438466489315033, "exp+2": 0.011961503326892853, "obs": 0.0033090802097770593}, "130.0": {"exp-2": 0.0046829223632812505, "exp-1": 0.006332588195800782, "exp0": 0.00908203125, "exp+1": 0.013281390070915222, "exp+2": 0.018853288888931275, "obs": 0.004382303302592232}, "120.0": {"exp-2": 0.0042171478271484375, "exp-1": 0.0057027339935302734, "exp0": 0.0081787109375, "exp+1": 0.011960390955209732, "exp+2": 0.016965489089488982, "obs": 0.004062377241141495}, "110.0": {"exp-2": 0.0037513732910156253, "exp-1": 0.005072879791259766, "exp0": 0.007275390625, "exp+1": 0.010610392689704895, "exp+2": 0.015062688291072846, "obs": 0.0037651649525976467}, "400.0": {"exp-2": 0.25048828125, "exp-1": 0.3364341735839844, "exp0": 0.47500000000000003, "exp+1": 0.6823240756988526, "exp+2": 0.9487548828125001, "obs": 0.32499778101178833}, "300.0": {"exp-2": 0.06412353515625001, "exp-1": 0.08578290939331056, "exp0": 0.12070312500000001, "exp+1": 0.17314605712890627, "exp+2": 0.2403653383255005, "obs": 0.07143158140496601}, "190.0": {"exp-2": 0.010939025878906251, "exp-1": 0.014751613140106201, "exp0": 0.020898437500000002, "exp+1": 0.03022826910018921, "exp+2": 0.04239818155765534, "obs": 0.008461283530697705}, "100.0": {"exp-2": 0.0034114837646484378, "exp-1": 0.004613256454467774, "exp0": 0.0066162109375, "exp+1": 0.009649048745632173, "exp+2": 0.013697949051856995, "obs": 0.0035750295710572}, "170.0": {"exp-2": 0.008295249938964844, "exp-1": 0.011172080039978029, "exp0": 0.015966796875, "exp+1": 0.023126785457134248, "exp+2": 0.03258701264858246, "obs": 0.006745175241518037}, "60.0": {"exp-2": 0.003046417236328125, "exp-1": 0.004141944646835327, "exp0": 0.005908203125000001, "exp+1": 0.008604717999696731, "exp+2": 0.012188327312469483, "obs": 0.003395443030835885}, "250.0": {"exp-2": 0.02739715576171875, "exp-1": 0.03679748773574829, "exp0": 0.051953125, "exp+1": 0.07452564835548402, "exp+2": 0.10370272397994995, "obs": 0.025668586601591572}, "85.0": {"exp-2": 0.0031093597412109376, "exp-1": 0.004227522015571594, "exp0": 0.006030273437500001, "exp+1": 0.008806538581848145, "exp+2": 0.01247360184788704, "obs": 0.0034135671735911416}}