{"600.0": {"exp-2": 0.008145141601562501, "exp-1": 0.010896372795104982, "exp0": 0.015332031250000001, "exp+1": 0.021810129284858704, "exp+2": 0.029903215169906617, "obs": 0.009823463576442452}, "80.0": {"exp-2": 0.001488780975341797, "exp-1": 0.002007666975259781, "exp0": 0.00284423828125, "exp+1": 0.004091336578130722, "exp+2": 0.005675806477665902, "obs": 0.002333616314311392}, "70.0": {"exp-2": 0.0015207290649414064, "exp-1": 0.002050749957561493, "exp0": 0.0029052734375, "exp+1": 0.004179133474826813, "exp+2": 0.005802151188254357, "obs": 0.0023506223360135795}, "90.0": {"exp-2": 0.0015303134918212891, "exp-1": 0.0020636748522520065, "exp0": 0.0029235839843750003, "exp+1": 0.004199645668268204, "exp+2": 0.005830343440175057, "obs": 0.002467933561579413}, "150.0": {"exp-2": 0.00153350830078125, "exp-1": 0.0020679831504821777, "exp0": 0.0029296875, "exp+1": 0.004214252158999443, "exp+2": 0.005855493247509003, "obs": 0.002394086839672388}, "300.0": {"exp-2": 0.0023946762084960938, "exp-1": 0.0032163217663764955, "exp0": 0.004541015625, "exp+1": 0.006486839056015015, "exp+2": 0.008953631669282914, "obs": 0.0032964332348336942}, "400.0": {"exp-2": 0.0035148620605468753, "exp-1": 0.0047020971775054935, "exp0": 0.0066162109375, "exp+1": 0.00941169559955597, "exp+2": 0.012935464084148408, "obs": 0.004537819140479937}, "190.0": {"exp-2": 0.0016676902770996094, "exp-1": 0.0022489316761493683, "exp0": 0.00318603515625, "exp+1": 0.004582999274134636, "exp+2": 0.006347906589508057, "obs": 0.002566198307105866}, "450.0": {"exp-2": 0.0043060302734375, "exp-1": 0.005760502815246583, "exp0": 0.00810546875, "exp+1": 0.011530195921659471, "exp+2": 0.015808707475662234, "obs": 0.005672423859611568}, "100.0": {"exp-2": 0.001488780975341797, "exp-1": 0.002007666975259781, "exp0": 0.00284423828125, "exp+1": 0.004079999029636384, "exp+2": 0.005668410658836365, "obs": 0.0023944919963891165}, "170.0": {"exp-2": 0.001591014862060547, "exp-1": 0.0021455325186252594, "exp0": 0.0030395507812500003, "exp+1": 0.004360170662403107, "exp+2": 0.006052889302372933, "obs": 0.0024652867243280135}, "250.0": {"exp-2": 0.001955223083496094, "exp-1": 0.0026366785168647766, "exp0": 0.0037353515625, "exp+1": 0.00535828210413456, "exp+2": 0.007420911639928818, "obs": 0.002843838312552103}, "85.0": {"exp-2": 0.0014696121215820312, "exp-1": 0.0019818171858787537, "exp0": 0.0028076171875, "exp+1": 0.004033062607049942, "exp+2": 0.005599077045917511, "obs": 0.0023253556073850557}, "350.0": {"exp-2": 0.0029052734375, "exp-1": 0.0038866043090820313, "exp0": 0.0054687500000000005, "exp+1": 0.0078121073544025425, "exp+2": 0.010748424381017686, "obs": 0.003882011325505605}, "850.0": {"exp-2": 0.025732421875, "exp-1": 0.034424209594726564, "exp0": 0.0484375, "exp+1": 0.06909641027450562, "exp+2": 0.09536502957344056, "obs": 0.035975611048863564}, "650.0": {"exp-2": 0.01040191650390625, "exp-1": 0.013915431499481202, "exp0": 0.019580078125, "exp+1": 0.02781403958797455, "exp+2": 0.038100242614746094, "obs": 0.013047181090773397}, "800.0": {"exp-2": 0.0235015869140625, "exp-1": 0.03143985271453858, "exp0": 0.044238281250000004, "exp+1": 0.06275352835655212, "exp+2": 0.08602226376533509, "obs": 0.029523726051548613}, "95.0": {"exp-2": 0.0015207290649414064, "exp-1": 0.002050749957561493, "exp0": 0.0029052734375, "exp+1": 0.004173342883586883, "exp+2": 0.005793827399611474, "obs": 0.0024306621004536576}, "700.0": {"exp-2": 0.0129180908203125, "exp-1": 0.017281508445739748, "exp0": 0.024316406250000002, "exp+1": 0.03454212546348572, "exp+2": 0.04735498726367951, "obs": 0.016228539353317892}, "75.0": {"exp-2": 0.0015079498291015625, "exp-1": 0.002033516764640808, "exp0": 0.002880859375, "exp+1": 0.004138273000717163, "exp+2": 0.005745140090584755, "obs": 0.0023555770981905475}, "130.0": {"exp-2": 0.0014760017395019532, "exp-1": 0.001990433782339096, "exp0": 0.00281982421875, "exp+1": 0.004056217521429062, "exp+2": 0.005631499737501145, "obs": 0.002351462898552037}, "120.0": {"exp-2": 0.0014760017395019532, "exp-1": 0.001990433782339096, "exp0": 0.00281982421875, "exp+1": 0.004044977575540543, "exp+2": 0.00561533123254776, "obs": 0.0023359585354556615}, "110.0": {"exp-2": 0.0014760017395019532, "exp-1": 0.001990433782339096, "exp0": 0.00281982421875, "exp+1": 0.004056217521429062, "exp+2": 0.005627087131142617, "obs": 0.0023424050981616412}, "550.0": {"exp-2": 0.00645904541015625, "exp-1": 0.008640754222869874, "exp0": 0.012158203125000001, "exp+1": 0.01727106273174286, "exp+2": 0.023677493631839755, "obs": 0.00800808881345503}, "60.0": {"exp-2": 0.00153350830078125, "exp-1": 0.0020679831504821777, "exp0": 0.0029296875, "exp+1": 0.004208413138985634, "exp+2": 0.0058379251509904865, "obs": 0.002275454197607689}, "500.0": {"exp-2": 0.005252838134765625, "exp-1": 0.007027119398117065, "exp0": 0.0098876953125, "exp+1": 0.014065450429916382, "exp+2": 0.019284717738628387, "obs": 0.006785323417386833}, "750.0": {"exp-2": 0.0174835205078125, "exp-1": 0.023389029502868655, "exp0": 0.03291015625, "exp+1": 0.046749782562255864, "exp+2": 0.06409088373184205, "obs": 0.021350451292539922}}