{"600.0": {"exp-2": 0.00173797607421875, "exp-1": 0.0023437142372131348, "exp0": 0.0033203125000000003, "exp+1": 0.00476953499019146, "exp+2": 0.006611113250255585, "obs": 0.0024395202613381344}, "80.0": {"exp-2": 0.00213007926940918, "exp-1": 0.0029081527143716814, "exp0": 0.00416259765625, "exp+1": 0.006012638285756111, "exp+2": 0.008335866779088975, "obs": 0.0032005870558875354}, "70.0": {"exp-2": 0.002122163772583008, "exp-1": 0.0029219593852758408, "exp0": 0.00421142578125, "exp+1": 0.0061083480715751655, "exp+2": 0.008482730388641358, "obs": 0.003221056032160967}, "90.0": {"exp-2": 0.0021085739135742188, "exp-1": 0.0028668418526649475, "exp0": 0.00408935546875, "exp+1": 0.0058986939489841465, "exp+2": 0.00818389430642128, "obs": 0.003345464334752352}, "150.0": {"exp-2": 0.0022144317626953125, "exp-1": 0.0029742330312728885, "exp0": 0.00419921875, "exp+1": 0.00599021315574646, "exp+2": 0.008241052180528641, "obs": 0.003241537693676157}, "300.0": {"exp-2": 0.0021178722381591797, "exp-1": 0.0028445426374673847, "exp0": 0.00401611328125, "exp+1": 0.005745020508766175, "exp+2": 0.007905028760433197, "obs": 0.003266882664530058}, "900.0": {"exp-2": 0.005059719085693359, "exp-1": 0.006795776635408402, "exp0": 0.009594726562500001, "exp+1": 0.013744308054447174, "exp+2": 0.018988727033138277, "obs": 0.008102241985725676}, "400.0": {"exp-2": 0.0018753528594970704, "exp-1": 0.0025289710611104965, "exp0": 0.003582763671875, "exp+1": 0.0051322575658559804, "exp+2": 0.00708494707942009, "obs": 0.0026702424769558413}, "190.0": {"exp-2": 0.0022079944610595703, "exp-1": 0.002965587005019188, "exp0": 0.0041870117187500005, "exp+1": 0.005981144681572914, "exp+2": 0.00822926238179207, "obs": 0.003480646888124832}, "450.0": {"exp-2": 0.001798677444458008, "exp-1": 0.0024255719035863876, "exp0": 0.0034362792968750003, "exp+1": 0.004922420904040337, "exp+2": 0.006800670176744461, "obs": 0.0025452012529232158}, "250.0": {"exp-2": 0.0021500587463378906, "exp-1": 0.002887772768735886, "exp0": 0.0040771484375, "exp+1": 0.005832330882549286, "exp+2": 0.00803798958659172, "obs": 0.003105902258113311}, "170.0": {"exp-2": 0.0021886825561523438, "exp-1": 0.002939648926258087, "exp0": 0.004150390625, "exp+1": 0.005928831547498703, "exp+2": 0.008163821697235108, "obs": 0.0033264770187476146}, "100.0": {"exp-2": 0.002166080474853516, "exp-1": 0.002921026200056076, "exp0": 0.00413818359375, "exp+1": 0.005936136096715928, "exp+2": 0.008208222687244415, "obs": 0.0032163289872318163}, "350.0": {"exp-2": 0.001955223083496094, "exp-1": 0.0026366785168647766, "exp0": 0.0037353515625, "exp+1": 0.005350837484002113, "exp+2": 0.007392557710409165, "obs": 0.002924513283680899}, "650.0": {"exp-2": 0.0018785476684570314, "exp-1": 0.0025332793593406677, "exp0": 0.0035888671875000003, "exp+1": 0.005155305936932564, "exp+2": 0.007157081365585328, "obs": 0.002522116754845879}, "800.0": {"exp-2": 0.002824211120605469, "exp-1": 0.003808535635471344, "exp0": 0.0053955078125, "exp+1": 0.007739740610122681, "exp+2": 0.010736022144556046, "obs": 0.00483261238701134}, "60.0": {"exp-2": 0.0021529197692871094, "exp-1": 0.0029643066227436066, "exp0": 0.0042724609375, "exp+1": 0.0061883598566055305, "exp+2": 0.008600172400474549, "obs": 0.0034932722593616484}, "1000.0": {"exp-2": 0.016290283203125002, "exp-1": 0.021792745590209963, "exp0": 0.030664062500000002, "exp+1": 0.04368137419223786, "exp+2": 0.060041218996047974, "obs": 0.025826254044829453}, "120.0": {"exp-2": 0.002227306365966797, "exp-1": 0.0029915250837802888, "exp0": 0.0042236328125, "exp+1": 0.006025040149688721, "exp+2": 0.008282306790351869, "obs": 0.0035864237080799077}, "550.0": {"exp-2": 0.001690053939819336, "exp-1": 0.0022790897637605667, "exp0": 0.0032287597656250003, "exp+1": 0.004638022184371949, "exp+2": 0.006428821384906769, "obs": 0.002535096041559214}, "700.0": {"exp-2": 0.0019807815551757812, "exp-1": 0.0026711449027061462, "exp0": 0.0037841796875, "exp+1": 0.005428325012326241, "exp+2": 0.007535725831985474, "obs": 0.0028054598156306235}, "500.0": {"exp-2": 0.0017060279846191407, "exp-1": 0.0023006312549114227, "exp0": 0.0032592773437500003, "exp+1": 0.0046688679605722426, "exp+2": 0.006450369209051132, "obs": 0.0024958554214206848}}