{"600.0": {"exp-2": 1.2351608276367188, "exp-1": 1.6816648840904236, "exp+2": 5.484675765037537, "exp+1": 3.692022264003754, "exp0": 2.451171875, "obs": 1.3695375209321625}, "80.0": {"exp-2": 1.7498779296875, "exp-1": 2.455611228942871, "exp+2": 8.528752326965334, "exp+1": 5.655087232589722, "exp0": 3.671875, "obs": 3.098761284975554}, "70.0": {"exp-2": 1.7778015136718752, "exp-1": 2.4947965145111084, "exp+2": 8.675783276557922, "exp+1": 5.745327472686768, "exp0": 3.7304687500000004, "obs": 3.040405999184471}, "90.0": {"exp-2": 1.8010711669921877, "exp-1": 2.527450919151306, "exp+2": 8.769112825393677, "exp+1": 5.812996029853821, "exp0": 3.7792968750000004, "obs": 3.344684714578271}, "1800.0": {"exp-2": 0.19042968750000003, "exp-1": 0.26035308837890625, "exp+2": 0.8590780943632127, "exp+1": 0.5759380385279655, "exp0": 0.38085937500000006, "obs": 0.23767171703700427}, "150.0": {"exp-2": 1.825675964355469, "exp-1": 2.485648095607758, "exp+2": 8.143147230148315, "exp+1": 5.464353561401367, "exp0": 3.623046875, "obs": 2.656501762245923}, "1600.0": {"exp-2": 0.2972412109375, "exp-1": 0.4063844680786133, "exp+2": 1.3415414094924927, "exp+1": 0.9001649916172028, "exp0": 0.594482421875, "obs": 0.3732586527549929}, "300.0": {"exp-2": 1.471366882324219, "exp-1": 2.0145750045776367, "exp+2": 6.533538103103638, "exp+1": 4.398066401481629, "exp0": 2.919921875, "obs": 2.0419934469706775}, "900.0": {"exp-2": 0.942363739013672, "exp-1": 1.2830232083797455, "exp+2": 4.1920724511146545, "exp+1": 2.8205490112304688, "exp0": 1.8701171875000002, "obs": 1.5079754822702738}, "350.0": {"exp-2": 1.6436004638671877, "exp-1": 2.250394821166992, "exp+2": 7.288556694984437, "exp+1": 4.912890195846558, "exp0": 3.26171875, "obs": 1.8536628609219445}, "190.0": {"exp-2": 1.7518615722656252, "exp-1": 2.3851501941680913, "exp+2": 7.789482474327087, "exp+1": 5.236493945121765, "exp0": 3.4765625, "obs": 2.494213930959679}, "450.0": {"exp-2": 1.476287841796875, "exp-1": 2.009958028793335, "exp+2": 6.546608209609986, "exp+1": 4.412775635719299, "exp0": 2.9296875, "obs": 1.6052856209248507}, "1400.0": {"exp-2": 0.46142578125000006, "exp-1": 0.6308555603027344, "exp+2": 2.0880605280399327, "exp+1": 1.3973814249038696, "exp0": 0.9228515625000001, "obs": 0.6639194596144901}, "100.0": {"exp-2": 1.7778015136718752, "exp-1": 2.4947965145111084, "exp+2": 8.650342226028442, "exp+1": 5.737892985343933, "exp0": 3.7304687500000004, "obs": 2.9790073503300096}, "170.0": {"exp-2": 1.8109130859375, "exp-1": 2.465548515319824, "exp+2": 8.06116282939911, "exp+1": 5.420167446136475, "exp0": 3.5937500000000004, "obs": 2.62980234225491}, "250.0": {"exp-2": 1.5845489501953125, "exp-1": 2.157354950904846, "exp+2": 7.031405568122865, "exp+1": 4.736379384994508, "exp0": 3.1445312500000004, "obs": 2.306559335867813}, "1100.0": {"exp-2": 0.72998046875, "exp-1": 0.9980201721191406, "exp+2": 3.28509122133255, "exp+1": 2.2048527002334595, "exp0": 1.4599609375, "obs": 1.1779896029089292}, "1300.0": {"exp-2": 0.531463623046875, "exp-1": 0.7235848903656006, "exp+2": 2.3684467375278477, "exp+1": 1.5928032994270325, "exp0": 1.0546875, "obs": 0.6845249849910339}, "2200.0": {"exp-2": 0.28172492980957037, "exp-1": 0.3846504166722298, "exp+2": 1.2501488626003265, "exp+1": 0.8421047031879425, "exp0": 0.55908203125, "obs": 0.34438651964754124}, "400.0": {"exp-2": 1.569786071777344, "exp-1": 2.14932918548584, "exp+2": 6.970564126968385, "exp+1": 4.69225138425827, "exp0": 3.115234375, "obs": 1.7448696382800677}, "650.0": {"exp-2": 1.2007141113281252, "exp-1": 1.634765863418579, "exp+2": 5.328145623207092, "exp+1": 3.589057624340058, "exp0": 2.3828125, "obs": 1.283632639293508}, "800.0": {"exp-2": 1.082611083984375, "exp-1": 1.4822959899902344, "exp+2": 4.800845980644226, "exp+1": 3.236035406589508, "exp0": 2.1484375, "obs": 1.8007463756340005}, "1200.0": {"exp-2": 0.66162109375, "exp-1": 0.9045600891113281, "exp+2": 2.971523404121399, "exp+1": 1.9983781874179842, "exp0": 1.3232421875, "obs": 1.051765453230227}, "1000.0": {"exp-2": 0.863628387451172, "exp-1": 1.1758254468441012, "exp+2": 3.8418209552764897, "exp+1": 2.584889531135559, "exp0": 1.7138671875, "obs": 1.4001466874865456}, "2000.0": {"exp-2": 0.13348102569580078, "exp-1": 0.18173370510339737, "exp+2": 0.5948529392480851, "exp+1": 0.400044359266758, "exp0": 0.26489257812500006, "obs": 0.1714654407011108}, "120.0": {"exp-2": 1.71661376953125, "exp-1": 2.4461746215820312, "exp+2": 8.47033143043518, "exp+1": 5.632748007774353, "exp0": 3.662109375, "obs": 2.568644706233976}, "60.0": {"exp-2": 1.8243408203125002, "exp-1": 2.560105323791504, "exp+2": 8.876791000366211, "exp+1": 5.888099670410156, "exp0": 3.8281250000000004, "obs": 3.074119090919321}, "550.0": {"exp-2": 1.336040496826172, "exp-1": 1.8190120160579681, "exp+2": 5.940574407577515, "exp+1": 3.9935621619224553, "exp0": 2.6513671875, "obs": 1.4300187342003046}, "700.0": {"exp-2": 1.1293601989746094, "exp-1": 1.5376178920269012, "exp+2": 5.032949447631836, "exp+1": 3.384706974029541, "exp0": 2.2412109375000004, "obs": 1.1893089726197026}, "500.0": {"exp-2": 1.4073944091796875, "exp-1": 1.9161599874496462, "exp+2": 6.241099834442139, "exp+1": 4.206846058368683, "exp0": 2.79296875, "obs": 1.4952292554464248}}