{"600.0": {"exp-2": 0.017535400390625, "exp-1": 0.023458433151245118, "exp0": 0.033007812500000004, "exp+1": 0.04688850641250611, "exp+2": 0.06438552737236024, "obs": 0.029360580872490175}, "80.0": {"exp-2": 0.0022208690643310547, "exp-1": 0.0029828790575265884, "exp0": 0.00421142578125, "exp+1": 0.006032807007431984, "exp+2": 0.008354590833187103, "obs": 0.0044592264416922585}, "70.0": {"exp-2": 0.002536296844482422, "exp-1": 0.0034065343439579013, "exp0": 0.004809570312500001, "exp+1": 0.006870469450950623, "exp+2": 0.009475574642419816, "obs": 0.00475229715485961}, "90.0": {"exp-2": 0.0018657684326171876, "exp-1": 0.002516046166419983, "exp0": 0.0035644531250000003, "exp+1": 0.005127340182662011, "exp+2": 0.0071241833269596105, "obs": 0.0040568644127418115}, "150.0": {"exp-2": 0.0015622615814208985, "exp-1": 0.0021067578345537186, "exp0": 0.0029846191406250003, "exp+1": 0.0042932692915201185, "exp+2": 0.005969954282045365, "obs": 0.0035687811282460445}, "300.0": {"exp-2": 0.0016932487487792969, "exp-1": 0.002283398061990738, "exp0": 0.00323486328125, "exp+1": 0.004659684002399445, "exp+2": 0.006474689394235612, "obs": 0.003833707646866426}, "400.0": {"exp-2": 0.0024727821350097657, "exp-1": 0.0033346228301525116, "exp0": 0.00472412109375, "exp+1": 0.006795481592416764, "exp+2": 0.009441982954740524, "obs": 0.005727598341169081}, "190.0": {"exp-2": 0.0015526771545410158, "exp-1": 0.002093832939863205, "exp0": 0.00296630859375, "exp+1": 0.004266930371522904, "exp+2": 0.005928687006235123, "obs": 0.003505192167343283}, "450.0": {"exp-2": 0.0035206794738769534, "exp-1": 0.004747744649648666, "exp0": 0.00672607421875, "exp+1": 0.009648410230875017, "exp+2": 0.013394145667552948, "obs": 0.008356218334530856}, "100.0": {"exp-2": 0.001696443557739258, "exp-1": 0.002287706360220909, "exp0": 0.003240966796875, "exp+1": 0.004662016406655312, "exp+2": 0.006487782299518585, "obs": 0.0039005722013889417}, "170.0": {"exp-2": 0.0015526771545410158, "exp-1": 0.002093832939863205, "exp0": 0.00296630859375, "exp+1": 0.004266930371522904, "exp+2": 0.005928687006235123, "obs": 0.0035166816969513185}, "250.0": {"exp-2": 0.0015782356262207032, "exp-1": 0.0021282993257045746, "exp0": 0.0030151367187500003, "exp+1": 0.004343177005648613, "exp+2": 0.006039611250162125, "obs": 0.0035623222769120434}, "85.0": {"exp-2": 0.002051067352294922, "exp-1": 0.0027659274637699127, "exp0": 0.00391845703125, "exp+1": 0.0056209430098533636, "exp+2": 0.007784681767225266, "obs": 0.004312365758533399}, "350.0": {"exp-2": 0.0019424438476562502, "exp-1": 0.002619445323944092, "exp0": 0.0037109375000000003, "exp+1": 0.005338052660226822, "exp+2": 0.00741695836186409, "obs": 0.0045144318780595775}, "650.0": {"exp-2": 0.038079833984375006, "exp-1": 0.0509422779083252, "exp0": 0.0716796875, "exp+1": 0.10182297229766846, "exp+2": 0.13970603942871093, "obs": 0.08120626219800038}, "95.0": {"exp-2": 0.0017603397369384767, "exp-1": 0.002373872324824333, "exp0": 0.003363037109375, "exp+1": 0.004837610200047493, "exp+2": 0.00672161802649498, "obs": 0.003914331581670691}, "700.0": {"exp-2": 0.097119140625, "exp-1": 0.1305931091308594, "exp0": 0.18281250000000002, "exp+1": 0.25896148681640624, "exp+2": 0.3543665409088135, "obs": 0.21570410681663832}, "75.0": {"exp-2": 0.002401113510131836, "exp-1": 0.003224967792630196, "exp0": 0.0045532226562500005, "exp+1": 0.006513351202011109, "exp+2": 0.008990877866744995, "obs": 0.004637015530971864}, "130.0": {"exp-2": 0.0015974044799804688, "exp-1": 0.002154149115085602, "exp0": 0.0030517578125, "exp+1": 0.004383763670921326, "exp+2": 0.006095516309142113, "obs": 0.0036199498566399217}, "120.0": {"exp-2": 0.0016037940979003907, "exp-1": 0.002162765711545944, "exp0": 0.00306396484375, "exp+1": 0.004407405480742455, "exp+2": 0.0061334591358900075, "obs": 0.0037697258235871948}, "110.0": {"exp-2": 0.0016357421875, "exp-1": 0.0022058486938476562, "exp0": 0.0031249999999999997, "exp+1": 0.004495202377438545, "exp+2": 0.006255639344453812, "obs": 0.0037261562642449592}, "550.0": {"exp-2": 0.00941619873046875, "exp-1": 0.01259676218032837, "exp0": 0.017724609375000002, "exp+1": 0.025248947739601138, "exp+2": 0.0347613126039505, "obs": 0.018689172457249135}, "60.0": {"exp-2": 0.0025491714477539062, "exp-1": 0.0034238263964653016, "exp0": 0.004833984375, "exp+1": 0.006905344873666764, "exp+2": 0.009531285613775253, "obs": 0.004459678625451516}, "500.0": {"exp-2": 0.005458831787109375, "exp-1": 0.007331830263137818, "exp0": 0.010351562500000001, "exp+1": 0.01480783373117447, "exp+2": 0.020489224791526796, "obs": 0.011840363159535652}, "750.0": {"exp-2": 0.20751953125, "exp-1": 0.27904510498046875, "exp0": 0.390625, "exp+1": 0.5525579929351807, "exp+2": 0.7541835308074951, "obs": 0.3689271987542291}}