{"600.0": {"exp-2": 0.0028753280639648438, "exp-1": 0.0038774684071540833, "exp0": 0.0054931640625, "exp+1": 0.007901722937822342, "exp+2": 0.010961858183145524, "obs": 0.010347836667695629}, "80.0": {"exp-2": 0.00386505126953125, "exp-1": 0.005170571804046631, "exp0": 0.007275390625, "exp+1": 0.010334892570972443, "exp+2": 0.014168460667133332, "obs": 0.011557542958525478}, "70.0": {"exp-2": 0.0029740333557128906, "exp-1": 0.003994464129209519, "exp0": 0.0056396484375, "exp+1": 0.008044995367527008, "exp+2": 0.01108570694923401, "obs": 0.007694948002005016}, "90.0": {"exp-2": 0.0038909912109375, "exp-1": 0.005205273628234863, "exp0": 0.00732421875, "exp+1": 0.010404254496097566, "exp+2": 0.014263550937175752, "obs": 0.011631081785523975}, "150.0": {"exp-2": 0.0026006698608398438, "exp-1": 0.003492994606494904, "exp0": 0.004931640625000001, "exp+1": 0.007044846564531327, "exp+2": 0.00971607118844986, "obs": 0.008553919385835492}, "300.0": {"exp-2": 0.0014696121215820312, "exp-1": 0.0019713640213012695, "exp0": 0.0028076171875, "exp+1": 0.004049849510192871, "exp+2": 0.005640705674886704, "obs": 0.005653481709706681}, "400.0": {"exp-2": 0.0014015674591064454, "exp-1": 0.0018977638334035875, "exp0": 0.00269775390625, "exp+1": 0.003891377151012421, "exp+2": 0.0054284043610095985, "obs": 0.0054825199776235125}, "190.0": {"exp-2": 0.0021341323852539064, "exp-1": 0.002877943217754364, "exp0": 0.0040771484375, "exp+1": 0.005832330882549286, "exp+2": 0.008076460659503936, "obs": 0.007581503282731078}, "450.0": {"exp-2": 0.0015015602111816406, "exp-1": 0.0020249001681804657, "exp0": 0.00286865234375, "exp+1": 0.004143606871366501, "exp+2": 0.005780436843633652, "obs": 0.005836703767735426}, "100.0": {"exp-2": 0.0035278320312500003, "exp-1": 0.00471944808959961, "exp0": 0.006640625000000001, "exp+1": 0.009433190524578096, "exp+2": 0.012953300774097443, "obs": 0.010432581187209827}, "170.0": {"exp-2": 0.002362489700317383, "exp-1": 0.0031730916351079943, "exp0": 0.00447998046875, "exp+1": 0.006408578902482987, "exp+2": 0.008846252411603929, "obs": 0.008054386984860147}, "250.0": {"exp-2": 0.0016485214233398439, "exp-1": 0.002223081886768341, "exp0": 0.0031494140625, "exp+1": 0.004536597803235054, "exp+2": 0.006313504278659821, "obs": 0.006126240814472824}, "85.0": {"exp-2": 0.00391693115234375, "exp-1": 0.005239975452423096, "exp0": 0.007373046875000001, "exp+1": 0.010473615676164628, "exp+2": 0.014358641207218172, "obs": 0.011554273480201856}, "350.0": {"exp-2": 0.0013857126235961915, "exp-1": 0.001876295916736126, "exp0": 0.002667236328125, "exp+1": 0.0038526728749275208, "exp+2": 0.005378734692931176, "obs": 0.00534852928682205}, "850.0": {"exp-2": 0.140283203125, "exp-1": 0.18863449096679688, "exp0": 0.26406250000000003, "exp+1": 0.37352919578552246, "exp+2": 0.5106668472290039, "obs": 0.2599074344025428}, "650.0": {"exp-2": 0.004651641845703125, "exp-1": 0.0062728822231292725, "exp0": 0.00888671875, "exp+1": 0.012712386250495911, "exp+2": 0.017575831711292268, "obs": 0.014484292464279985}, "800.0": {"exp-2": 0.045135498046875, "exp-1": 0.060381174087524414, "exp0": 0.0849609375, "exp+1": 0.12052001953125001, "exp+2": 0.165342915058136, "obs": 0.07484618289637553}, "95.0": {"exp-2": 0.0037353515625, "exp-1": 0.004997062683105469, "exp0": 0.00703125, "exp+1": 0.010002097487449646, "exp+2": 0.013724689185619355, "obs": 0.011055507478462252}, "700.0": {"exp-2": 0.008394241333007812, "exp-1": 0.011274418234825135, "exp0": 0.01591796875, "exp+1": 0.02270708680152893, "exp+2": 0.031239336729049685, "obs": 0.018187734450247073}, "75.0": {"exp-2": 0.0035278320312500003, "exp-1": 0.00471944808959961, "exp0": 0.006640625000000001, "exp+1": 0.009459660202264786, "exp+2": 0.012992075085639954, "obs": 0.009860283593129328}, "130.0": {"exp-2": 0.002819538116455078, "exp-1": 0.0037869594991207125, "exp0": 0.0053466796875000005, "exp+1": 0.007627073675394058, "exp+2": 0.010492967814207077, "obs": 0.008936697187216711}, "120.0": {"exp-2": 0.0029675960540771484, "exp-1": 0.003985818102955819, "exp0": 0.00562744140625, "exp+1": 0.008027581870555878, "exp+2": 0.011043968051671982, "obs": 0.009079475370542434}, "110.0": {"exp-2": 0.003216552734375, "exp-1": 0.0043030261993408205, "exp0": 0.0060546875, "exp+1": 0.008612917363643646, "exp+2": 0.011837620288133621, "obs": 0.009647734213150377}, "550.0": {"exp-2": 0.002057456970214844, "exp-1": 0.002774544060230255, "exp0": 0.0039306640625, "exp+1": 0.0056697893887758255, "exp+2": 0.007878581434488297, "obs": 0.00800157799531137}, "60.0": {"exp-2": 0.0018529891967773438, "exp-1": 0.002498812973499298, "exp0": 0.0035400390625, "exp+1": 0.005106332153081894, "exp+2": 0.007117719948291779, "obs": 0.005176093722851902}, "500.0": {"exp-2": 0.0016868591308593752, "exp-1": 0.0022627830505371096, "exp0": 0.0032226562500000003, "exp+1": 0.004648523032665253, "exp+2": 0.006479579210281372, "obs": 0.0065795012200580635}, "750.0": {"exp-2": 0.017742919921875, "exp-1": 0.02373604774475098, "exp0": 0.0333984375, "exp+1": 0.04750996232032776, "exp+2": 0.06513949036598206, "obs": 0.03233481474147431}}