{"600.0": {"exp-2": 0.010964584350585938, "exp-1": 0.01478607952594757, "exp0": 0.020947265625000003, "exp+1": 0.030173650383949282, "exp+2": 0.0420248806476593, "obs": 0.02281875815747944}, "80.0": {"exp-2": 0.005328941345214844, "exp-1": 0.007186241447925568, "exp0": 0.0101806640625, "exp+1": 0.014644525945186615, "exp+2": 0.020379701256752016, "obs": 0.005527226297480939}, "70.0": {"exp-2": 0.005980682373046876, "exp-1": 0.008065134286880493, "exp0": 0.011425781250000001, "exp+1": 0.016412810981273653, "exp+2": 0.0228037104010582, "obs": 0.0061138814575060485}, "90.0": {"exp-2": 0.005124473571777344, "exp-1": 0.006910510361194611, "exp0": 0.0097900390625, "exp+1": 0.01408262550830841, "exp+2": 0.019628384709358217, "obs": 0.005318797813727131}, "150.0": {"exp-2": 0.005699539184570313, "exp-1": 0.007686004042625427, "exp0": 0.010888671875, "exp+1": 0.015619567036628723, "exp+2": 0.021734687685966494, "obs": 0.005832203805006198}, "300.0": {"exp-2": 0.01128387451171875, "exp-1": 0.015095293521881104, "exp0": 0.021240234375, "exp+1": 0.03029933273792267, "exp+2": 0.04175136089324952, "obs": 0.012330705729283667}, "400.0": {"exp-2": 0.0094757080078125, "exp-1": 0.012726950645446778, "exp0": 0.017968750000000002, "exp+1": 0.025775787234306336, "exp+2": 0.035726165771484374, "obs": 0.01410280343283471}, "190.0": {"exp-2": 0.006566047668457031, "exp-1": 0.008818946778774261, "exp0": 0.012451171875, "exp+1": 0.017885756492614747, "exp+2": 0.02481118142604828, "obs": 0.0067509855714738345}, "450.0": {"exp-2": 0.007003021240234376, "exp-1": 0.009443789720535278, "exp0": 0.013378906250000001, "exp+1": 0.019298413395881654, "exp+2": 0.026920956373214722, "obs": 0.011796994967769666}, "100.0": {"exp-2": 0.0051116943359375, "exp-1": 0.006893277168273926, "exp0": 0.009765625, "exp+1": 0.014028044044971467, "exp+2": 0.019536253809928895, "obs": 0.005232296880344232}, "170.0": {"exp-2": 0.0063385009765625005, "exp-1": 0.008547663688659668, "exp0": 0.012109375, "exp+1": 0.01734650582075119, "exp+2": 0.024098555743694308, "obs": 0.006643891320803648}, "250.0": {"exp-2": 0.008613109588623047, "exp-1": 0.011568383127450944, "exp0": 0.0163330078125, "exp+1": 0.023364247381687166, "exp+2": 0.03230283260345459, "obs": 0.009149972075295549}, "85.0": {"exp-2": 0.005175590515136719, "exp-1": 0.00697944313287735, "exp0": 0.0098876953125, "exp+1": 0.014223100244998933, "exp+2": 0.0198241800069809, "obs": 0.0054179029937793215}, "350.0": {"exp-2": 0.012425231933593751, "exp-1": 0.01662217378616333, "exp0": 0.023388671875000003, "exp+1": 0.03331747949123383, "exp+2": 0.045869606733322146, "obs": 0.015952294722023752}, "650.0": {"exp-2": 0.022504806518554688, "exp-1": 0.030226507782936098, "exp0": 0.04267578125, "exp+1": 0.06096233725547791, "exp+2": 0.08421207666397096, "obs": 0.04330077116135666}, "95.0": {"exp-2": 0.005073356628417969, "exp-1": 0.006841577589511871, "exp0": 0.0096923828125, "exp+1": 0.013961467146873475, "exp+2": 0.01944507956504822, "obs": 0.005260969348550267}, "75.0": {"exp-2": 0.005673980712890625, "exp-1": 0.007651537656784058, "exp0": 0.010839843750000001, "exp+1": 0.015549524128437043, "exp+2": 0.021637222170829775, "obs": 0.005813031300434833}, "130.0": {"exp-2": 0.0055717468261718755, "exp-1": 0.007513672113418579, "exp0": 0.01064453125, "exp+1": 0.015290567278862001, "exp+2": 0.02126116007566452, "obs": 0.005774023883406156}, "120.0": {"exp-2": 0.005456733703613281, "exp-1": 0.007358573377132416, "exp0": 0.0104248046875, "exp+1": 0.014995713531970978, "exp+2": 0.020901048183441163, "obs": 0.005718259598399374}, "110.0": {"exp-2": 0.005162811279296875, "exp-1": 0.006962209939956665, "exp0": 0.009863281250000001, "exp+1": 0.014187982678413391, "exp+2": 0.01975979804992676, "obs": 0.00538654174051357}, "550.0": {"exp-2": 0.0068496704101562505, "exp-1": 0.00923699140548706, "exp0": 0.0130859375, "exp+1": 0.018927980959415436, "exp+2": 0.026426139473915103, "obs": 0.013665794346071916}, "60.0": {"exp-2": 0.005651950836181641, "exp-1": 0.007591211050748826, "exp0": 0.010717773437500001, "exp+1": 0.0153744176030159, "exp+2": 0.021326307952404023, "obs": 0.006954327592234364}, "500.0": {"exp-2": 0.005859947204589844, "exp-1": 0.007934542000293731, "exp0": 0.011279296875, "exp+1": 0.016337269544601442, "exp+2": 0.022879858314990998, "obs": 0.011432794990994442}}