{"600.0": {"exp-2": 0.0015718460083007813, "exp-1": 0.002119682729244232, "exp+2": 0.0059697583317756655, "exp+1": 0.004313623532652855, "exp0": 0.0030029296875, "obs": 0.001547744674949458}, "80.0": {"exp-2": 0.00213007926940918, "exp-1": 0.0029081527143716814, "exp+2": 0.008335866779088975, "exp+1": 0.006012638285756111, "exp0": 0.00416259765625, "obs": 0.0032005870558875354}, "70.0": {"exp-2": 0.002122163772583008, "exp-1": 0.0029219593852758408, "exp+2": 0.008482730388641358, "exp+1": 0.0061083480715751655, "exp0": 0.00421142578125, "obs": 0.003221056032160967}, "90.0": {"exp-2": 0.0021085739135742188, "exp-1": 0.0028668418526649475, "exp+2": 0.00818389430642128, "exp+1": 0.0058986939489841465, "exp0": 0.00408935546875, "obs": 0.003345464334752352}, "150.0": {"exp-2": 0.0020233154296875, "exp-1": 0.0027067422866821293, "exp+2": 0.0074281878769397736, "exp+1": 0.005417802929878235, "exp0": 0.0038085937500000003, "obs": 0.0025797713701131817}, "300.0": {"exp-2": 0.001906585693359375, "exp-1": 0.0025505840778350833, "exp+2": 0.007010122388601304, "exp+1": 0.0051123898476362235, "exp0": 0.0035888671875000003, "obs": 0.002402893541767091}, "900.0": {"exp-2": 0.003772258758544922, "exp-1": 0.005066571384668351, "exp+2": 0.014080081880092622, "exp+1": 0.010232771933078767, "exp0": 0.0071533203125, "obs": 0.005343243806441009}, "350.0": {"exp-2": 0.0022079944610595703, "exp-1": 0.002965587005019188, "exp+2": 0.008203893899917603, "exp+1": 0.00597279965877533, "exp0": 0.0041870117187500005, "obs": 0.002214948394694739}, "190.0": {"exp-2": 0.001984405517578125, "exp-1": 0.0026546895503997804, "exp+2": 0.007280321419239045, "exp+1": 0.005306169763207436, "exp0": 0.0037353515625, "obs": 0.0025562391481027563}, "450.0": {"exp-2": 0.0018088817596435547, "exp-1": 0.002429533377289772, "exp+2": 0.006752559542655945, "exp+1": 0.004900004714727402, "exp0": 0.00343017578125, "obs": 0.0017781554323225636}, "100.0": {"exp-2": 0.002166080474853516, "exp-1": 0.002921026200056076, "exp+2": 0.008208222687244415, "exp+1": 0.005936136096715928, "exp0": 0.00413818359375, "obs": 0.0032163289872318163}, "170.0": {"exp-2": 0.0019908905029296874, "exp-1": 0.0026633650064468387, "exp+2": 0.007309146225452423, "exp+1": 0.005330979079008103, "exp0": 0.0037475585937500003, "obs": 0.0024695152546623284}, "250.0": {"exp-2": 0.0019260406494140626, "exp-1": 0.0025766104459762577, "exp+2": 0.00708165466785431, "exp+1": 0.005164557322859764, "exp0": 0.0036254882812500003, "obs": 0.0024163647509935168}, "400.0": {"exp-2": 0.001989126205444336, "exp-1": 0.0026716221123933796, "exp+2": 0.007407594472169876, "exp+1": 0.005388261377811432, "exp0": 0.0037719726562500003, "obs": 0.002001236446387782}, "650.0": {"exp-2": 0.0016485214233398439, "exp-1": 0.002223081886768341, "exp+2": 0.0062798701226711275, "exp+1": 0.004530321061611176, "exp0": 0.0031494140625, "obs": 0.0016208608576250266}, "800.0": {"exp-2": 0.0023641586303710938, "exp-1": 0.0031881406903266907, "exp+2": 0.008952902257442474, "exp+1": 0.006469967216253281, "exp0": 0.0045166015625, "obs": 0.003388619664402913}, "60.0": {"exp-2": 0.0021529197692871094, "exp-1": 0.0029643066227436066, "exp+2": 0.008600172400474549, "exp+1": 0.0061883598566055305, "exp0": 0.0042724609375, "obs": 0.0034932722593616484}, "1000.0": {"exp-2": 0.010479736328125001, "exp-1": 0.0140195369720459, "exp+2": 0.03838528096675873, "exp+1": 0.028022125363349915, "exp0": 0.019726562500000003, "obs": 0.015347528275547907}, "120.0": {"exp-2": 0.0020946502685546876, "exp-1": 0.002802172303199768, "exp+2": 0.0076785445213317875, "exp+1": 0.005600956827402115, "exp0": 0.0039428710937500005, "obs": 0.002722732725242458}, "550.0": {"exp-2": 0.0015782356262207032, "exp-1": 0.0021282993257045746, "exp+2": 0.00598062239587307, "exp+1": 0.004325149208307267, "exp0": 0.0030151367187500003, "obs": 0.0016447883465044904}, "700.0": {"exp-2": 0.001744365692138672, "exp-1": 0.002352330833673477, "exp+2": 0.00663541853427887, "exp+1": 0.00478706993162632, "exp0": 0.00333251953125, "obs": 0.00170630839081952}, "500.0": {"exp-2": 0.001651167869567871, "exp-1": 0.0022177057340741157, "exp+2": 0.006172887235879898, "exp+1": 0.004479020461440087, "exp0": 0.0031311035156250003, "obs": 0.0016426440417390985}}