{"80.0": {"exp-2": 0.014814758300781251, "exp-1": 0.019952583312988284, "exp0": 0.028515625000000003, "exp+1": 0.04158704280853272, "exp+2": 0.05881731510162354, "obs": 0.018791339752661246}, "70.0": {"exp-2": 0.017199325561523437, "exp-1": 0.023288396000862122, "exp0": 0.03310546875, "exp+1": 0.04808290898799897, "exp+2": 0.0678026556968689, "obs": 0.024902786344101892}, "95.0": {"exp-2": 0.012664031982421876, "exp-1": 0.01721816658973694, "exp0": 0.024560546875000002, "exp+1": 0.03581897616386414, "exp+2": 0.05077329874038697, "obs": 0.012652182830159425}, "90.0": {"exp-2": 0.013016510009765626, "exp-1": 0.017697399854660036, "exp0": 0.025244140625, "exp+1": 0.03681592643260956, "exp+2": 0.05214745998382569, "obs": 0.014587818625015965}, "150.0": {"exp-2": 0.016314697265625, "exp-1": 0.02218165397644043, "exp0": 0.031640625, "exp+1": 0.04614452719688416, "exp+2": 0.0653119444847107, "obs": 0.015856848240626338}, "75.0": {"exp-2": 0.015981674194335938, "exp-1": 0.021639660000801086, "exp0": 0.03076171875, "exp+1": 0.04467880725860596, "exp+2": 0.06300246715545654, "obs": 0.021549756891769228}, "130.0": {"exp-2": 0.012151145935058595, "exp-1": 0.01636521816253662, "exp0": 0.023388671875000003, "exp+1": 0.03401669263839722, "exp+2": 0.048112183809280396, "obs": 0.011143673512816824}, "120.0": {"exp-2": 0.01143035888671875, "exp-1": 0.015540850162506104, "exp0": 0.022167968750000003, "exp+1": 0.032285472750663756, "exp+2": 0.045697110891342166, "obs": 0.010152421779347165}, "110.0": {"exp-2": 0.011480712890625001, "exp-1": 0.015609312057495118, "exp0": 0.022265625, "exp+1": 0.03238332271575928, "exp+2": 0.04583649039268494, "obs": 0.010545065400786853}, "190.0": {"exp-2": 0.06951904296875, "exp-1": 0.09374856948852539, "exp0": 0.1328125, "exp+1": 0.19131078720092776, "exp+2": 0.2672817468643189, "obs": 0.08902129133015796}, "100.0": {"exp-2": 0.011959075927734375, "exp-1": 0.016259700059890747, "exp0": 0.023193359375, "exp+1": 0.03382507860660553, "exp+2": 0.04794695377349854, "obs": 0.011566529617823014}, "170.0": {"exp-2": 0.031488037109375, "exp-1": 0.042238616943359376, "exp0": 0.06015625, "exp+1": 0.08713210821151735, "exp+2": 0.1224936604499817, "obs": 0.03716848457610813}, "60.0": {"exp-2": 0.018862152099609376, "exp-1": 0.025436192750930786, "exp0": 0.03603515625, "exp+1": 0.05219439268112183, "exp+2": 0.07343292236328125, "obs": 0.027685574833511507}, "250.0": {"exp-2": 0.26662597656250003, "exp-1": 0.35955333709716797, "exp0": 0.509375, "exp+1": 0.7317027568817139, "exp+2": 1.020607089996338, "obs": 0.32486361486970006}, "85.0": {"exp-2": 0.01400299072265625, "exp-1": 0.018859291076660158, "exp0": 0.026953125, "exp+1": 0.03920086324214936, "exp+2": 0.055486279726028445, "obs": 0.016863645055992815}}