{"600.0": {"exp-2": 0.004357719421386719, "exp-1": 0.005876518785953522, "exp0": 0.0083251953125, "exp+1": 0.011975499987602235, "exp+2": 0.016704498231410982, "obs": 0.005007054823780022}, "80.0": {"exp-2": 0.002397251129150391, "exp-1": 0.0032286286354064942, "exp0": 0.0046142578125000005, "exp+1": 0.006711017340421677, "exp+2": 0.009520455449819566, "obs": 0.002171674509691238}, "70.0": {"exp-2": 0.0029109477996826175, "exp-1": 0.003941509500145913, "exp0": 0.005603027343750001, "exp+1": 0.00812675878405571, "exp+2": 0.011477172374725342, "obs": 0.0026539993623829147}, "90.0": {"exp-2": 0.0018630981445312501, "exp-1": 0.0025262534618377686, "exp0": 0.00361328125, "exp+1": 0.005269591137766838, "exp+2": 0.007503134012222291, "obs": 0.0017399808900605029}, "150.0": {"exp-2": 0.009836196899414062, "exp-1": 0.013211128115653992, "exp0": 0.01865234375, "exp+1": 0.0267192155122757, "exp+2": 0.03706095516681671, "obs": 0.010320913023048432}, "1400.0": {"exp-2": 0.008664321899414063, "exp-1": 0.011684104800224304, "exp0": 0.016552734375, "exp+1": 0.02374454438686371, "exp+2": 0.03309255838394165, "obs": 0.009868105241933687}, "300.0": {"exp-2": 0.007948684692382814, "exp-1": 0.010719045996665955, "exp0": 0.015185546875, "exp+1": 0.021783342957496645, "exp+2": 0.030311605334281923, "obs": 0.008675274240262203}, "900.0": {"exp-2": 0.0019488334655761719, "exp-1": 0.002628061920404434, "exp0": 0.00372314453125, "exp+1": 0.005370452627539635, "exp+2": 0.007520747184753419, "obs": 0.002257357520709872}, "400.0": {"exp-2": 0.00664520263671875, "exp-1": 0.008961260318756104, "exp0": 0.0126953125, "exp+1": 0.01821115463972092, "exp+2": 0.025340890884399416, "obs": 0.0072845043275945294}, "190.0": {"exp-2": 0.009098815917968751, "exp-1": 0.012270033359527588, "exp0": 0.0173828125, "exp+1": 0.024900630116462708, "exp+2": 0.034620392322540286, "obs": 0.009873251946918826}, "450.0": {"exp-2": 0.006057357788085938, "exp-1": 0.008168533444404602, "exp0": 0.011572265625000001, "exp+1": 0.016623231768608093, "exp+2": 0.023150460422039033, "obs": 0.006930058361766732}, "250.0": {"exp-2": 0.00844573974609375, "exp-1": 0.011343586444854737, "exp0": 0.016015625000000002, "exp+1": 0.02300599217414856, "exp+2": 0.031989270448684694, "obs": 0.00925279724343216}, "170.0": {"exp-2": 0.009707450866699219, "exp-1": 0.013038207590579987, "exp0": 0.018408203125, "exp+1": 0.026369488239288332, "exp+2": 0.03657586574554444, "obs": 0.010457859469800213}, "100.0": {"exp-2": 0.0015735626220703125, "exp-1": 0.0021394342184066772, "exp0": 0.0030517578125, "exp+1": 0.0044689148664474486, "exp+2": 0.0063717164099216465, "obs": 0.0015103310870434807}, "1100.0": {"exp-2": 0.001642131805419922, "exp-1": 0.002202785015106201, "exp0": 0.0031372070312500003, "exp+1": 0.004525266587734222, "exp+2": 0.006337154656648636, "obs": 0.0019530439576976426}, "1300.0": {"exp-2": 0.003182029724121094, "exp-1": 0.004291065037250519, "exp0": 0.0060791015625000005, "exp+1": 0.008768804371356964, "exp+2": 0.012251310050487518, "obs": 0.0036629170688705923}, "350.0": {"exp-2": 0.007411956787109375, "exp-1": 0.009995251893997192, "exp0": 0.01416015625, "exp+1": 0.020340663194656373, "exp+2": 0.028283193707466125, "obs": 0.008434679013504344}, "650.0": {"exp-2": 0.003833770751953125, "exp-1": 0.005169957876205444, "exp0": 0.00732421875, "exp+1": 0.010535630583763124, "exp+2": 0.014696039259433746, "obs": 0.00439737217828658}, "800.0": {"exp-2": 0.0025814056396484377, "exp-1": 0.0034811049699783325, "exp0": 0.004931640625000001, "exp+1": 0.00711364895105362, "exp+2": 0.009946512430906296, "obs": 0.0030058957741499466}, "60.0": {"exp-2": 0.0034056663513183597, "exp-1": 0.004568421840667725, "exp0": 0.0065063476562500005, "exp+1": 0.009436955302953721, "exp+2": 0.013276995718479158, "obs": 0.003141667818990101}, "1000.0": {"exp-2": 0.001587820053100586, "exp-1": 0.002141224220395088, "exp0": 0.003033447265625, "exp+1": 0.004381643980741501, "exp+2": 0.006131421029567719, "obs": 0.0018926648342636456}, "120.0": {"exp-2": 0.0019575119018554687, "exp-1": 0.0026614561676979068, "exp0": 0.00379638671875, "exp+1": 0.005551763623952866, "exp+2": 0.0078984335064888, "obs": 0.0019206799024875057}, "1200.0": {"exp-2": 0.002051067352294922, "exp-1": 0.0027659274637699127, "exp0": 0.00391845703125, "exp+1": 0.005659990757703782, "exp+2": 0.007926374673843384, "obs": 0.002392759163472165}, "550.0": {"exp-2": 0.004868888854980469, "exp-1": 0.006565846502780914, "exp0": 0.0093017578125, "exp+1": 0.013380250334739685, "exp+2": 0.01863485723733902, "obs": 0.00552311662794482}, "700.0": {"exp-2": 0.003418445587158203, "exp-1": 0.004609879106283188, "exp0": 0.00653076171875, "exp+1": 0.00940728634595871, "exp+2": 0.013122576475143434, "obs": 0.003938929782129415}, "500.0": {"exp-2": 0.005597305297851563, "exp-1": 0.007548138499259949, "exp0": 0.010693359375000001, "exp+1": 0.015382020175457001, "exp+2": 0.021439483761787417, "obs": 0.006367935735442246}}