{"350.0": {"exp-2": 0.280975341796875, "exp-1": 0.3773817539215088, "exp0": 0.5328125, "exp+1": 0.7643081665039063, "exp+2": 1.0610301971435547, "obs": 0.40159145793562046}, "80.0": {"exp-2": 0.004046154022216797, "exp-1": 0.005449378490447999, "exp0": 0.0077880859375000005, "exp+1": 0.011311539262533189, "exp+2": 0.015986867249011993, "obs": 0.0034367778635174245}, "70.0": {"exp-2": 0.0038898468017578127, "exp-1": 0.0052886813879013065, "exp0": 0.0075439453125000005, "exp+1": 0.010971981287002565, "exp+2": 0.015506751835346222, "obs": 0.0033626558639936553}, "95.0": {"exp-2": 0.0044311523437500005, "exp-1": 0.006024646759033203, "exp0": 0.00859375, "exp+1": 0.012498826533555985, "exp+2": 0.017691276967525482, "obs": 0.0037413367294446527}, "90.0": {"exp-2": 0.0042744636535644535, "exp-1": 0.005756866931915284, "exp0": 0.0082275390625, "exp+1": 0.011966206133365631, "exp+2": 0.01691189408302307, "obs": 0.003607362246722247}, "150.0": {"exp-2": 0.009157752990722657, "exp-1": 0.012399868667125703, "exp0": 0.017626953125, "exp+1": 0.025671929121017456, "exp+2": 0.03630897402763367, "obs": 0.006719219839824174}, "75.0": {"exp-2": 0.003931999206542969, "exp-1": 0.0052956342697143555, "exp0": 0.007568359375, "exp+1": 0.011007489264011384, "exp+2": 0.015556935966014863, "obs": 0.0033948473157298003}, "130.0": {"exp-2": 0.006785202026367188, "exp-1": 0.009225240349769593, "exp0": 0.013159179687500001, "exp+1": 0.01921750754117966, "exp+2": 0.027240031957626344, "obs": 0.005261213585794626}, "120.0": {"exp-2": 0.006055068969726563, "exp-1": 0.008232542872428894, "exp0": 0.0117431640625, "exp+1": 0.017126171290874483, "exp+2": 0.02427629977464676, "obs": 0.004760968171726024}, "110.0": {"exp-2": 0.005324935913085938, "exp-1": 0.0072398453950881965, "exp0": 0.010327148437500001, "exp+1": 0.015019896626472474, "exp+2": 0.021259687840938568, "obs": 0.004309611648876253}, "300.0": {"exp-2": 0.1404876708984375, "exp-1": 0.1886908769607544, "exp0": 0.26640625, "exp+1": 0.38215408325195316, "exp+2": 0.5309330463409424, "obs": 0.2010789977357309}, "190.0": {"exp-2": 0.018248748779296876, "exp-1": 0.024608999490737915, "exp0": 0.03486328125, "exp+1": 0.05042753219604493, "exp+2": 0.07078396081924439, "obs": 0.01301167570787727}, "100.0": {"exp-2": 0.004807186126708985, "exp-1": 0.006509072333574295, "exp0": 0.0092529296875, "exp+1": 0.013475984334945679, "exp+2": 0.01903106123209, "obs": 0.003889797255989617}, "170.0": {"exp-2": 0.012830352783203125, "exp-1": 0.017210865020751955, "exp0": 0.02451171875, "exp+1": 0.0355523556470871, "exp+2": 0.04998107850551606, "obs": 0.009049144597612654}, "60.0": {"exp-2": 0.0038495540618896486, "exp-1": 0.005184596776962281, "exp0": 0.00740966796875, "exp+1": 0.010776686668395997, "exp+2": 0.0152192622423172, "obs": 0.0033216531110497292}, "250.0": {"exp-2": 0.05829620361328125, "exp-1": 0.07829841375350953, "exp0": 0.110546875, "exp+1": 0.15901777744293213, "exp+2": 0.22163922786712648, "obs": 0.06220104614986495}, "85.0": {"exp-2": 0.004134941101074219, "exp-1": 0.005568957328796387, "exp0": 0.007958984375, "exp+1": 0.011575617641210557, "exp+2": 0.016372205317020418, "obs": 0.0034950739295532803}}