{"350.0": {"exp-2": 0.0190765380859375, "exp-1": 0.025830197334289554, "exp+2": 0.0749751091003418, "exp+1": 0.05333089232444763, "exp0": 0.03671875, "obs": 0.038600379228648146}, "80.0": {"exp-2": 0.003046417236328125, "exp-1": 0.004141944646835327, "exp+2": 0.01224655956029892, "exp+1": 0.008640044182538987, "exp0": 0.005908203125000001, "obs": 0.003366228480571937}, "70.0": {"exp-2": 0.0029960632324218753, "exp-1": 0.004073482751846313, "exp+2": 0.012002994120121003, "exp+1": 0.008474072068929672, "exp0": 0.005810546875, "obs": 0.0033391005014302105}, "95.0": {"exp-2": 0.0033421993255615236, "exp-1": 0.004525436833500862, "exp+2": 0.013165536522865296, "exp+1": 0.009343544393777848, "exp0": 0.00643310546875, "obs": 0.0029236628251640205}, "90.0": {"exp-2": 0.003411960601806641, "exp-1": 0.0046198956668376924, "exp+2": 0.013430151343345643, "exp+1": 0.009538570791482926, "exp0": 0.0065673828125000005, "obs": 0.0029776921624718156}, "150.0": {"exp-2": 0.004134941101074219, "exp-1": 0.005568957328796387, "exp+2": 0.016266000270843507, "exp+1": 0.011543893069028855, "exp0": 0.007958984375, "obs": 0.004400907574674775}, "75.0": {"exp-2": 0.0029834747314453126, "exp-1": 0.00403447151184082, "exp+2": 0.011961503326892853, "exp+1": 0.008438466489315033, "exp0": 0.005786132812500001, "obs": 0.0033090802097770593}, "130.0": {"exp-2": 0.003868579864501953, "exp-1": 0.005210220813751221, "exp+2": 0.015250596404075624, "exp+1": 0.010815108567476273, "exp0": 0.0074462890625, "obs": 0.004101654438448172}, "120.0": {"exp-2": 0.0037988185882568363, "exp-1": 0.005116266012191773, "exp+2": 0.01497558653354645, "exp+1": 0.010620082169771195, "exp0": 0.007312011718750001, "obs": 0.004137845645418435}, "110.0": {"exp-2": 0.0037163734436035157, "exp-1": 0.005032079666852951, "exp+2": 0.014681649208068848, "exp+1": 0.01040385290980339, "exp0": 0.0071533203125, "obs": 0.00404920577518419}, "400.0": {"exp-2": 0.03424835205078125, "exp-1": 0.0461849570274353, "exp+2": 0.1311822295188904, "exp+1": 0.09411829710006714, "exp0": 0.0654296875, "obs": 0.07441911100362623}, "300.0": {"exp-2": 0.011694526672363282, "exp-1": 0.015834735333919527, "exp+2": 0.045898959040641785, "exp+1": 0.03264867961406708, "exp0": 0.022509765625, "obs": 0.01432193763332748}, "190.0": {"exp-2": 0.005035495758056641, "exp-1": 0.00681821033358574, "exp+2": 0.019835741817951204, "exp+1": 0.014077369868755341, "exp0": 0.0096923828125, "obs": 0.006920435769825309}, "100.0": {"exp-2": 0.003411960601806641, "exp-1": 0.0046198956668376924, "exp+2": 0.01345052570104599, "exp+1": 0.009538570791482926, "exp0": 0.0065673828125000005, "obs": 0.0029470838420140827}, "170.0": {"exp-2": 0.005149650573730469, "exp-1": 0.006972779333591462, "exp+2": 0.020242261886596682, "exp+1": 0.014376749098300935, "exp0": 0.009912109375, "obs": 0.007053293782241565}, "60.0": {"exp-2": 0.003046417236328125, "exp-1": 0.004141944646835327, "exp+2": 0.012188327312469483, "exp+1": 0.008604717999696731, "exp0": 0.005908203125000001, "obs": 0.003395443030835885}, "250.0": {"exp-2": 0.006456089019775391, "exp-1": 0.008741735666990281, "exp+2": 0.02531971335411072, "exp+1": 0.018024052679538726, "exp0": 0.012426757812500001, "obs": 0.009033846491928153}, "85.0": {"exp-2": 0.0032851219177246096, "exp-1": 0.004448152333498001, "exp+2": 0.012958383560180664, "exp+1": 0.009196579456329346, "exp0": 0.0063232421875000005, "obs": 0.002890278272910843}}