{"600.0": {"exp-2": 0.0017571449279785156, "exp-1": 0.002369564026594162, "exp0": 0.00335693359375, "exp+1": 0.004828830435872078, "exp+2": 0.006704166531562805, "obs": 0.0017354086684428463}, "80.0": {"exp-2": 0.0011675834655761718, "exp-1": 0.0015874601900577546, "exp0": 0.002264404296875, "exp+1": 0.0032933697104454043, "exp+2": 0.004644010215997696, "obs": 0.0011388647392611589}, "70.0": {"exp-2": 0.0012683868408203125, "exp-1": 0.0017082691192626953, "exp0": 0.00244140625, "exp+1": 0.0035362057387828827, "exp+2": 0.004978926852345467, "obs": 0.0012148758536654105}, "90.0": {"exp-2": 0.0013286352157592775, "exp-1": 0.0017894119024276735, "exp0": 0.0025573730468750003, "exp+1": 0.003719466179609299, "exp+2": 0.005240890756249428, "obs": 0.0013156840191588717}, "150.0": {"exp-2": 0.004604339599609375, "exp-1": 0.006159573793411255, "exp0": 0.0086669921875, "exp+1": 0.012328974157571794, "exp+2": 0.016931281983852388, "obs": 0.004954496245758263}, "300.0": {"exp-2": 0.003366708755493164, "exp-1": 0.004521871730685234, "exp0": 0.0063842773437500005, "exp+1": 0.009107213467359543, "exp+2": 0.012549403309822084, "obs": 0.003499044064229909}, "900.0": {"exp-2": 0.001537919044494629, "exp-1": 0.0020823879167437553, "exp0": 0.002960205078125, "exp+1": 0.004275849834084511, "exp+2": 0.005969533696770668, "obs": 0.0015320371755573603}, "400.0": {"exp-2": 0.0027229785919189453, "exp-1": 0.0036572691053152087, "exp0": 0.0051635742187500005, "exp+1": 0.007386454939842225, "exp+2": 0.010196089744567871, "obs": 0.0027734473263747346}, "190.0": {"exp-2": 0.004150390625, "exp-1": 0.0055522918701171875, "exp0": 0.0078125, "exp+1": 0.011144582927227021, "exp+2": 0.015307557582855225, "obs": 0.004482223098233812}, "450.0": {"exp-2": 0.002465486526489258, "exp-1": 0.0033114280551671984, "exp0": 0.0046752929687500005, "exp+1": 0.006697290390729905, "exp+2": 0.009252776950597763, "obs": 0.0024433375209984435}, "250.0": {"exp-2": 0.0037353515625, "exp-1": 0.004997062683105469, "exp0": 0.00703125, "exp+1": 0.010030124336481094, "exp+2": 0.013787886500358582, "obs": 0.003924772732878125}, "170.0": {"exp-2": 0.004370880126953125, "exp-1": 0.005847257375717164, "exp0": 0.0082275390625, "exp+1": 0.011720240861177445, "exp+2": 0.016109785437583925, "obs": 0.004746982049594208}, "100.0": {"exp-2": 0.0017091512680053713, "exp-1": 0.0023142414167523387, "exp0": 0.0032897949218750003, "exp+1": 0.004765037074685097, "exp+2": 0.006693755835294724, "obs": 0.001647592584865287}, "1100.0": {"exp-2": 0.0038976669311523438, "exp-1": 0.005256123840808868, "exp0": 0.0074462890625, "exp+1": 0.010770586878061296, "exp+2": 0.015025669336318971, "obs": 0.004024321261324864}, "350.0": {"exp-2": 0.003057718276977539, "exp-1": 0.004106862470507622, "exp0": 0.00579833984375, "exp+1": 0.008282925933599472, "exp+2": 0.01141446828842163, "obs": 0.003122676553410459}, "650.0": {"exp-2": 0.0016261577606201173, "exp-1": 0.0021929237991571426, "exp0": 0.0031066894531250003, "exp+1": 0.0044688630849123, "exp+2": 0.0062092624604702, "obs": 0.0015973905213601744}, "800.0": {"exp-2": 0.001335430145263672, "exp-1": 0.001791369915008545, "exp0": 0.0025512695312500003, "exp+1": 0.0036800805479288105, "exp+2": 0.005137631669640541, "obs": 0.0013000646981088074}, "60.0": {"exp-2": 0.0014332771301269532, "exp-1": 0.0019406996667385103, "exp0": 0.0027587890625, "exp+1": 0.003990413993597031, "exp+2": 0.005592660605907441, "obs": 0.0013955596625792048}, "1000.0": {"exp-2": 0.002153301239013672, "exp-1": 0.0029037930071353912, "exp0": 0.00411376953125, "exp+1": 0.005942108854651452, "exp+2": 0.008289392292499543, "obs": 0.0021363302406172888}, "120.0": {"exp-2": 0.003991127014160156, "exp-1": 0.005360536277294159, "exp0": 0.007568359375, "exp+1": 0.010811398178339005, "exp+2": 0.014910802245140076, "obs": 0.004027559097579728}, "1200.0": {"exp-2": 0.013162612915039062, "exp-1": 0.01775018870830536, "exp0": 0.025146484375, "exp+1": 0.03607209622859955, "exp+2": 0.04995777010917664, "obs": 0.014044433198015821}, "550.0": {"exp-2": 0.001955223083496094, "exp-1": 0.0026366785168647766, "exp0": 0.0037353515625, "exp+1": 0.005365726724267006, "exp+2": 0.007443354278802872, "obs": 0.00194688600455592}, "700.0": {"exp-2": 0.0014696121215820312, "exp-1": 0.0019818171858787537, "exp0": 0.0028076171875, "exp+1": 0.004038658365607262, "exp+2": 0.005620301142334938, "obs": 0.0014322717805465293}, "500.0": {"exp-2": 0.002198028564453125, "exp-1": 0.002964109182357788, "exp0": 0.00419921875, "exp+1": 0.006015320494771004, "exp+2": 0.008330374956130981, "obs": 0.0021843659907945126}}