{"600.0": {"exp-2": 0.02537841796875, "exp-1": 0.034992885589599614, "exp+2": 0.12177679538726807, "exp+1": 0.07951462268829346, "exp0": 0.051562500000000004, "obs": 0.02921337841683157}, "2600.0": {"exp-2": 0.002259063720703125, "exp-1": 0.0031148970127105715, "exp+2": 0.010764333605766297, "exp+1": 0.007059711217880249, "exp0": 0.00458984375, "obs": 0.002894173011005666}, "80.0": {"exp-2": 0.03531723022460938, "exp-1": 0.049929177761077886, "exp+2": 0.18838560581207275, "exp+1": 0.12019205093383789, "exp0": 0.07597656250000001, "obs": 0.06021174290365409}, "70.0": {"exp-2": 0.037768554687500004, "exp-1": 0.0537343978881836, "exp+2": 0.20122969150543213, "exp+1": 0.1285344362258911, "exp0": 0.08125, "obs": 0.07574442110181953}, "90.0": {"exp-2": 0.03613433837890625, "exp-1": 0.05108435153961182, "exp+2": 0.19252264499664307, "exp+1": 0.12297284603118896, "exp0": 0.07773437500000001, "obs": 0.06705570198028958}, "1800.0": {"exp-2": 0.006392669677734376, "exp-1": 0.00881449580192566, "exp+2": 0.03063681721687317, "exp+1": 0.02002925276756287, "exp0": 0.01298828125, "obs": 0.008314140891378682}, "2200.0": {"exp-2": 0.002691650390625, "exp-1": 0.003711366653442383, "exp+2": 0.012841640412807465, "exp+1": 0.008411570638418199, "exp0": 0.0054687500000000005, "obs": 0.003445336443158368}, "150.0": {"exp-2": 0.037394714355468754, "exp-1": 0.05126006603240967, "exp+2": 0.18249548673629762, "exp+1": 0.11807212829589844, "exp0": 0.07597656250000001, "obs": 0.06072056224100382}, "1600.0": {"exp-2": 0.008747863769531251, "exp-1": 0.012061941623687745, "exp+2": 0.04173533022403717, "exp+1": 0.02733760476112366, "exp0": 0.0177734375, "obs": 0.011758591708197527}, "300.0": {"exp-2": 0.028839111328125, "exp-1": 0.0397646427154541, "exp+2": 0.1395149350166321, "exp+1": 0.09059108495712281, "exp0": 0.05859375, "obs": 0.041960067914650845}, "900.0": {"exp-2": 0.020523834228515628, "exp-1": 0.02829917073249817, "exp+2": 0.09807803630828858, "exp+1": 0.06422133445739746, "exp0": 0.04169921875, "obs": 0.03643052075483251}, "350.0": {"exp-2": 0.0324920654296875, "exp-1": 0.04480149745941162, "exp+2": 0.15591120719909668, "exp+1": 0.10180281400680542, "exp0": 0.06601562500000001, "obs": 0.03690989971492482}, "190.0": {"exp-2": 0.034510803222656254, "exp-1": 0.047306847572326664, "exp+2": 0.16842128038406373, "exp+1": 0.10896631479263306, "exp0": 0.0701171875, "obs": 0.05006473347005141}, "450.0": {"exp-2": 0.02835845947265625, "exp-1": 0.03910189867019653, "exp+2": 0.1362450122833252, "exp+1": 0.08885157108306885, "exp0": 0.0576171875, "obs": 0.03293890022693241}, "1400.0": {"exp-2": 0.0117279052734375, "exp-1": 0.01617095470428467, "exp+2": 0.05588292479515076, "exp+1": 0.03665041625499726, "exp0": 0.023828125000000002, "obs": 0.015807823320783006}, "100.0": {"exp-2": 0.03395538330078125, "exp-1": 0.048003888130187994, "exp+2": 0.18164855241775513, "exp+1": 0.11584856510162354, "exp0": 0.073046875, "obs": 0.059435722956759696}, "170.0": {"exp-2": 0.0351837158203125, "exp-1": 0.0482292652130127, "exp+2": 0.17191284894943237, "exp+1": 0.11109100580215454, "exp0": 0.071484375, "obs": 0.048699938701780784}, "250.0": {"exp-2": 0.0324920654296875, "exp-1": 0.044539594650268556, "exp+2": 0.15743737220764162, "exp+1": 0.10219752788543701, "exp0": 0.06601562500000001, "obs": 0.051009130821004035}, "1100.0": {"exp-2": 0.017828369140625, "exp-1": 0.02447781562805176, "exp+2": 0.08428243994712831, "exp+1": 0.05527603626251221, "exp0": 0.035937500000000004, "obs": 0.030997245392064277}, "1300.0": {"exp-2": 0.013073730468750001, "exp-1": 0.01802663803100586, "exp+2": 0.06237367987632752, "exp+1": 0.040856200456619265, "exp0": 0.026562500000000003, "obs": 0.01780292720987466}, "2400.0": {"exp-2": 0.0017303466796875, "exp-1": 0.002385878562927246, "exp+2": 0.008255340158939362, "exp+1": 0.005407438427209855, "exp0": 0.003515625, "obs": 0.0022500489515652955}, "400.0": {"exp-2": 0.032107543945312504, "exp-1": 0.04427130222320557, "exp+2": 0.15456483364105225, "exp+1": 0.10085808038711548, "exp0": 0.065234375, "obs": 0.036189228344676305}, "650.0": {"exp-2": 0.024993896484375, "exp-1": 0.034462690353393555, "exp+2": 0.11993169784545898, "exp+1": 0.0783098578453064, "exp0": 0.05078125, "obs": 0.027022709318680362}, "800.0": {"exp-2": 0.02201385498046875, "exp-1": 0.03035367727279663, "exp+2": 0.10546065568923951, "exp+1": 0.06888377070426942, "exp0": 0.044726562500000004, "obs": 0.03885810003753612}, "1200.0": {"exp-2": 0.015842056274414065, "exp-1": 0.021750667691230775, "exp+2": 0.07498600482940675, "exp+1": 0.0491175651550293, "exp0": 0.03193359375, "obs": 0.02857182675777349}, "2800.0": {"exp-2": 0.008526611328125001, "exp-1": 0.011706781387329102, "exp+2": 0.04019211232662201, "exp+1": 0.026402109861373903, "exp0": 0.0171875, "obs": 0.010852423158754558}, "1000.0": {"exp-2": 0.018985748291015625, "exp-1": 0.02617838978767395, "exp+2": 0.09031725525856019, "exp+1": 0.059254735708236694, "exp0": 0.03857421875, "obs": 0.03487637136155055}, "2000.0": {"exp-2": 0.004093742370605469, "exp-1": 0.005620585381984711, "exp+2": 0.01932867765426636, "exp+1": 0.012692458927631378, "exp0": 0.008251953125000001, "obs": 0.005301132313175229}, "120.0": {"exp-2": 0.03624114990234375, "exp-1": 0.052050673961639406, "exp+2": 0.19565255641937257, "exp+1": 0.12528662681579592, "exp0": 0.079296875, "obs": 0.05619631389593527}, "60.0": {"exp-2": 0.03607177734375, "exp-1": 0.050763511657714845, "exp+2": 0.19024925231933595, "exp+1": 0.12143020629882813, "exp0": 0.07695312500000001, "obs": 0.06743208869497888}, "550.0": {"exp-2": 0.02778167724609375, "exp-1": 0.038306605815887455, "exp+2": 0.1333086967468262, "exp+1": 0.08704441785812378, "exp0": 0.056445312500000004, "obs": 0.03182200805453634}, "700.0": {"exp-2": 0.024080657958984376, "exp-1": 0.033203476667404176, "exp+2": 0.11540635824203492, "exp+1": 0.07544853687286378, "exp0": 0.04892578125, "obs": 0.02670688476612858}, "500.0": {"exp-2": 0.027108764648437502, "exp-1": 0.037378764152526854, "exp+2": 0.13007975816726686, "exp+1": 0.08493607640266419, "exp0": 0.055078125000000006, "obs": 0.03062485443265376}}