{"350.0": {"exp-2": 0.0190765380859375, "exp-1": 0.025830197334289554, "exp0": 0.03671875, "exp+1": 0.05333089232444763, "exp+2": 0.0749751091003418, "obs": 0.038600379228648146}, "80.0": {"exp-2": 0.01380157470703125, "exp-1": 0.0186118483543396, "exp0": 0.0263671875, "exp+1": 0.03798081874847412, "exp+2": 0.053063285350799565, "obs": 0.015689829093420433}, "70.0": {"exp-2": 0.013341522216796875, "exp-1": 0.017991453409194946, "exp0": 0.02548828125, "exp+1": 0.03666399419307709, "exp+2": 0.051221984624862674, "obs": 0.01522812132702072}, "95.0": {"exp-2": 0.014517211914062501, "exp-1": 0.01957690715789795, "exp0": 0.027734375000000002, "exp+1": 0.03989492058753968, "exp+2": 0.05569239854812622, "obs": 0.017492490831290626}, "90.0": {"exp-2": 0.014721679687500001, "exp-1": 0.019852638244628906, "exp0": 0.028125, "exp+1": 0.040512874722480774, "exp+2": 0.05651292800903321, "obs": 0.017578650075328255}, "150.0": {"exp-2": 0.021577835083007812, "exp-1": 0.028981480002403262, "exp0": 0.040917968750000006, "exp+1": 0.058695954084396366, "exp+2": 0.08161145448684692, "obs": 0.028700716529669434}, "75.0": {"exp-2": 0.013239288330078126, "exp-1": 0.017853587865829468, "exp0": 0.025292968750000002, "exp+1": 0.03648386299610138, "exp+2": 0.050973325967788696, "obs": 0.015186027634273392}, "130.0": {"exp-2": 0.018453216552734377, "exp-1": 0.024884730577468872, "exp0": 0.03525390625, "exp+1": 0.05064123868942261, "exp+2": 0.07052587270736695, "obs": 0.024222251889294295}, "120.0": {"exp-2": 0.017456436157226564, "exp-1": 0.023540541529655457, "exp0": 0.033349609375, "exp+1": 0.04797223508358002, "exp+2": 0.0668637752532959, "obs": 0.020627031541632132}, "110.0": {"exp-2": 0.015795135498046876, "exp-1": 0.02130022644996643, "exp0": 0.030175781250000002, "exp+1": 0.043406796455383305, "exp+2": 0.060594898462295536, "obs": 0.019450839071154986}, "400.0": {"exp-2": 0.03424835205078125, "exp-1": 0.0461849570274353, "exp0": 0.0654296875, "exp+1": 0.09411829710006714, "exp+2": 0.1311822295188904, "obs": 0.07441911100362623}, "300.0": {"exp-2": 0.017909622192382815, "exp-1": 0.024250158667564393, "exp0": 0.034472656250000004, "exp+1": 0.050068634748458865, "exp+2": 0.07054929137229919, "obs": 0.030353359588762875}, "190.0": {"exp-2": 0.028890609741210938, "exp-1": 0.038803365826606755, "exp0": 0.05478515625, "exp+1": 0.07858814001083375, "exp+2": 0.10909786224365235, "obs": 0.04425656492682725}, "100.0": {"exp-2": 0.015283966064453126, "exp-1": 0.020610898733139038, "exp0": 0.029199218750000002, "exp+1": 0.04211843609809876, "exp+2": 0.05875449776649475, "obs": 0.018489921732147228}, "170.0": {"exp-2": 0.025440216064453125, "exp-1": 0.034169095754623416, "exp0": 0.048242187500000006, "exp+1": 0.06920238733291627, "exp+2": 0.09614402651786805, "obs": 0.03755553356396142}, "60.0": {"exp-2": 0.012958145141601563, "exp-1": 0.017474457621574402, "exp0": 0.024755859375, "exp+1": 0.03565976917743683, "exp+2": 0.04982053339481354, "obs": 0.01472447210145856}, "250.0": {"exp-2": 0.024127197265625, "exp-1": 0.03253626823425293, "exp0": 0.04609375, "exp+1": 0.0662123680114746, "exp+2": 0.09235555529594422, "obs": 0.04083083087660469}, "85.0": {"exp-2": 0.013954925537109376, "exp-1": 0.018818646669387817, "exp0": 0.02666015625, "exp+1": 0.03834969401359559, "exp+2": 0.05353530049324036, "obs": 0.016518799504668998}}