{"600.0": {"exp-2": 0.0043430328369140625, "exp-1": 0.005904838442802429, "exp0": 0.0084228515625, "exp+1": 0.012250269949436189, "exp+2": 0.017378608882427215, "obs": 0.0063897784281511626}, "80.0": {"exp-2": 0.0026750564575195312, "exp-1": 0.003617405891418457, "exp0": 0.00518798828125, "exp+1": 0.007648853957653046, "exp+2": 0.010998091846704484, "obs": 0.0040481536314495754}, "70.0": {"exp-2": 0.0031093597412109376, "exp-1": 0.004204702377319336, "exp0": 0.006030273437500001, "exp+1": 0.008866631239652634, "exp+2": 0.012704794108867646, "obs": 0.004782416581709348}, "90.0": {"exp-2": 0.0022675037384033204, "exp-1": 0.0030788719654083253, "exp0": 0.0044311523437500005, "exp+1": 0.0065418526530265815, "exp+2": 0.009453017264604568, "obs": 0.003435017027616555}, "150.0": {"exp-2": 0.011220169067382813, "exp-1": 0.015130743384361267, "exp0": 0.021435546875000003, "exp+1": 0.03100516498088837, "exp+2": 0.04362135827541352, "obs": 0.016311411636842188}, "1400.0": {"exp-2": 0.0019197463989257812, "exp-1": 0.0025960206985473633, "exp0": 0.00372314453125, "exp+1": 0.005459496378898621, "exp+2": 0.007800878584384919, "obs": 0.002759987317455522}, "300.0": {"exp-2": 0.007863998413085938, "exp-1": 0.010648086667060852, "exp0": 0.01513671875, "exp+1": 0.02195464223623276, "exp+2": 0.030982357263565064, "obs": 0.011438047528538919}, "900.0": {"exp-2": 0.0024673461914062503, "exp-1": 0.0033365249633789066, "exp0": 0.00478515625, "exp+1": 0.007007258385419846, "exp+2": 0.009983485192060472, "obs": 0.003751143001897469}, "400.0": {"exp-2": 0.006405353546142578, "exp-1": 0.008673038333654404, "exp0": 0.0123291015625, "exp+1": 0.017906983196735383, "exp+2": 0.02528923749923706, "obs": 0.00917201492922034}, "1600.0": {"exp-2": 0.008447456359863282, "exp-1": 0.011438106000423432, "exp0": 0.016259765625000002, "exp+1": 0.023615941405296326, "exp+2": 0.03340219259262085, "obs": 0.013480740376401984}, "190.0": {"exp-2": 0.010044479370117189, "exp-1": 0.013545289635658264, "exp0": 0.019189453125000002, "exp+1": 0.027794575691223147, "exp+2": 0.03913436532020569, "obs": 0.014300232910056374}, "450.0": {"exp-2": 0.0058345794677734375, "exp-1": 0.007900193333625793, "exp0": 0.01123046875, "exp+1": 0.01631131023168564, "exp+2": 0.023070582747459413, "obs": 0.008774595333890602}, "250.0": {"exp-2": 0.008843231201171876, "exp-1": 0.011925369501113892, "exp0": 0.01689453125, "exp+1": 0.02450421452522278, "exp+2": 0.03458031117916107, "obs": 0.01258142833111223}, "170.0": {"exp-2": 0.010478973388671875, "exp-1": 0.014131218194961548, "exp0": 0.02001953125, "exp+1": 0.02899688482284546, "exp+2": 0.04076493382453919, "obs": 0.01433640129055373}, "100.0": {"exp-2": 0.001917695999145508, "exp-1": 0.0026038944721221927, "exp0": 0.0037475585937500003, "exp+1": 0.00555504783987999, "exp+2": 0.008030513674020768, "obs": 0.002859182945186484}, "1100.0": {"exp-2": 0.0016239166259765627, "exp-1": 0.0021959781646728516, "exp0": 0.0031494140625, "exp+1": 0.004624473676085472, "exp+2": 0.006607381999492646, "obs": 0.0023442189510020925}, "1300.0": {"exp-2": 0.0014728546142578126, "exp-1": 0.001991701126098633, "exp0": 0.0028564453125000003, "exp+1": 0.004188597202301025, "exp+2": 0.005993720516562462, "obs": 0.0020833625063799537}, "350.0": {"exp-2": 0.007128334045410157, "exp-1": 0.009651975333690645, "exp0": 0.013720703125, "exp+1": 0.019900821149349213, "exp+2": 0.028084009885787964, "obs": 0.010264137737328781}, "650.0": {"exp-2": 0.004015731811523438, "exp-1": 0.005459836125373841, "exp0": 0.0077880859375000005, "exp+1": 0.011358105391263962, "exp+2": 0.016112117469310763, "obs": 0.006141689326284283}, "800.0": {"exp-2": 0.003021240234375, "exp-1": 0.004085540771484375, "exp0": 0.005859375, "exp+1": 0.00855696052312851, "exp+2": 0.012165316939353944, "obs": 0.004448948700516881}, "60.0": {"exp-2": 0.0034870147705078126, "exp-1": 0.0047153949737548835, "exp0": 0.006762695312500001, "exp+1": 0.00991659313440323, "exp+2": 0.014179863035678864, "obs": 0.005268767507919942}, "1000.0": {"exp-2": 0.002033042907714844, "exp-1": 0.0027492284774780274, "exp0": 0.0039428710937500005, "exp+1": 0.005765979737043381, "exp+2": 0.008227507770061494, "obs": 0.002950116082400282}, "120.0": {"exp-2": 0.0013358592987060547, "exp-1": 0.0018213927745819093, "exp0": 0.002630615234375, "exp+1": 0.003909876197576523, "exp+2": 0.005683032050728798, "obs": 0.0019709934143099963}, "1200.0": {"exp-2": 0.0013689994812011719, "exp-1": 0.0018512606620788574, "exp0": 0.002655029296875, "exp+1": 0.003893247246742249, "exp+2": 0.005571085959672928, "obs": 0.0019615067076704184}, "550.0": {"exp-2": 0.004731082916259766, "exp-1": 0.006371843814849854, "exp0": 0.009106445312500001, "exp+1": 0.013298943638801575, "exp+2": 0.018878820538520816, "obs": 0.006970097587334251}, "700.0": {"exp-2": 0.003669548034667969, "exp-1": 0.004989160597324372, "exp0": 0.0071166992187500005, "exp+1": 0.01037895828485489, "exp+2": 0.014723142981529236, "obs": 0.005510492565703656}, "500.0": {"exp-2": 0.005238437652587891, "exp-1": 0.007055151462554932, "exp0": 0.010083007812500001, "exp+1": 0.014664816856384278, "exp+2": 0.020788338780403138, "obs": 0.00786350265231476}}