{"600.0": {"exp-2": 0.025732421875, "exp-1": 0.034424209594726564, "exp0": 0.0484375, "exp+1": 0.06890333890914917, "exp+2": 0.09470096230506897, "obs": 0.038238382704808775}, "80.0": {"exp-2": 0.0016804695129394533, "exp-1": 0.002266164869070053, "exp0": 0.00321044921875, "exp+1": 0.004618117958307267, "exp+2": 0.006416644901037216, "obs": 0.002299448470227549}, "70.0": {"exp-2": 0.0018402099609375001, "exp-1": 0.0024815797805786133, "exp0": 0.003515625, "exp+1": 0.005043089017271996, "exp+2": 0.006989902257919312, "obs": 0.002448167588138098}, "90.0": {"exp-2": 0.0015462875366210938, "exp-1": 0.0020852163434028625, "exp0": 0.0029541015625000003, "exp+1": 0.0042493708431720735, "exp+2": 0.005918157100677491, "obs": 0.002127391445484442}, "150.0": {"exp-2": 0.0014983654022216798, "exp-1": 0.0020205918699502945, "exp0": 0.0028625488281250003, "exp+1": 0.004129085689783096, "exp+2": 0.005751067399978638, "obs": 0.002089868546550691}, "300.0": {"exp-2": 0.0023769378662109376, "exp-1": 0.0032053738832473755, "exp0": 0.004541015625, "exp+1": 0.006550191342830658, "exp+2": 0.009109051525592804, "obs": 0.003602431699323521}, "400.0": {"exp-2": 0.00432586669921875, "exp-1": 0.0058101296424865724, "exp0": 0.008203125, "exp+1": 0.011718160659074784, "exp+2": 0.016174301505088806, "obs": 0.006404861939484733}, "190.0": {"exp-2": 0.0016037940979003907, "exp-1": 0.0021513581275939943, "exp0": 0.00306396484375, "exp+1": 0.004407405480742455, "exp+2": 0.006143048405647278, "obs": 0.0022481528375547857}, "450.0": {"exp-2": 0.006251525878906251, "exp-1": 0.008363139629364014, "exp0": 0.011767578125, "exp+1": 0.016739621758461, "exp+2": 0.023044182360172274, "obs": 0.008962116603751775}, "100.0": {"exp-2": 0.0014760017395019532, "exp-1": 0.001979935169219971, "exp0": 0.00281982421875, "exp+1": 0.004067457467317581, "exp+2": 0.005669631808996201, "obs": 0.00205007058339056}, "170.0": {"exp-2": 0.001539897918701172, "exp-1": 0.00207659974694252, "exp0": 0.00294189453125, "exp+1": 0.004237674549221993, "exp+2": 0.005902095884084702, "obs": 0.002153994410606413}, "250.0": {"exp-2": 0.0019025802612304688, "exp-1": 0.0025761500000953674, "exp0": 0.003662109375, "exp+1": 0.005275113880634308, "exp+2": 0.007358454167842865, "obs": 0.0028057799620484856}, "85.0": {"exp-2": 0.0016357421875, "exp-1": 0.0022058486938476562, "exp0": 0.0031249999999999997, "exp+1": 0.004488974064588547, "exp+2": 0.006241808831691742, "obs": 0.0022895697669023693}, "350.0": {"exp-2": 0.003111743927001953, "exp-1": 0.004196282476186752, "exp0": 0.00594482421875, "exp+1": 0.00852772369980812, "exp+2": 0.011819730699062348, "obs": 0.004665701895806898}, "650.0": {"exp-2": 0.051049804687500006, "exp-1": 0.06864509582519532, "exp0": 0.09609375, "exp+1": 0.13631229400634767, "exp+2": 0.18655182123184205, "obs": 0.0815257475937504}, "95.0": {"exp-2": 0.0015015602111816406, "exp-1": 0.0020249001681804657, "exp0": 0.00286865234375, "exp+1": 0.004132172465324402, "exp+2": 0.0057551559060812, "obs": 0.002098656707494978}, "700.0": {"exp-2": 0.1041046142578125, "exp-1": 0.1394275188446045, "exp0": 0.19453125000000002, "exp+1": 0.27556159496307375, "exp+2": 0.37646520137786865, "obs": 0.1606877486287681}, "75.0": {"exp-2": 0.0017635345458984375, "exp-1": 0.0023781806230545044, "exp0": 0.003369140625, "exp+1": 0.004832960292696953, "exp+2": 0.006714512407779694, "obs": 0.002372226787890686}, "130.0": {"exp-2": 0.001482391357421875, "exp-1": 0.0019990503787994385, "exp0": 0.0028320312500000003, "exp+1": 0.004085065796971321, "exp+2": 0.005685334652662278, "obs": 0.0020663760124863275}, "120.0": {"exp-2": 0.0014664173126220704, "exp-1": 0.0019775088876485825, "exp0": 0.0028015136718750003, "exp+1": 0.004041045531630517, "exp+2": 0.005637189373373985, "obs": 0.0020669879859806987}, "110.0": {"exp-2": 0.0014696121215820312, "exp-1": 0.0019818171858787537, "exp0": 0.0028076171875, "exp+1": 0.004044253751635552, "exp+2": 0.005637093633413315, "obs": 0.0020522441219165788}, "550.0": {"exp-2": 0.015045166015625, "exp-1": 0.020127058029174805, "exp0": 0.0283203125, "exp+1": 0.040286225080490116, "exp+2": 0.05532475709915161, "obs": 0.02190826648364958}, "60.0": {"exp-2": 0.0019296646118164063, "exp-1": 0.002602212131023407, "exp0": 0.0036865234375000003, "exp+1": 0.005280891805887223, "exp+2": 0.00731908455491066, "obs": 0.002540938936397089}, "500.0": {"exp-2": 0.0092864990234375, "exp-1": 0.012423253059387207, "exp0": 0.017480468750000002, "exp+1": 0.024866326153278353, "exp+2": 0.034176355600357054, "obs": 0.01309318002700722}, "750.0": {"exp-2": 0.20110168457031252, "exp-1": 0.26797120571136473, "exp0": 0.37578125, "exp+1": 0.5315608024597168, "exp+2": 0.7261213779449464, "obs": 0.2667105712519972}}