{"600.0": {"exp-2": 0.005725097656250001, "exp-1": 0.007720470428466797, "exp0": 0.010937500000000001, "exp+1": 0.015755006670951845, "exp+2": 0.021891780197620392, "obs": 0.016074224725974594}, "80.0": {"exp-2": 0.00583648681640625, "exp-1": 0.007807910442352295, "exp0": 0.010986328125, "exp+1": 0.015606380999088287, "exp+2": 0.02141270935535431, "obs": 0.011729189315592034}, "70.0": {"exp-2": 0.005590057373046875, "exp-1": 0.007478243112564087, "exp0": 0.0105224609375, "exp+1": 0.014968416094779969, "exp+2": 0.020556007325649262, "obs": 0.010630590917633633}, "90.0": {"exp-2": 0.005278778076171876, "exp-1": 0.0070618212223052985, "exp0": 0.0099365234375, "exp+1": 0.014154712855815888, "exp+2": 0.019440348446369174, "obs": 0.010176000197847753}, "150.0": {"exp-2": 0.0037094116210937503, "exp-1": 0.004962360858917237, "exp0": 0.006982421875, "exp+1": 0.009988302737474442, "exp+2": 0.01376565843820572, "obs": 0.00897478790183994}, "300.0": {"exp-2": 0.0019616127014160157, "exp-1": 0.002645295113325119, "exp0": 0.0037475585937500003, "exp+1": 0.0053907308727502825, "exp+2": 0.007484287768602372, "obs": 0.006139036992025997}, "400.0": {"exp-2": 0.0019616127014160157, "exp-1": 0.002645295113325119, "exp0": 0.0037475585937500003, "exp+1": 0.005383261665701866, "exp+2": 0.007473550736904144, "obs": 0.006264654136545167}, "190.0": {"exp-2": 0.0029997825622558594, "exp-1": 0.00402904823422432, "exp0": 0.0056884765625, "exp+1": 0.008148661255836487, "exp+2": 0.011275817453861237, "obs": 0.008238833415732411}, "450.0": {"exp-2": 0.002140522003173828, "exp-1": 0.0028865598142147064, "exp0": 0.00408935546875, "exp+1": 0.005874243378639222, "exp+2": 0.008161585032939912, "obs": 0.00678188357404216}, "100.0": {"exp-2": 0.004837799072265625, "exp-1": 0.006471890211105347, "exp0": 0.009106445312500001, "exp+1": 0.012972255051136018, "exp+2": 0.017859461903572082, "obs": 0.009421632830609056}, "170.0": {"exp-2": 0.0033538341522216797, "exp-1": 0.004504579678177834, "exp0": 0.00635986328125, "exp+1": 0.009097737818956375, "exp+2": 0.012558305263519288, "obs": 0.008820615710320528}, "250.0": {"exp-2": 0.0022363662719726562, "exp-1": 0.0030158087611198425, "exp0": 0.0042724609375, "exp+1": 0.0061372693628072746, "exp+2": 0.008513640612363815, "obs": 0.006762424897595332}, "85.0": {"exp-2": 0.0056549072265625, "exp-1": 0.007564997673034668, "exp0": 0.01064453125, "exp+1": 0.015120849013328552, "exp+2": 0.020763379335403443, "obs": 0.011011512300912529}, "350.0": {"exp-2": 0.0018849372863769531, "exp-1": 0.00254189595580101, "exp0": 0.00360107421875, "exp+1": 0.005180018022656441, "exp+2": 0.007191742211580277, "obs": 0.0059097475516995766}, "650.0": {"exp-2": 0.012617111206054688, "exp-1": 0.016946211457252502, "exp0": 0.02392578125, "exp+1": 0.03436870872974396, "exp+2": 0.04760141670703888, "obs": 0.02405579470858007}, "95.0": {"exp-2": 0.0050323486328125, "exp-1": 0.00673215389251709, "exp0": 0.009472656250000001, "exp+1": 0.013512806594371797, "exp+2": 0.018575346469879152, "obs": 0.009591207326553192}, "700.0": {"exp-2": 0.037768554687500004, "exp-1": 0.05052585601806641, "exp0": 0.07109375, "exp+1": 0.10127401351928711, "exp+2": 0.13920384645462036, "obs": 0.04926694162653042}, "75.0": {"exp-2": 0.0058883666992187505, "exp-1": 0.00787731409072876, "exp0": 0.011083984375000001, "exp+1": 0.015767195820808412, "exp+2": 0.02161793112754822, "obs": 0.011932767025110357}, "130.0": {"exp-2": 0.004081249237060547, "exp-1": 0.005481580644845963, "exp0": 0.007739257812500001, "exp+1": 0.011040101945400239, "exp+2": 0.015200652182102203, "obs": 0.009374683463054005}, "120.0": {"exp-2": 0.0043060302734375, "exp-1": 0.005760502815246583, "exp0": 0.00810546875, "exp+1": 0.01156250461935997, "exp+2": 0.015932704508304595, "obs": 0.0092222324888835}, "110.0": {"exp-2": 0.004552459716796875, "exp-1": 0.00609017014503479, "exp0": 0.0085693359375, "exp+1": 0.012224213778972627, "exp+2": 0.016817495226860046, "obs": 0.009465933026491631}, "550.0": {"exp-2": 0.003437614440917969, "exp-1": 0.004635728895664215, "exp0": 0.0065673828125000005, "exp+1": 0.009420770406723024, "exp+2": 0.01308843344449997, "obs": 0.010828877452186997}, "60.0": {"exp-2": 0.0033737182617187503, "exp-1": 0.004549562931060791, "exp0": 0.0064453125000000005, "exp+1": 0.009258508682250977, "exp+2": 0.012883828580379487, "obs": 0.006953915515092646}, "500.0": {"exp-2": 0.0025430679321289066, "exp-1": 0.003429405391216278, "exp0": 0.0048583984375000005, "exp+1": 0.006978952139616013, "exp+2": 0.00969645008444786, "obs": 0.00799830051094289}, "750.0": {"exp-2": 0.12596435546875, "exp-1": 0.16851205825805665, "exp0": 0.237109375, "exp+1": 0.33729295730590825, "exp+2": 0.46282701492309575, "obs": 0.13713609960745035}}