{"600.0": {"exp-2": 0.0024847984313964844, "exp-1": 0.003337366133928299, "exp+2": 0.009282003343105317, "exp+1": 0.006740358471870423, "exp0": 0.0047119140625, "obs": 0.005717634184500615}, "80.0": {"exp-2": 0.0015462875366210938, "exp-1": 0.0020742177963256835, "exp+2": 0.006010719761252403, "exp+1": 0.004278808832168579, "exp0": 0.0029541015625000003, "obs": 0.004246680985822793}, "70.0": {"exp-2": 0.0013548374176025391, "exp-1": 0.001868109777569771, "exp+2": 0.0060087438672781, "exp+1": 0.004179087653756142, "exp0": 0.002752685546875, "obs": 0.004133841640893649}, "90.0": {"exp-2": 0.0015303134918212891, "exp-1": 0.0020636748522520065, "exp+2": 0.005830343440175057, "exp+1": 0.004199645668268204, "exp0": 0.0029235839843750003, "obs": 0.002467933561579413}, "150.0": {"exp-2": 0.0015385150909423828, "exp-1": 0.002066400274634361, "exp+2": 0.005717125535011292, "exp+1": 0.004155990481376648, "exp0": 0.0029174804687500003, "obs": 0.0016319039023898918}, "300.0": {"exp-2": 0.0014709234237670898, "exp-1": 0.0019756169989705087, "exp+2": 0.005537056550383568, "exp+1": 0.004001200944185257, "exp0": 0.002789306640625, "obs": 0.0032749213084318596}, "350.0": {"exp-2": 0.0013857126235961915, "exp-1": 0.001876295916736126, "exp+2": 0.005378734692931176, "exp+1": 0.0038526728749275208, "exp0": 0.002667236328125, "obs": 0.00534852928682205}, "550.0": {"exp-2": 0.002227306365966797, "exp-1": 0.0029915250837802888, "exp+2": 0.008315599709749223, "exp+1": 0.006025040149688721, "exp0": 0.0042236328125, "obs": 0.005071464546224131}, "450.0": {"exp-2": 0.0015015602111816406, "exp-1": 0.0020249001681804657, "exp+2": 0.005780436843633652, "exp+1": 0.004143606871366501, "exp0": 0.00286865234375, "obs": 0.005836703767735426}, "100.0": {"exp-2": 0.001488780975341797, "exp-1": 0.002007666975259781, "exp+2": 0.005668410658836365, "exp+1": 0.004079999029636384, "exp0": 0.00284423828125, "obs": 0.0023944919963891165}, "170.0": {"exp-2": 0.0014504432678222657, "exp-1": 0.0019559673964977264, "exp+2": 0.00549636147916317, "exp+1": 0.003974934667348862, "exp0": 0.0027709960937500003, "obs": 0.003228877791154148}, "250.0": {"exp-2": 0.0014121055603027344, "exp-1": 0.001904267817735672, "exp+2": 0.005351781472563744, "exp+1": 0.0038644935935735706, "exp0": 0.00269775390625, "obs": 0.003158685717217467}, "85.0": {"exp-2": 0.0014696121215820312, "exp-1": 0.0019818171858787537, "exp+2": 0.005599077045917511, "exp+1": 0.004033062607049942, "exp0": 0.0028076171875, "obs": 0.0023253556073850557}, "400.0": {"exp-2": 0.0014015674591064454, "exp-1": 0.0018977638334035875, "exp+2": 0.0054284043610095985, "exp+1": 0.003891377151012421, "exp0": 0.00269775390625, "obs": 0.0054825199776235125}, "850.0": {"exp-2": 0.016290283203125002, "exp-1": 0.021792745590209963, "exp+2": 0.05971673130989075, "exp+1": 0.0435591459274292, "exp0": 0.030664062500000002, "obs": 0.04428866841441023}, "650.0": {"exp-2": 0.002948284149169922, "exp-1": 0.003959880024194717, "exp+2": 0.010989727079868318, "exp+1": 0.007975342124700547, "exp0": 0.0055908203125000005, "obs": 0.006890279160621119}, "800.0": {"exp-2": 0.008728981018066406, "exp-1": 0.011724011600017549, "exp+2": 0.03253317773342133, "exp+1": 0.023645573854446413, "exp0": 0.016552734375, "obs": 0.02456245934063512}, "95.0": {"exp-2": 0.0015207290649414064, "exp-1": 0.002050749957561493, "exp+2": 0.005793827399611474, "exp+1": 0.004173342883586883, "exp0": 0.0029052734375, "obs": 0.0024306621004536576}, "700.0": {"exp-2": 0.0038366317749023438, "exp-1": 0.005153031647205353, "exp+2": 0.014310698211193086, "exp+1": 0.010392892360687257, "exp0": 0.007275390625, "obs": 0.009118002073606862}, "75.0": {"exp-2": 0.0014319419860839844, "exp-1": 0.0019523978233337404, "exp+2": 0.00595666766166687, "exp+1": 0.004179856926202774, "exp0": 0.00281982421875, "obs": 0.00416050736407933}, "130.0": {"exp-2": 0.0015239715576171875, "exp-1": 0.002038732171058655, "exp+2": 0.005633607506752014, "exp+1": 0.004097868874669075, "exp0": 0.00286865234375, "obs": 0.0016675618482344425}, "120.0": {"exp-2": 0.0015369415283203126, "exp-1": 0.002056083083152771, "exp+2": 0.005677701532840729, "exp+1": 0.004126978293061257, "exp0": 0.0028930664062500003, "obs": 0.0016835599619135508}, "110.0": {"exp-2": 0.001548171043395996, "exp-1": 0.002079369314014912, "exp+2": 0.005757641419768334, "exp+1": 0.004182074218988419, "exp0": 0.002935791015625, "obs": 0.0017104921568589272}, "190.0": {"exp-2": 0.0014376640319824219, "exp-1": 0.0019387342035770416, "exp+2": 0.005440018326044083, "exp+1": 0.003934439271688461, "exp0": 0.00274658203125, "obs": 0.003200927649231524}, "60.0": {"exp-2": 0.0012738943099975587, "exp-1": 0.001789490319788456, "exp+2": 0.00612519308924675, "exp+1": 0.004237020760774613, "exp0": 0.0027404785156250003, "obs": 0.0042369898425728214}, "500.0": {"exp-2": 0.0016868591308593752, "exp-1": 0.0022627830505371096, "exp+2": 0.006479579210281372, "exp+1": 0.004648523032665253, "exp0": 0.0032226562500000003, "obs": 0.0065795012200580635}, "750.0": {"exp-2": 0.00541839599609375, "exp-1": 0.007306873798370361, "exp+2": 0.020532663166522983, "exp+1": 0.014849095046520234, "exp0": 0.010351562500000001, "obs": 0.015188534793750956}}