{"350.0": {"exp-2": 1007003784179.6876, "exp-1": 1350812911987.3047, "exp+2": 3903010189533.234, "exp+1": 2782695889472.9614, "exp0": 1923828125000.0002, "obs": 2103237444593.3489}, "80.0": {"exp-2": 251140594482.42188, "exp-1": 341453701257.7057, "exp+2": 999654904007.9117, "exp+1": 708385184407.2341, "exp0": 487060546875.00006, "obs": 302631088483.33417}, "70.0": {"exp-2": 246105194091.7969, "exp-1": 334607511758.8043, "exp+2": 978278592228.8895, "exp+1": 693230703473.0911, "exp0": 477294921875.0, "obs": 299178398485.8549}, "95.0": {"exp-2": 268898010253.90628, "exp-1": 362153053283.6914, "exp+2": 1060686185956.0013, "exp+1": 752770230174.0647, "exp0": 517578125000.00006, "obs": 241299526834.035}, "90.0": {"exp-2": 269532203674.3164, "exp-1": 363007187843.32275, "exp+2": 1063187792897.2244, "exp+1": 754545629024.5056, "exp0": 518798828125.0, "obs": 242154052428.68805}, "450.0": {"exp-2": 3573989868164.0625, "exp-1": 4800273776054.383, "exp+2": 13547540903091.432, "exp+1": 9735462665557.861, "exp0": 6777343750000.001, "obs": 7645443976086.08}, "150.0": {"exp-2": 318999290466.3086, "exp-1": 431934483349.3233, "exp+2": 1250290423631.6682, "exp+1": 889355689287.1857, "exp0": 614013671875.0, "obs": 338876393659.36755}, "75.0": {"exp-2": 249238014221.19144, "exp-1": 335674881935.1196, "exp+2": 981050133705.1393, "exp+1": 696776658296.5851, "exp0": 479736328125.00006, "obs": 302482558970.9426}, "130.0": {"exp-2": 306062698364.2578, "exp-1": 410557985305.78613, "exp+2": 1188815832138.0615, "exp+1": 846921280026.4358, "exp0": 584716796875.0001, "obs": 325095182817.8488}, "120.0": {"exp-2": 304145812988.28125, "exp-1": 407986640930.1758, "exp+2": 1180637329816.8184, "exp+1": 840458869934.082, "exp0": 581054687500.0, "obs": 323568822992.32214}, "110.0": {"exp-2": 295839309692.3829, "exp-1": 396844148635.8643, "exp+2": 1149984821677.208, "exp+1": 818631574511.528, "exp0": 565185546875.0, "obs": 307791510592.56793}, "400.0": {"exp-2": 1533508300781.25, "exp-1": 2057075500488.2812, "exp+2": 5930829048156.738, "exp+1": 4231768846511.841, "exp0": 2929687500000.0, "obs": 3202641185026.842}, "300.0": {"exp-2": 650463104248.0469, "exp-1": 872542858123.7793, "exp+2": 2526543736457.8247, "exp+1": 1799928694963.455, "exp0": 1242675781250.0002, "obs": 1315373130438.9724}, "190.0": {"exp-2": 380516052246.09375, "exp-1": 515230000019.0735, "exp+2": 1491183489561.081, "exp+1": 1062321439385.4143, "exp0": 732421875000.0, "obs": 837013930584.5958}, "100.0": {"exp-2": 268263816833.49612, "exp-1": 361298918724.06006, "exp+2": 1059784516692.1617, "exp+1": 750994831323.6237, "exp0": 516357421875.00006, "obs": 238321742232.49493}, "170.0": {"exp-2": 385932922363.28125, "exp-1": 517697334289.55084, "exp+2": 1499979496002.1973, "exp+1": 1069403588771.8202, "exp0": 737304687500.0001, "obs": 830120508238.928}, "60.0": {"exp-2": 256175994873.0469, "exp-1": 348299890756.60706, "exp+2": 1017539799213.4094, "exp+1": 721598193049.4309, "exp0": 496826171875.00006, "obs": 309938747161.6704}, "250.0": {"exp-2": 436325073242.1875, "exp-1": 590797066688.5376, "exp+2": 1714856177568.4355, "exp+1": 1219802349805.832, "exp0": 839843750000.0, "obs": 968111440324.9159}, "85.0": {"exp-2": 261287689208.9844, "exp-1": 351903438568.1153, "exp+2": 1031445935368.538, "exp+1": 731465369462.9669, "exp0": 502929687500.00006, "obs": 236102920975.74097}}