{"600.0": {"exp-2": 0.009053039550781251, "exp-1": 0.012110936641693116, "exp0": 0.017041015625, "exp+1": 0.024207231402397156, "exp+2": 0.03315956294536591, "obs": 0.011791749069542877}, "80.0": {"exp-2": 0.0017316341400146484, "exp-1": 0.002325781062245369, "exp0": 0.0032836914062500003, "exp+1": 0.004671118408441544, "exp+2": 0.006425189226865769, "obs": 0.00187285966009639}, "70.0": {"exp-2": 0.0017995834350585938, "exp-1": 0.0024074390530586243, "exp0": 0.003387451171875, "exp+1": 0.0048254702240228655, "exp+2": 0.006638085097074509, "obs": 0.0019297984450754617}, "90.0": {"exp-2": 0.0016536712646484375, "exp-1": 0.002212241291999817, "exp0": 0.00311279296875, "exp+1": 0.004440419748425484, "exp+2": 0.006108919531106949, "obs": 0.0018287723715886498}, "150.0": {"exp-2": 0.0015385150909423828, "exp-1": 0.002066400274634361, "exp0": 0.0029174804687500003, "exp+1": 0.004155990481376648, "exp+2": 0.005717125535011292, "obs": 0.0016319039023898918}, "300.0": {"exp-2": 0.0019118785858154297, "exp-1": 0.0025678697973489763, "exp0": 0.0036254882812500003, "exp+1": 0.005171782895922661, "exp+2": 0.0071265257894992835, "obs": 0.0021821632274650338}, "400.0": {"exp-2": 0.0026328563690185547, "exp-1": 0.003536224737763405, "exp0": 0.004992675781250001, "exp+1": 0.007132035493850709, "exp+2": 0.009836319833993912, "obs": 0.0032598677623331043}, "190.0": {"exp-2": 0.0015707015991210938, "exp-1": 0.0021096304059028625, "exp0": 0.0029785156250000003, "exp+1": 0.004242935776710511, "exp+2": 0.005836730822920799, "obs": 0.0017124103759482154}, "450.0": {"exp-2": 0.0033216476440429688, "exp-1": 0.004461349546909333, "exp0": 0.006298828125, "exp+1": 0.00898531973361969, "exp+2": 0.012361578643321991, "obs": 0.004154113112097931}, "100.0": {"exp-2": 0.0015835762023925781, "exp-1": 0.002126922458410263, "exp0": 0.0030029296875, "exp+1": 0.0042777139693498615, "exp+2": 0.00588931292295456, "obs": 0.0017718348428822544}, "170.0": {"exp-2": 0.0015513896942138672, "exp-1": 0.002083692327141762, "exp0": 0.00294189453125, "exp+1": 0.004190768674015999, "exp+2": 0.005764967948198319, "obs": 0.001696236237586369}, "250.0": {"exp-2": 0.0016994476318359375, "exp-1": 0.0022825509309768676, "exp0": 0.0032226562500000003, "exp+1": 0.004603563249111176, "exp+2": 0.006338967382907868, "obs": 0.0019479013665112026}, "85.0": {"exp-2": 0.0017023086547851562, "exp-1": 0.0022773072123527527, "exp0": 0.003204345703125, "exp+1": 0.004564633965492249, "exp+2": 0.006279269605875016, "obs": 0.0018600469211328295}, "350.0": {"exp-2": 0.002198338508605957, "exp-1": 0.002952617965638638, "exp0": 0.004168701171875, "exp+1": 0.005954987928271294, "exp+2": 0.008212966471910476, "obs": 0.002829159550763897}, "850.0": {"exp-2": 0.1944122314453125, "exp-1": 0.2590574026107788, "exp0": 0.36328125, "exp+1": 0.5138789176940918, "exp+2": 0.6996598243713379, "obs": 0.29542776291952405}, "650.0": {"exp-2": 0.014007568359375, "exp-1": 0.018738985061645508, "exp0": 0.0263671875, "exp+1": 0.037402763962745667, "exp+2": 0.05118799805641175, "obs": 0.02039164387935625}, "800.0": {"exp-2": 0.09462890625, "exp-1": 0.12724456787109376, "exp0": 0.178125, "exp+1": 0.2519664525985718, "exp+2": 0.3439076900482178, "obs": 0.23893391604408382}, "95.0": {"exp-2": 0.0016504287719726564, "exp-1": 0.0022079035639762878, "exp0": 0.0031066894531250003, "exp+1": 0.004431712999939919, "exp+2": 0.0060920435935258865, "obs": 0.0018228331043646509}, "700.0": {"exp-2": 0.023034667968750002, "exp-1": 0.030815219879150393, "exp0": 0.043359375000000006, "exp+1": 0.0615067720413208, "exp+2": 0.08431321382522583, "obs": 0.03850996014462142}, "75.0": {"exp-2": 0.001773643493652344, "exp-1": 0.002372737228870392, "exp0": 0.003338623046875, "exp+1": 0.004755913838744164, "exp+2": 0.006542401015758515, "obs": 0.0019421667734888842}, "130.0": {"exp-2": 0.0015239715576171875, "exp-1": 0.002038732171058655, "exp0": 0.00286865234375, "exp+1": 0.004097868874669075, "exp+2": 0.005633607506752014, "obs": 0.0016675618482344425}, "120.0": {"exp-2": 0.0015369415283203126, "exp-1": 0.002056083083152771, "exp0": 0.0028930664062500003, "exp+1": 0.004126978293061257, "exp+2": 0.005677701532840729, "obs": 0.0016835599619135508}, "110.0": {"exp-2": 0.001548171043395996, "exp-1": 0.002079369314014912, "exp0": 0.002935791015625, "exp+1": 0.004182074218988419, "exp+2": 0.005757641419768334, "obs": 0.0017104921568589272}, "550.0": {"exp-2": 0.006108856201171875, "exp-1": 0.008172279596328736, "exp0": 0.0114990234375, "exp+1": 0.01633467972278595, "exp+2": 0.02239377498626709, "obs": 0.007854817942664042}, "60.0": {"exp-2": 0.0017445087432861328, "exp-1": 0.0023430731147527696, "exp0": 0.00330810546875, "exp+1": 0.004719034209847451, "exp+2": 0.006492224335670472, "obs": 0.00208073357316708}, "500.0": {"exp-2": 0.0043968200683593755, "exp-1": 0.005881959199905396, "exp0": 0.0082763671875, "exp+1": 0.011789797246456147, "exp+2": 0.01620539277791977, "obs": 0.005490525264514035}, "750.0": {"exp-2": 0.044305419921875006, "exp-1": 0.05927071571350098, "exp0": 0.0833984375, "exp+1": 0.11813734769821167, "exp+2": 0.16166081428527834, "obs": 0.09109055208807938}}