{"350.0": {"exp-2": 0.128662109375, "exp-1": 0.1721210479736328, "exp0": 0.2421875, "exp+1": 0.3469301223754883, "exp+2": 0.48082990646362306, "obs": 0.1394343077728927}, "80.0": {"exp-2": 0.0039276123046875005, "exp-1": 0.005340027809143067, "exp0": 0.007617187500000001, "exp+1": 0.011093686521053315, "exp+2": 0.01566673219203949, "obs": 0.00411176140598249}, "70.0": {"exp-2": 0.004223728179931641, "exp-1": 0.0056885361671447756, "exp0": 0.008129882812500001, "exp+1": 0.011824173480272294, "exp+2": 0.016685968637466433, "obs": 0.004332898112898353}, "95.0": {"exp-2": 0.0037513732910156253, "exp-1": 0.005100411176681519, "exp0": 0.007275390625, "exp+1": 0.010566892474889756, "exp+2": 0.014911869168281557, "obs": 0.003997013798868863}, "90.0": {"exp-2": 0.003970050811767579, "exp-1": 0.0053468823432922365, "exp0": 0.0076416015625, "exp+1": 0.011083553731441499, "exp+2": 0.015629225969314577, "obs": 0.004174209014327239}, "150.0": {"exp-2": 0.004134941101074219, "exp-1": 0.005568957328796387, "exp0": 0.007958984375, "exp+1": 0.011543893069028855, "exp+2": 0.016266000270843507, "obs": 0.004400907574674775}, "75.0": {"exp-2": 0.004008102416992188, "exp-1": 0.0053981304168701175, "exp0": 0.00771484375, "exp+1": 0.011251288652420045, "exp+2": 0.015900981426239014, "obs": 0.0041470467651585205}, "130.0": {"exp-2": 0.003868579864501953, "exp-1": 0.005210220813751221, "exp0": 0.0074462890625, "exp+1": 0.010815108567476273, "exp+2": 0.015250596404075624, "obs": 0.004101654438448172}, "120.0": {"exp-2": 0.0037988185882568363, "exp-1": 0.005116266012191773, "exp0": 0.007312011718750001, "exp+1": 0.010620082169771195, "exp+2": 0.01497558653354645, "obs": 0.004137845645418435}, "110.0": {"exp-2": 0.0037163734436035157, "exp-1": 0.005032079666852951, "exp0": 0.0071533203125, "exp+1": 0.01040385290980339, "exp+2": 0.014681649208068848, "obs": 0.00404920577518419}, "400.0": {"exp-2": 0.26202392578125, "exp-1": 0.35192785263061527, "exp0": 0.496875, "exp+1": 0.7117662906646729, "exp+2": 0.9856964111328126, "obs": 0.35400865145634125}, "300.0": {"exp-2": 0.040689086914062506, "exp-1": 0.05487048625946045, "exp0": 0.07773437500000001, "exp+1": 0.1118181586265564, "exp+2": 0.15621724128723147, "obs": 0.03774182764323885}, "190.0": {"exp-2": 0.0059417724609375005, "exp-1": 0.008078503608703614, "exp0": 0.0115234375, "exp+1": 0.01678275614976883, "exp+2": 0.0237544447183609, "obs": 0.005779685122948762}, "100.0": {"exp-2": 0.0037671089172363285, "exp-1": 0.005100777000188828, "exp0": 0.007250976562500001, "exp+1": 0.01054588481783867, "exp+2": 0.014882080256938934, "obs": 0.00404108151897035}, "170.0": {"exp-2": 0.004895973205566406, "exp-1": 0.006593918800354004, "exp0": 0.009423828125, "exp+1": 0.01370609998703003, "exp+2": 0.019341693818569185, "obs": 0.005033747238586414}, "60.0": {"exp-2": 0.004642295837402344, "exp-1": 0.006252264976501465, "exp0": 0.008935546875, "exp+1": 0.01299593895673752, "exp+2": 0.018353377282619477, "obs": 0.004605021683959205}, "250.0": {"exp-2": 0.015411758422851564, "exp-1": 0.020783230662345886, "exp0": 0.029443359375000002, "exp+1": 0.042529276013374334, "exp+2": 0.059604829549789434, "obs": 0.01301325061250086}, "85.0": {"exp-2": 0.0038939476013183597, "exp-1": 0.005244386196136475, "exp0": 0.007495117187500001, "exp+1": 0.010900965332984925, "exp+2": 0.01538316160440445, "obs": 0.004056942500263597}}