{"600.0": {"exp-2": 0.0026264190673828125, "exp-1": 0.003527578711509705, "exp0": 0.0049804687500000005, "exp+1": 0.00712452381849289, "exp+2": 0.009842358529567719, "obs": 0.002823024478960606}, "80.0": {"exp-2": 0.0015315771102905275, "exp-1": 0.002073800750076771, "exp0": 0.0029479980468750003, "exp+1": 0.004287594556808472, "exp+2": 0.006041408330202103, "obs": 0.0015481826223577304}, "70.0": {"exp-2": 0.0017630577087402344, "exp-1": 0.0023872323334217073, "exp0": 0.0033935546875, "exp+1": 0.004915325716137887, "exp+2": 0.006899598985910416, "obs": 0.0017307921084274353}, "90.0": {"exp-2": 0.0015791416168212892, "exp-1": 0.002126795053482056, "exp0": 0.0030395507812500003, "exp+1": 0.004414691776037216, "exp+2": 0.006220528483390809, "obs": 0.0016357750637352659}, "150.0": {"exp-2": 0.007366943359375, "exp-1": 0.009855318069458009, "exp0": 0.013867187500000001, "exp+1": 0.019726358354091644, "exp+2": 0.027046221494674685, "obs": 0.008338736519776565}, "300.0": {"exp-2": 0.005719757080078125, "exp-1": 0.007651752233505249, "exp0": 0.0107666015625, "exp+1": 0.01533717066049576, "exp+2": 0.02108135223388672, "obs": 0.006359169396098159}, "900.0": {"exp-2": 0.0016996383666992188, "exp-1": 0.0022920146584510803, "exp0": 0.0032470703125, "exp+1": 0.004657853022217751, "exp+2": 0.0064712330698966985, "obs": 0.0019134661254799554}, "400.0": {"exp-2": 0.0046173095703125, "exp-1": 0.0061769247055053714, "exp0": 0.00869140625, "exp+1": 0.01239834800362587, "exp+2": 0.017043359577655792, "obs": 0.005047771688876984}, "190.0": {"exp-2": 0.006887054443359375, "exp-1": 0.009213334321975708, "exp0": 0.0129638671875, "exp+1": 0.018441367149353027, "exp+2": 0.025304895639419556, "obs": 0.007594252446087584}, "450.0": {"exp-2": 0.004111480712890625, "exp-1": 0.0055002391338348396, "exp0": 0.007739257812500001, "exp+1": 0.011040101945400239, "exp+2": 0.015200652182102203, "obs": 0.004440884340841586}, "250.0": {"exp-2": 0.006316375732421876, "exp-1": 0.008449894189834595, "exp0": 0.0118896484375, "exp+1": 0.01693696528673172, "exp+2": 0.023242779076099396, "obs": 0.00718553424860447}, "170.0": {"exp-2": 0.0071205139160156255, "exp-1": 0.009525650739669801, "exp0": 0.013403320312500001, "exp+1": 0.019066499173641206, "exp+2": 0.026162689924240114, "obs": 0.007875451298348815}, "100.0": {"exp-2": 0.0018835544586181642, "exp-1": 0.002550388500094414, "exp0": 0.0036254882812500003, "exp+1": 0.005244039744138718, "exp+2": 0.007366582006216049, "obs": 0.002025460623106455}, "1100.0": {"exp-2": 0.003245925903320313, "exp-1": 0.004377231001853943, "exp0": 0.0062011718750000005, "exp+1": 0.008870730549097062, "exp+2": 0.012264453619718552, "obs": 0.003795736853748364}, "350.0": {"exp-2": 0.00518798828125, "exp-1": 0.006940364837646484, "exp0": 0.009765625, "exp+1": 0.013911265134811402, "exp+2": 0.019136822223663332, "obs": 0.005699500154036132}, "650.0": {"exp-2": 0.0023174285888671875, "exp-1": 0.0031125694513320923, "exp0": 0.00439453125, "exp+1": 0.006295102834701538, "exp+2": 0.008704029023647308, "obs": 0.0024645653728000254}, "800.0": {"exp-2": 0.0016485214233398439, "exp-1": 0.002223081886768341, "exp0": 0.0031494140625, "exp+1": 0.004524044319987298, "exp+2": 0.0062757693231105804, "obs": 0.0018397321466519024}, "60.0": {"exp-2": 0.0021724700927734375, "exp-1": 0.0029296427965164185, "exp0": 0.004150390625, "exp+1": 0.005986734107136727, "exp+2": 0.00837082713842392, "obs": 0.0021286641719897212}, "1000.0": {"exp-2": 0.002095794677734375, "exp-1": 0.0028262436389923096, "exp0": 0.0040039062500000005, "exp+1": 0.00575149804353714, "exp+2": 0.007965951412916185, "obs": 0.002466310284699201}, "120.0": {"exp-2": 0.004338550567626953, "exp-1": 0.0058506689965724945, "exp0": 0.00828857421875, "exp+1": 0.011889782547950745, "exp+2": 0.016518673300743105, "obs": 0.004888229121712381}, "1200.0": {"exp-2": 0.00809326171875, "exp-1": 0.010826969146728517, "exp0": 0.015234375000000001, "exp+1": 0.02173193693161011, "exp+2": 0.02987375557422638, "obs": 0.010022940265065408}, "550.0": {"exp-2": 0.0030770301818847656, "exp-1": 0.004132800549268722, "exp0": 0.0058349609375000005, "exp+1": 0.008323609828948975, "exp+2": 0.011488024890422822, "obs": 0.0033597244960546003}, "700.0": {"exp-2": 0.0019743919372558595, "exp-1": 0.0026765719056129457, "exp0": 0.0037719726562500003, "exp+1": 0.005410814285278321, "exp+2": 0.00749366581439972, "obs": 0.002145077895159708}, "500.0": {"exp-2": 0.0035791397094726562, "exp-1": 0.004807190597057343, "exp0": 0.006787109375, "exp+1": 0.009681855887174608, "exp+2": 0.01333054006099701, "obs": 0.003921247447902111}}