{"600.0": {"exp-2": 46.42030112763756, "exp-1": 62.269023340991424, "exp+2": 180.19495265824455, "exp+1": 128.27516329885256, "exp0": 88.68356036324786, "obs": 49.38474099394416}, "320.0": {"exp-2": 512.6203227246929, "exp-1": 694.1030932287886, "exp+2": 2016.5421223320222, "exp+1": 1431.128990373623, "exp0": 986.6977640415141, "obs": 465.5929771056065}, "2500.0": {"exp-2": 261.9984385731456, "exp-1": 373.34777496673246, "exp+2": 1292.7856273557968, "exp+1": 859.6990243855851, "exp0": 558.9300022893773, "obs": 392.0397903287509}, "1600.0": {"exp-2": 57.7706557053786, "exp-1": 80.58805878345783, "exp+2": 240.46987677231812, "exp+1": 171.17954544968657, "exp0": 117.37530048076923, "obs": 81.2654922233053}, "1400.0": {"exp-2": 44.52517908862513, "exp-1": 60.2884106656425, "exp+2": 170.3748895680948, "exp+1": 123.10935918955867, "exp0": 85.70260035103784, "obs": 64.92305939733124}, "2000.0": {"exp-2": 116.13517453818967, "exp-1": 164.96608872990032, "exp+2": 526.0897261319143, "exp+1": 364.1436924937299, "exp0": 243.69348099816852, "obs": 212.8247551257965}, "1800.0": {"exp-2": 81.40000377091442, "exp-1": 114.57132587211618, "exp+2": 353.05883876424423, "exp+1": 248.43492496290196, "exp0": 168.05162068833945, "obs": 118.16479276495998}, "450.0": {"exp-2": 104.73096472585303, "exp-1": 141.05213576329643, "exp+2": 414.367542307601, "exp+1": 293.1905353171194, "exp0": 201.58742082570208, "obs": 114.25446334448631}, "3000.0": {"exp-2": 553.131103515625, "exp-1": 794.4242057637272, "exp+2": 2986.150128500802, "exp+1": 1912.189053965139, "exp0": 1210.269764957265, "obs": 857.6970985338105}, "400.0": {"exp-2": 174.4560269645719, "exp-1": 237.1924627977122, "exp+2": 697.4528524319622, "exp+1": 492.7575206145262, "exp0": 338.3389613858364, "obs": 154.95149235877847}, "800.0": {"exp-2": 25.06961170424763, "exp-1": 33.94499644000306, "exp+2": 97.45980302492778, "exp+1": 69.70060791397269, "exp0": 48.254290197649574, "obs": 41.0328456976946}, "1200.0": {"exp-2": 31.969631693447614, "exp-1": 42.768197545784005, "exp+2": 117.19390295072935, "exp+1": 85.48468906291384, "exp0": 60.17813024648963, "obs": 41.55574977476279}, "1000.0": {"exp-2": 23.457593533582305, "exp-1": 31.380999437618602, "exp+2": 86.65600630098793, "exp+1": 62.988069185916615, "exp0": 44.15547018086081, "obs": 25.695359614065183}, "900.0": {"exp-2": 22.381216615110965, "exp-1": 30.18175957949607, "exp+2": 86.0376888488093, "exp+1": 61.67651910302986, "exp0": 42.758145175137365, "obs": 31.547435683466098}, "280.0": {"exp-2": 848.828363476801, "exp-1": 1138.633569663843, "exp+2": 3302.568553859352, "exp+1": 2345.603064011887, "exp0": 1621.6422466422468, "obs": 876.3180755099537}, "550.0": {"exp-2": 57.979526682796646, "exp-1": 78.08708809816504, "exp+2": 228.5651180333707, "exp+1": 162.08916620529905, "exp0": 111.59969045711235, "obs": 63.15393231713118}, "700.0": {"exp-2": 31.554800832373466, "exp-1": 42.72613451521621, "exp+2": 123.48743749188853, "exp+1": 87.97336719993852, "exp0": 60.737060248779, "obs": 39.559588559781616}, "360.0": {"exp-2": 288.83290087055957, "exp-1": 391.0882987527766, "exp+2": 1142.765958230574, "exp+1": 808.5772158607604, "exp0": 555.9490422771673, "obs": 299.42664092076865}, "500.0": {"exp-2": 72.98257615831163, "exp-1": 98.29326281471859, "exp+2": 288.5375613112444, "exp+1": 204.31206812934272, "exp0": 140.47774057539684, "obs": 71.46914858265443}}