{"600.0": {"exp-2": 3.041458129882813, "exp-1": 4.079866409301758, "exp+2": 11.806373298168182, "exp+1": 8.40458869934082, "exp0": 5.810546875, "obs": 3.2356882299232215}, "320.0": {"exp-2": 33.586883544921875, "exp-1": 45.47763466835023, "exp+2": 132.1238398551941, "exp+1": 93.76757144927979, "exp0": 64.6484375, "obs": 30.50565185995934}, "2500.0": {"exp-2": 17.1661376953125, "exp-1": 24.461746215820312, "exp+2": 84.7033143043518, "exp+1": 56.32748007774353, "exp0": 36.62109375, "obs": 25.68644706233976}, "1600.0": {"exp-2": 3.7851333618164062, "exp-1": 5.280129611492157, "exp+2": 15.755586326122284, "exp+1": 11.215683817863464, "exp0": 7.6904296875, "obs": 5.324515050470963}, "1400.0": {"exp-2": 2.9172897338867188, "exp-1": 3.9500966668128967, "exp+2": 11.162962764501572, "exp+1": 8.066125214099884, "exp0": 5.615234375, "obs": 4.253758851713143}, "2000.0": {"exp-2": 7.6091766357421875, "exp-1": 10.808578133583069, "exp+2": 34.469398856163025, "exp+1": 23.858694732189182, "exp0": 15.966796875000002, "obs": 13.944277955842187}, "1800.0": {"exp-2": 5.333328247070313, "exp-1": 7.506713271141052, "exp+2": 23.132415115833282, "exp+1": 16.277456283569336, "exp0": 11.0107421875, "obs": 7.742157221960178}, "450.0": {"exp-2": 6.861972808837891, "exp-1": 9.241735935211182, "exp+2": 27.14936137199402, "exp+1": 19.20984387397766, "exp0": 13.2080078125, "obs": 7.4859524383307425}, "3000.0": {"exp-2": 36.24114990234375, "exp-1": 52.050673961639404, "exp+2": 195.65255641937256, "exp+1": 125.28662681579591, "exp0": 79.296875, "obs": 56.19631389593527}, "400.0": {"exp-2": 11.43035888671875, "exp-1": 15.540850162506104, "exp+2": 45.69711089134216, "exp+1": 32.28547275066376, "exp0": 22.167968750000004, "obs": 10.152421779347165}, "800.0": {"exp-2": 1.642560958862305, "exp-1": 2.2240761667490005, "exp+2": 6.385566294193269, "exp+1": 4.566783830523491, "exp0": 3.1616210937500004, "obs": 2.68847205011295}, "1200.0": {"exp-2": 2.0946502685546875, "exp-1": 2.802172303199768, "exp+2": 7.678544521331787, "exp+1": 5.600956827402116, "exp0": 3.9428710937500004, "obs": 2.722732725242458}, "1000.0": {"exp-2": 1.5369415283203127, "exp-1": 2.056083083152771, "exp+2": 5.67770153284073, "exp+1": 4.126978293061256, "exp0": 2.8930664062500004, "obs": 1.6835599619135508}, "900.0": {"exp-2": 1.4664173126220703, "exp-1": 1.9775088876485825, "exp+2": 5.637189373373985, "exp+1": 4.041045531630517, "exp0": 2.8015136718750004, "obs": 2.0669879859806986}, "280.0": {"exp-2": 55.615234375, "exp-1": 74.603271484375, "exp+2": 216.38429164886475, "exp+1": 153.68391275405884, "exp0": 106.25000000000001, "obs": 57.41636030741216}, "550.0": {"exp-2": 3.7988185882568364, "exp-1": 5.116266012191773, "exp+2": 14.97558653354645, "exp+1": 10.620082169771194, "exp0": 7.312011718750001, "obs": 4.137845645418435}, "700.0": {"exp-2": 2.0674705505371094, "exp-1": 2.7994163334369664, "exp+2": 8.090896904468536, "exp+1": 5.764015018939972, "exp0": 3.9794921875, "obs": 2.5919442424368913}, "360.0": {"exp-2": 18.924331665039066, "exp-1": 25.62410533428192, "exp+2": 74.87402558326721, "exp+1": 52.97797918319702, "exp0": 36.42578125000001, "obs": 19.618433513128764}, "500.0": {"exp-2": 4.781818389892578, "exp-1": 6.440174579620362, "exp+2": 18.904981017112732, "exp+1": 13.386526703834535, "exp0": 9.2041015625, "obs": 4.6826586151355185}}