{"600.0": {"exp-2": 0.0030414581298828128, "exp-1": 0.004079866409301758, "exp0": 0.005810546875, "exp+1": 0.00840458869934082, "exp+2": 0.011806373298168183, "obs": 0.0032356882299232215}, "320.0": {"exp-2": 0.033586883544921876, "exp-1": 0.045477634668350225, "exp0": 0.0646484375, "exp+1": 0.09376757144927979, "exp+2": 0.1321238398551941, "obs": 0.030505651859959338}, "400.0": {"exp-2": 0.01143035888671875, "exp-1": 0.015540850162506104, "exp0": 0.022167968750000003, "exp+1": 0.032285472750663756, "exp+2": 0.045697110891342166, "obs": 0.010152421779347165}, "800.0": {"exp-2": 0.0016425609588623048, "exp-1": 0.0022240761667490006, "exp0": 0.0031616210937500003, "exp+1": 0.004566783830523491, "exp+2": 0.006385566294193268, "obs": 0.00268847205011295}, "2000.0": {"exp-2": 0.007609176635742188, "exp-1": 0.01080857813358307, "exp0": 0.015966796875, "exp+1": 0.02385869473218918, "exp+2": 0.03446939885616303, "obs": 0.013944277955842186}, "1200.0": {"exp-2": 0.0020946502685546876, "exp-1": 0.002802172303199768, "exp0": 0.0039428710937500005, "exp+1": 0.005600956827402115, "exp+2": 0.0076785445213317875, "obs": 0.002722732725242458}, "1000.0": {"exp-2": 0.0015369415283203126, "exp-1": 0.002056083083152771, "exp0": 0.0028930664062500003, "exp+1": 0.004126978293061257, "exp+2": 0.005677701532840729, "obs": 0.0016835599619135508}, "1600.0": {"exp-2": 0.0037851333618164062, "exp-1": 0.005280129611492157, "exp0": 0.0076904296875, "exp+1": 0.011215683817863465, "exp+2": 0.015755586326122284, "obs": 0.0053245150504709635}, "1400.0": {"exp-2": 0.0029172897338867188, "exp-1": 0.003950096666812897, "exp0": 0.005615234375, "exp+1": 0.008066125214099884, "exp+2": 0.011162962764501572, "obs": 0.0042537588517131434}, "900.0": {"exp-2": 0.0014664173126220704, "exp-1": 0.0019775088876485825, "exp0": 0.0028015136718750003, "exp+1": 0.004041045531630517, "exp+2": 0.005637189373373985, "obs": 0.0020669879859806987}, "1800.0": {"exp-2": 0.005333328247070313, "exp-1": 0.007506713271141052, "exp0": 0.0110107421875, "exp+1": 0.016277456283569337, "exp+2": 0.023132415115833284, "obs": 0.007742157221960178}, "280.0": {"exp-2": 0.055615234375, "exp-1": 0.074603271484375, "exp0": 0.10625000000000001, "exp+1": 0.15368391275405885, "exp+2": 0.21638429164886475, "obs": 0.057416360307412165}, "450.0": {"exp-2": 0.006861972808837891, "exp-1": 0.009241735935211182, "exp0": 0.0132080078125, "exp+1": 0.019209843873977662, "exp+2": 0.02714936137199402, "obs": 0.007485952438330743}, "550.0": {"exp-2": 0.0037988185882568363, "exp-1": 0.005116266012191773, "exp0": 0.007312011718750001, "exp+1": 0.010620082169771195, "exp+2": 0.01497558653354645, "obs": 0.004137845645418435}, "3000.0": {"exp-2": 0.03624114990234375, "exp-1": 0.052050673961639406, "exp0": 0.079296875, "exp+1": 0.12528662681579592, "exp+2": 0.19565255641937257, "obs": 0.05619631389593527}, "2500.0": {"exp-2": 0.0171661376953125, "exp-1": 0.024461746215820312, "exp0": 0.03662109375, "exp+1": 0.05632748007774353, "exp+2": 0.08470331430435181, "obs": 0.02568644706233976}, "700.0": {"exp-2": 0.0020674705505371095, "exp-1": 0.0027994163334369663, "exp0": 0.0039794921875, "exp+1": 0.005764015018939972, "exp+2": 0.008090896904468537, "obs": 0.0025919442424368914}, "360.0": {"exp-2": 0.018924331665039065, "exp-1": 0.025624105334281923, "exp0": 0.036425781250000004, "exp+1": 0.05297797918319702, "exp+2": 0.07487402558326721, "obs": 0.019618433513128763}, "500.0": {"exp-2": 0.0047818183898925785, "exp-1": 0.006440174579620362, "exp0": 0.0092041015625, "exp+1": 0.013386526703834535, "exp+2": 0.018904981017112733, "obs": 0.004682658615135518}}